predicted_at,domain,entity_id,entity_name,p,model,features_json,thesis,resolves_by,outcome_source,outcome,resolved_at,resolution_note
2026-09-02T12:03:34+00:00,interconnection,CAISO:22|MONTEZUMA (HIGH WINDS III)|SOLANO|Birds Landing 230 kV|2003-11-18 08:00:00,MONTEZUMA (HIGH WINDS III),0.195319,logistic-v1,"{""iso"":""CAISO"",""fuel"":""hybrid_multi"",""mw"":38.0,""queue_year"":2003}",,2028-09-02,"ISO queue terminal status, observed in data/snapshots/",open,,
2026-09-02T12:03:34+00:00,interconnection,CAISO:32|TULE WIND|SAN DIEGO|Boulevard East Substation 138 kV|2004-05-24 07:00:00,TULE WIND,0.145467,logistic-v1,"{""iso"":""CAISO"",""fuel"":""hybrid_multi"",""mw"":193.8,""queue_year"":2004}",,2030-10-31,"ISO queue terminal status, observed in data/snapshots/",open,,
2026-09-02T12:03:34+00:00,interconnection,CAISO:54|MIDWAY PEAKING|FRESNO|Panoche Substation|2005-01-12 08:00:00,MIDWAY PEAKING,0.130928,logistic-v1,"{""iso"":""CAISO"",""fuel"":""hybrid_multi"",""mw"":119.9,""queue_year"":2005}",,2028-09-02,"ISO queue terminal status, observed in data/snapshots/",open,,
2026-09-02T12:03:34+00:00,interconnection,CAISO:61|FRESNO COGENERATION EXPANSION PROJECT|FRESNO|Helm-Kerman 70 kV Line|2005-03-30 08:00:00,FRESNO COGENERATION EXPANSION PROJECT,0.147386,logistic-v1,"{""iso"":""CAISO"",""fuel"":""hybrid_multi"",""mw"":73.27,""queue_year"":2005}",,2028-09-02,"ISO queue terminal status, observed in data/snapshots/",open,,
2026-09-02T12:03:34+00:00,interconnection,CAISO:72|BLUEWATER RENEWABLE ENERGY STORAGE|RIVERSIDE|Proposed Lee Lake Substation 500 kV|2005-06-21 07:00:00,BLUEWATER RENEWABLE ENERGY STORAGE,0.096374,logistic-v1,"{""iso"":""CAISO"",""fuel"":""storage"",""mw"":500.0,""queue_year"":2005}",,2028-12-31,"ISO queue terminal status, observed in data/snapshots/",open,,
2026-09-02T12:03:34+00:00,interconnection,CAISO:81|BOTTLE ROCK POWER|LAKE|Geysers #17-Fulton 230 kV Line|2005-09-13 07:00:00,BOTTLE ROCK POWER,0.159753,logistic-v1,"{""iso"":""CAISO"",""fuel"":""hybrid_multi"",""mw"":52.01,""queue_year"":2005}",,2028-09-02,"ISO queue terminal status, observed in data/snapshots/",open,,
2026-09-02T12:03:34+00:00,interconnection,CAISO:96|CPC WEST|KERN|Tehachapi Conceptual Substation #1|2006-03-01 08:00:00,CPC WEST,0.090619,logistic-v1,"{""iso"":""CAISO"",""fuel"":""hybrid_multi"",""mw"":600.0,""queue_year"":2006}",,2028-09-02,"ISO queue terminal status, observed in data/snapshots/",open,,
2026-09-02T12:03:34+00:00,interconnection,CAISO:100|WINDSTAR I ALTERNATE|KERN|Vincent Substation 230kV|2006-04-05 07:00:00,WINDSTAR I ALTERNATE,0.135438,logistic-v1,"{""iso"":""CAISO"",""fuel"":""hybrid_multi"",""mw"":120.0,""queue_year"":2006}",,2030-10-15,"ISO queue terminal status, observed in data/snapshots/",open,,
2026-09-02T12:03:34+00:00,interconnection,CAISO:124|SILVER RIDGE MOUNT SIGNAL|IMPERIAL|Imperial Valley Substation 230 kV|2006-08-22 07:00:00,SILVER RIDGE MOUNT SIGNAL,0.245432,logistic-v1,"{""iso"":""CAISO"",""fuel"":""solar_storage"",""mw"":600.0,""queue_year"":2006}",,2028-09-02,"ISO queue terminal status, observed in data/snapshots/",open,,
2026-09-02T12:03:34+00:00,interconnection,CAISO:138|SANDSTORM WIND POWER |RIVERSIDE|Devers Substation 220 kV |2006-10-23 07:00:00,SANDSTORM WIND POWER ,0.128284,logistic-v1,"{""iso"":""CAISO"",""fuel"":""hybrid_multi"",""mw"":150.0,""queue_year"":2006}",,2030-02-01,"ISO queue terminal status, observed in data/snapshots/",open,,
2026-09-02T12:03:34+00:00,interconnection,CAISO:222|MONTEZUMA II|SOLANO|Birds Landing 230 kV|2007-05-23 07:00:00,MONTEZUMA II,0.126716,logistic-v1,"{""iso"":""CAISO"",""fuel"":""hybrid_multi"",""mw"":78.0,""queue_year"":2007}",,2028-09-02,"ISO queue terminal status, observed in data/snapshots/",open,,
2026-09-02T12:03:34+00:00,interconnection,CAISO:268|TRACY COMBINED-CYCLE POWER PLANT|SAN JOAQUIN|Tesla-Manteca 115kV line via Schulte Switchyard|2007-10-24 07:00:00,TRACY COMBINED-CYCLE POWER PLANT,0.108742,logistic-v1,"{""iso"":""CAISO"",""fuel"":""hybrid_multi"",""mw"":145.0,""queue_year"":2007}",,2028-09-02,"ISO queue terminal status, observed in data/snapshots/",open,,
2026-09-02T12:03:34+00:00,interconnection,CAISO:272|AMERICAN KINGS SOLAR|KINGS|Henrietta 70 kV|2007-11-01 07:00:00,AMERICAN KINGS SOLAR,0.282022,logistic-v1,"{""iso"":""CAISO"",""fuel"":""solar_storage"",""mw"":123.0,""queue_year"":2007}",,2028-09-02,"ISO queue terminal status, observed in data/snapshots/",open,,
2026-09-02T12:03:34+00:00,interconnection,CAISO:297|ALTA VISTA SUNTOWER GENERATING STATION|LOS ANGELES|Neenach-Bailey 66kV line|2008-01-18 08:00:00,ALTA VISTA SUNTOWER GENERATING STATION,0.136520,logistic-v1,"{""iso"":""CAISO"",""fuel"":""hybrid_multi"",""mw"":66.0,""queue_year"":2008}",,2028-09-02,"ISO queue terminal status, observed in data/snapshots/",open,,
2026-09-02T12:03:34+00:00,interconnection,CAISO:356|CUYAMA SOLAR|SAN LUIS OBISPO|Taft-Cuyama #1 70kV line|2008-04-28 07:00:00,CUYAMA SOLAR,0.331612,logistic-v1,"{""iso"":""CAISO"",""fuel"":""solar_storage"",""mw"":40.0,""queue_year"":2008}",,2028-09-02,"ISO queue terminal status, observed in data/snapshots/",open,,
2026-09-02T12:03:34+00:00,interconnection,CAISO:378|LOS ESTEROS CRITICAL ENERGY FACILITY EXPANSION|SANTA CLARA|Los Esteros 115 kV|2008-05-28 07:00:00,LOS ESTEROS CRITICAL ENERGY FACILITY EXPANSION,0.106266,logistic-v1,"{""iso"":""CAISO"",""fuel"":""hybrid_multi"",""mw"":120.0,""queue_year"":2008}",,2028-09-02,"ISO queue terminal status, observed in data/snapshots/",open,,
2026-09-02T12:03:34+00:00,interconnection,CAISO:493|OCOTILLO EXPRESS|IMPERIAL|Ocotillo Switchyard 500 kV |2009-07-31 07:00:00,OCOTILLO EXPRESS,0.095084,logistic-v1,"{""iso"":""CAISO"",""fuel"":""hybrid_multi"",""mw"":265.44,""queue_year"":2009}",,2030-05-31,"ISO queue terminal status, observed in data/snapshots/",open,,
2026-09-02T12:03:34+00:00,interconnection,CAISO:506|ROSAMOND WEST SOLAR|KERN|Whirlwind Substation 230kV|2009-07-31 07:00:00,ROSAMOND WEST SOLAR,0.227252,logistic-v1,"{""iso"":""CAISO"",""fuel"":""solar_storage"",""mw"":299.6,""queue_year"":2009}",,2029-03-31,"ISO queue terminal status, observed in data/snapshots/",open,,
2026-09-02T12:03:34+00:00,interconnection,CAISO:539|CROW CREEK SOLAR 1 (FKA: FRONTIER SOLAR 1) (FKA AS SCATEC WESTSIDE SOLAR RANCH I AND STANISLAUS PV - PHASE 1)|STANISLAUS|Salado-Newman #1 60kV Line|2009-12-18 08:00:00,CROW CREEK SOLAR 1 (FKA: FRONTIER SOLAR 1) (FKA AS SCATEC WESTSIDE SOLAR RANCH I,0.356433,logistic-v1,"{""iso"":""CAISO"",""fuel"":""solar_storage"",""mw"":20.0,""queue_year"":2009}",,2028-09-02,"ISO queue terminal status, observed in data/snapshots/",open,,
2026-09-02T12:03:34+00:00,interconnection,CAISO:606|TRACY - ADDITIONAL CAPACITY|SAN JOAQUIN|Schulte Switching Station 115kV bus|2010-02-01 08:00:00,TRACY - ADDITIONAL CAPACITY,0.281566,logistic-v1,"{""iso"":""CAISO"",""fuel"":""gas"",""mw"":20.0,""queue_year"":2010}",,2028-09-02,"ISO queue terminal status, observed in data/snapshots/",open,,
2026-09-02T12:03:34+00:00,interconnection,CAISO:625|KETTLEMAN SOLAR PROJECT (FKA KETTLEMAN SOLAR FARM)|KINGS|Henrietta-Tulare Lake 70 kV|2010-05-14 07:00:00,KETTLEMAN SOLAR PROJECT (FKA KETTLEMAN SOLAR FARM),0.338565,logistic-v1,"{""iso"":""CAISO"",""fuel"":""solar_storage"",""mw"":20.0,""queue_year"":2010}",,2028-09-02,"ISO queue terminal status, observed in data/snapshots/",open,,
2026-09-02T12:03:34+00:00,interconnection,CAISO:643R|NORTH ROSAMOND SOLAR|KERN|Whirlwind Sub 230 kV Bus|2010-07-31 07:00:00,NORTH ROSAMOND SOLAR,0.247138,logistic-v1,"{""iso"":""CAISO"",""fuel"":""solar_storage"",""mw"":153.0,""queue_year"":2010}",,2028-09-02,"ISO queue terminal status, observed in data/snapshots/",open,,
2026-09-02T12:03:34+00:00,interconnection,CAISO:653B|PUMPJACK SOLAR I (AKA PIONEER SOLAR I)|KERN|Belridge - Temblor 115 kV|2010-09-29 07:00:00,PUMPJACK SOLAR I (AKA PIONEER SOLAR I),0.338565,logistic-v1,"{""iso"":""CAISO"",""fuel"":""solar_storage"",""mw"":20.0,""queue_year"":2010}",,2028-09-02,"ISO queue terminal status, observed in data/snapshots/",open,,
2026-09-02T12:03:34+00:00,interconnection,CAISO:678|EXCELSIOR SOLAR (FKA: BURFORD FIVE POINTS)|FRESNO|Panoche-Schindler #1 and #2 115 kV Line|2011-03-31 07:00:00,EXCELSIOR SOLAR (FKA: BURFORD FIVE POINTS),0.259323,logistic-v1,"{""iso"":""CAISO"",""fuel"":""solar_storage"",""mw"":60.0,""queue_year"":2011}",,2028-09-02,"ISO queue terminal status, observed in data/snapshots/",open,,
2026-09-02T12:03:34+00:00,interconnection,CAISO:720|LASSEN LODGE HYDROELECTRIC|TEHAMA|Vota-South 60 kV|2011-03-31 07:00:00,LASSEN LODGE HYDROELECTRIC,0.534106,logistic-v1,"{""iso"":""CAISO"",""fuel"":""hydro"",""mw"":4.5,""queue_year"":2011}",,2028-09-02,"ISO queue terminal status, observed in data/snapshots/",open,,
2026-09-02T12:03:34+00:00,interconnection,CAISO:744|REDWOOD SOLAR FARM|KERN|Lamont 115 KV|2011-03-31 07:00:00,REDWOOD SOLAR FARM,0.118507,logistic-v1,"{""iso"":""CAISO"",""fuel"":""solar"",""mw"":90.0,""queue_year"":2011}",,2028-09-02,"ISO queue terminal status, observed in data/snapshots/",open,,
2026-09-02T12:03:34+00:00,interconnection,CAISO:768|BIG SKY SOLAR|LOS ANGELES|Antelope Substation 230kV bus|2011-03-31 07:00:00,BIG SKY SOLAR,0.197807,logistic-v1,"{""iso"":""CAISO"",""fuel"":""solar_storage"",""mw"":320.0,""queue_year"":2011}",,2029-01-01,"ISO queue terminal status, observed in data/snapshots/",open,,
2026-09-02T12:03:34+00:00,interconnection,CAISO:779|WRIGHT SOLAR|MERCED|Los Banos-Panoche #1 230kV Line|2011-03-31 07:00:00,WRIGHT SOLAR,0.200039,logistic-v1,"{""iso"":""CAISO"",""fuel"":""solar_storage"",""mw"":200.0,""queue_year"":2011}",,2028-09-02,"ISO queue terminal status, observed in data/snapshots/",open,,
2026-09-02T12:03:34+00:00,interconnection,CAISO:900|RIO BRAVO SOLAR 1|KERN|Midway Temblor 115 kV line|2012-04-02 07:00:00,RIO BRAVO SOLAR 1,0.304210,logistic-v1,"{""iso"":""CAISO"",""fuel"":""solar_storage"",""mw"":20.0,""queue_year"":2012}",,2028-09-02,"ISO queue terminal status, observed in data/snapshots/",open,,
2026-09-02T12:03:34+00:00,interconnection,CAISO:972|RIO BRAVO SOLAR 2|KERN|Midway-Temblor 115kV line|2013-04-30 07:00:00,RIO BRAVO SOLAR 2,0.287789,logistic-v1,"{""iso"":""CAISO"",""fuel"":""solar_storage"",""mw"":20.0,""queue_year"":2013}",,2028-09-02,"ISO queue terminal status, observed in data/snapshots/",open,,
2026-09-02T12:03:34+00:00,interconnection,CAISO:993|SUNSHINE VALLEY SOLAR 1|NYE|Valley Substation 138 kV|2013-04-30 07:00:00,SUNSHINE VALLEY SOLAR 1,0.273170,logistic-v1,"{""iso"":""CAISO"",""fuel"":""solar_storage"",""mw"":50.0,""queue_year"":2013}",,2028-09-02,"ISO queue terminal status, observed in data/snapshots/",open,,
2026-09-02T12:03:34+00:00,interconnection,CAISO:1002|LASSEN LODGE HYDROELECTRIC 2|TEHAMA|Volta-South 60 kV Line|2013-04-30 07:00:00,LASSEN LODGE HYDROELECTRIC 2,0.585580,logistic-v1,"{""iso"":""CAISO"",""fuel"":""hydro"",""mw"":0.5,""queue_year"":2013}",,2028-09-02,"ISO queue terminal status, observed in data/snapshots/",open,,
2026-09-02T12:03:34+00:00,interconnection,CAISO:1028|LITTLE BEAR SOLAR 1|FRESNO|Mendota Substation 115 kV|2014-04-30 07:00:00,LITTLE BEAR SOLAR 1,0.271908,logistic-v1,"{""iso"":""CAISO"",""fuel"":""solar_storage"",""mw"":20.0,""queue_year"":2014}",,2029-02-01,"ISO queue terminal status, observed in data/snapshots/",open,,
2026-09-02T12:03:34+00:00,interconnection,CAISO:1029|LITTLE BEAR SOLAR 2|FRESNO|Mendota Substation 115 kV|2014-04-30 07:00:00,LITTLE BEAR SOLAR 2,0.271908,logistic-v1,"{""iso"":""CAISO"",""fuel"":""solar_storage"",""mw"":20.0,""queue_year"":2014}",,2029-02-01,"ISO queue terminal status, observed in data/snapshots/",open,,
2026-09-02T12:03:34+00:00,interconnection,CAISO:1048|ESCONDIDO ENERGY CENTER 2|SAN DIEGO|Escondido Substation 69 kV|2014-04-30 07:00:00,ESCONDIDO ENERGY CENTER 2,0.100814,logistic-v1,"{""iso"":""CAISO"",""fuel"":""storage"",""mw"":33.0,""queue_year"":2014}",,2030-06-01,"ISO queue terminal status, observed in data/snapshots/",open,,
2026-09-02T12:03:34+00:00,interconnection,CAISO:1062|WHITE WING RANCH SOLAR|YUMA|Hoodoo Wash Switchyard 500 kV|2014-04-30 07:00:00,WHITE WING RANCH SOLAR,0.190848,logistic-v1,"{""iso"":""CAISO"",""fuel"":""solar_storage"",""mw"":200.0,""queue_year"":2014}",,2028-09-02,"ISO queue terminal status, observed in data/snapshots/",open,,
2026-09-02T12:03:34+00:00,interconnection,CAISO:1064|ARES NEVADA |NYE|Gamebird Substation 230 kV|2014-04-30 07:00:00,ARES NEVADA ,0.093865,logistic-v1,"{""iso"":""CAISO"",""fuel"":""storage"",""mw"":44.0,""queue_year"":2014}",,2028-09-02,"ISO queue terminal status, observed in data/snapshots/",open,,
2026-09-02T12:03:34+00:00,interconnection,CAISO:1074|GASKELL WEST|KERN|Whirlwind Substation 220 kV|2014-04-30 07:00:00,GASKELL WEST,0.202206,logistic-v1,"{""iso"":""CAISO"",""fuel"":""solar_storage"",""mw"":125.0,""queue_year"":2014}",,2028-09-02,"ISO queue terminal status, observed in data/snapshots/",open,,
2026-09-02T12:03:34+00:00,interconnection,CAISO:1096|ALTAMONT MIDWAY LTD|ALAMEDA|Altamont Midway 230 kV |2015-04-13 07:00:00,ALTAMONT MIDWAY LTD,0.136460,logistic-v1,"{""iso"":""CAISO"",""fuel"":""wind"",""mw"":5.0,""queue_year"":2015}",,2028-09-02,"ISO queue terminal status, observed in data/snapshots/",open,,
2026-09-02T12:03:34+00:00,interconnection,CAISO:1127|LITTLE BEAR 3|FRESNO|Mendota Substation 115kV|2015-04-30 07:00:00,LITTLE BEAR 3,0.256588,logistic-v1,"{""iso"":""CAISO"",""fuel"":""solar_storage"",""mw"":20.0,""queue_year"":2015}",,2029-02-02,"ISO queue terminal status, observed in data/snapshots/",open,,
2026-09-02T12:03:34+00:00,interconnection,CAISO:1128|LITTLE BEAR 4|FRESNO|Mendota Substation 115kV|2015-04-30 07:00:00,LITTLE BEAR 4,0.181372,logistic-v1,"{""iso"":""CAISO"",""fuel"":""solar_storage"",""mw"":100.0,""queue_year"":2015}",,2029-02-02,"ISO queue terminal status, observed in data/snapshots/",open,,
2026-09-02T12:03:34+00:00,interconnection,CAISO:1129|LUNA VALLEY SOLAR|FRESNO|Tranquility 230 kV|2015-04-30 07:00:00,LUNA VALLEY SOLAR,0.154294,logistic-v1,"{""iso"":""CAISO"",""fuel"":""solar_storage"",""mw"":200.0,""queue_year"":2015}",,2028-12-29,"ISO queue terminal status, observed in data/snapshots/",open,,
2026-09-02T12:03:34+00:00,interconnection,CAISO:1135|SCARLET|FRESNO|Tranquility 230 kV|2015-04-30 07:00:00,SCARLET,0.130533,logistic-v1,"{""iso"":""CAISO"",""fuel"":""solar_storage"",""mw"":400.0,""queue_year"":2015}",,2028-09-02,"ISO queue terminal status, observed in data/snapshots/",open,,
2026-09-02T12:03:34+00:00,interconnection,CAISO:1169|FALLBROOK ENERGY STORAGE|SAN DIEGO|Avocado Substation 69 kV|2015-04-30 07:00:00,FALLBROOK ENERGY STORAGE,0.077754,logistic-v1,"{""iso"":""CAISO"",""fuel"":""storage"",""mw"":69.6,""queue_year"":2015}",,2028-09-02,"ISO queue terminal status, observed in data/snapshots/",open,,
2026-09-02T12:03:34+00:00,interconnection,CAISO:1175|LECONTE ENERGY STORAGE|IMPERIAL|Imperial Valley Substation 230 kV|2015-04-30 07:00:00,LECONTE ENERGY STORAGE,0.066810,logistic-v1,"{""iso"":""CAISO"",""fuel"":""storage"",""mw"":125.0,""queue_year"":2015}",,2032-06-01,"ISO queue terminal status, observed in data/snapshots/",open,,
2026-09-02T12:03:34+00:00,interconnection,CAISO:1204|ARATINA SOLAR CENTER 1|SAN BERNARDINO|Kramer Substation 230kV|2015-04-30 07:00:00,ARATINA SOLAR CENTER 1,0.170344,logistic-v1,"{""iso"":""CAISO"",""fuel"":""solar_storage"",""mw"":200.0,""queue_year"":2015}",,2028-09-02,"ISO queue terminal status, observed in data/snapshots/",open,,
2026-09-02T12:03:34+00:00,interconnection,CAISO:1207|SIENNA SOLAR FARM|SAN BERNARDINO|Calcite Substation 230kV|2015-04-30 07:00:00,SIENNA SOLAR FARM,0.170344,logistic-v1,"{""iso"":""CAISO"",""fuel"":""solar_storage"",""mw"":200.0,""queue_year"":2015}",,2028-09-02,"ISO queue terminal status, observed in data/snapshots/",open,,
2026-09-02T12:03:34+00:00,interconnection,CAISO:1208|ANTELOPE SOLAR 2|LOS ANGELES|Antelope Substation 220kV|2015-04-30 07:00:00,ANTELOPE SOLAR 2,0.128432,logistic-v1,"{""iso"":""CAISO"",""fuel"":""solar_storage"",""mw"":650.0,""queue_year"":2015}",,2028-09-02,"ISO queue terminal status, observed in data/snapshots/",open,,
2026-09-02T12:03:34+00:00,interconnection,CAISO:1212|GOLDEN FIELDS SOLAR|KERN|Whirlwind Substation 220kV |2015-04-30 07:00:00,GOLDEN FIELDS SOLAR,0.068440,logistic-v1,"{""iso"":""CAISO"",""fuel"":""storage"",""mw"":92.0,""queue_year"":2015}",,2028-09-02,"ISO queue terminal status, observed in data/snapshots/",open,,
2026-09-02T12:03:34+00:00,interconnection,CAISO:1222|AGUA CALIENTE SOLAR 2|MARICOPA|Hoodoo Wash Switchyard 500 kV|2016-03-08 08:00:00,AGUA CALIENTE SOLAR 2,0.140775,logistic-v1,"{""iso"":""CAISO"",""fuel"":""solar"",""mw"":20.0,""queue_year"":2016}",,2028-09-02,"ISO queue terminal status, observed in data/snapshots/",open,,
2026-09-02T12:03:34+00:00,interconnection,CAISO:1223|DAYLIGHT|KINGS|Mustang 230 kV|2016-05-02 07:00:00,DAYLIGHT,0.130777,logistic-v1,"{""iso"":""CAISO"",""fuel"":""solar_storage"",""mw"":300.0,""queue_year"":2016}",,2028-09-02,"ISO queue terminal status, observed in data/snapshots/",open,,
2026-09-02T12:03:34+00:00,interconnection,CAISO:1242|PLUOT|KINGS|Gates 230 kV|2016-05-02 07:00:00,PLUOT,0.137199,logistic-v1,"{""iso"":""CAISO"",""fuel"":""solar_storage"",""mw"":246.4,""queue_year"":2016}",,2028-09-02,"ISO queue terminal status, observed in data/snapshots/",open,,
2026-09-02T12:03:34+00:00,interconnection,CAISO:1243|POMEGRANATE|KINGS|Gates 230 kV|2016-05-02 07:00:00,POMEGRANATE,0.136756,logistic-v1,"{""iso"":""CAISO"",""fuel"":""solar_storage"",""mw"":249.7,""queue_year"":2016}",,2028-09-02,"ISO queue terminal status, observed in data/snapshots/",open,,
2026-09-02T12:03:34+00:00,interconnection,CAISO:1260|KYAN SOLAR|KERN|Midway-Wheeler Ridge #2 230 kV Line|2016-05-02 07:00:00,KYAN SOLAR,0.080902,logistic-v1,"{""iso"":""CAISO"",""fuel"":""solar"",""mw"":100.0,""queue_year"":2016}",,2028-09-02,"ISO queue terminal status, observed in data/snapshots/",open,,
2026-09-02T12:03:34+00:00,interconnection,CAISO:1270|CORBY|SOLANO|Vaca-Dixon 230 kV|2016-05-02 07:00:00,CORBY,0.041513,logistic-v1,"{""iso"":""CAISO"",""fuel"":""storage"",""mw"":300.0,""queue_year"":2016}",,2028-09-02,"ISO queue terminal status, observed in data/snapshots/",open,,
2026-09-02T12:03:34+00:00,interconnection,CAISO:1277|MULQUEENEY RANCH WIND|ALAMEDA|Tesla 230 kV|2016-05-02 07:00:00,MULQUEENEY RANCH WIND,0.093011,logistic-v1,"{""iso"":""CAISO"",""fuel"":""wind"",""mw"":20.0,""queue_year"":2016}",,2028-09-02,"ISO queue terminal status, observed in data/snapshots/",open,,
2026-09-02T12:03:34+00:00,interconnection,CAISO:1314|DAGGETT SOLAR 3|SAN BERNARDINO|Kramer Substation 230kV|2016-05-02 07:00:00,DAGGETT SOLAR 3,0.144800,logistic-v1,"{""iso"":""CAISO"",""fuel"":""solar_storage"",""mw"":300.0,""queue_year"":2016}",,2028-09-02,"ISO queue terminal status, observed in data/snapshots/",open,,
2026-09-02T12:03:34+00:00,interconnection,CAISO:1322|SOLAR STAR 3|KERN|Whirlwind Substation 230kV|2016-05-02 07:00:00,SOLAR STAR 3,0.254703,logistic-v1,"{""iso"":""CAISO"",""fuel"":""solar_storage"",""mw"":24.0,""queue_year"":2016}",,2028-09-02,"ISO queue terminal status, observed in data/snapshots/",open,,
2026-09-02T12:03:34+00:00,interconnection,CAISO:1323|SOLAR STAR 4|KERN|Whirlwind Substation 230kV|2016-05-02 07:00:00,SOLAR STAR 4,0.254703,logistic-v1,"{""iso"":""CAISO"",""fuel"":""solar_storage"",""mw"":24.0,""queue_year"":2016}",,2028-09-02,"ISO queue terminal status, observed in data/snapshots/",open,,
2026-09-02T12:03:34+00:00,interconnection,CAISO:1339|TAHOE|CLARK|SCE owned Eldorado Bus 230kV|2016-05-02 07:00:00,TAHOE,0.046476,logistic-v1,"{""iso"":""CAISO"",""fuel"":""storage"",""mw"":300.0,""queue_year"":2016}",,2028-09-02,"ISO queue terminal status, observed in data/snapshots/",open,,
2026-09-02T12:03:34+00:00,interconnection,CAISO:1347|ROCCASECCA BESS|CLARK|Sloan Canyon Switching Station 230kV|2016-05-02 07:00:00,ROCCASECCA BESS,0.061855,logistic-v1,"{""iso"":""CAISO"",""fuel"":""storage"",""mw"":126.5934,""queue_year"":2016}",,2028-09-02,"ISO queue terminal status, observed in data/snapshots/",open,,
2026-09-02T12:03:34+00:00,interconnection,CAISO:1349|ARAMIS POWER PLANT|ALAMEDA|Cayetano 230 kV|2017-05-01 07:00:00,ARAMIS POWER PLANT,0.159131,logistic-v1,"{""iso"":""CAISO"",""fuel"":""solar_storage"",""mw"":100.0,""queue_year"":2017}",,2028-09-02,"ISO queue terminal status, observed in data/snapshots/",open,,
2026-09-02T12:03:34+00:00,interconnection,CAISO:1363|SAND HILL C|ALAMEDA|Delta Switching Yard-Tesla 230 kV Line|2017-05-01 07:00:00,SAND HILL C,0.060653,logistic-v1,"{""iso"":""CAISO"",""fuel"":""wind"",""mw"":80.8,""queue_year"":2017}",,2028-09-02,"ISO queue terminal status, observed in data/snapshots/",open,,
2026-09-02T12:03:34+00:00,interconnection,CAISO:1378|GONZAGA WIND FARM|MERCED|Los Banos 70 kV|2017-05-01 07:00:00,GONZAGA WIND FARM,0.061558,logistic-v1,"{""iso"":""CAISO"",""fuel"":""wind"",""mw"":76.35,""queue_year"":2017}",,2028-09-02,"ISO queue terminal status, observed in data/snapshots/",open,,
2026-09-02T12:03:34+00:00,interconnection,CAISO:1379|HEARTLAND 1|FRESNO|Tranquility 230 kV|2017-05-01 07:00:00,HEARTLAND 1,0.144523,logistic-v1,"{""iso"":""CAISO"",""fuel"":""solar_storage"",""mw"":150.0,""queue_year"":2017}",,2028-09-02,"ISO queue terminal status, observed in data/snapshots/",open,,
2026-09-02T12:03:34+00:00,interconnection,CAISO:1380|HEARTLAND 2|FRESNO|Tranquility 230 kV|2017-05-01 07:00:00,HEARTLAND 2,0.144523,logistic-v1,"{""iso"":""CAISO"",""fuel"":""solar_storage"",""mw"":150.0,""queue_year"":2017}",,2028-09-02,"ISO queue terminal status, observed in data/snapshots/",open,,
2026-09-02T12:03:34+00:00,interconnection,CAISO:1382|LAS CAMAS 1|MERCED|Los Banos 230 kV|2017-05-01 07:00:00,LAS CAMAS 1,0.159131,logistic-v1,"{""iso"":""CAISO"",""fuel"":""solar_storage"",""mw"":100.0,""queue_year"":2017}",,2028-09-02,"ISO queue terminal status, observed in data/snapshots/",open,,
2026-09-02T12:03:34+00:00,interconnection,CAISO:1389|REDUX SOLAR|FRESNO|Gates 230 kV|2017-05-01 07:00:00,REDUX SOLAR,0.150955,logistic-v1,"{""iso"":""CAISO"",""fuel"":""solar_storage"",""mw"":125.0,""queue_year"":2017}",,2028-09-02,"ISO queue terminal status, observed in data/snapshots/",open,,
2026-09-02T12:03:34+00:00,interconnection,CAISO:1391|SONRISA|FRESNO|Tranquility 230 kV|2017-05-01 07:00:00,SONRISA,0.134826,logistic-v1,"{""iso"":""CAISO"",""fuel"":""solar_storage"",""mw"":200.0,""queue_year"":2017}",,2028-09-02,"ISO queue terminal status, observed in data/snapshots/",open,,
2026-09-02T12:03:34+00:00,interconnection,CAISO:1402|ATLAS COMPLEX|LA PAZ|Delaney-Colorado River 500 kV Line|2017-05-01 07:00:00,ATLAS COMPLEX,0.078551,logistic-v1,"{""iso"":""CAISO"",""fuel"":""solar_storage"",""mw"":3200.0,""queue_year"":2017}",,2028-09-02,"ISO queue terminal status, observed in data/snapshots/",open,,
2026-09-02T12:03:34+00:00,interconnection,CAISO:1405|ATHOS POWER PLANT|RIVERSIDE|Red Bluff Substation 230kV|2017-05-01 07:00:00,ATHOS POWER PLANT,0.122504,logistic-v1,"{""iso"":""CAISO"",""fuel"":""solar_storage"",""mw"":450.0,""queue_year"":2017}",,2028-09-02,"ISO queue terminal status, observed in data/snapshots/",open,,
2026-09-02T12:03:34+00:00,interconnection,CAISO:1413|BALDY MESA|SAN BERNARDINO|Roadway Substation 115kV bus|2017-05-01 07:00:00,BALDY MESA,0.175580,logistic-v1,"{""iso"":""CAISO"",""fuel"":""solar_storage"",""mw"":100.0,""queue_year"":2017}",,2031-06-30,"ISO queue terminal status, observed in data/snapshots/",open,,
2026-09-02T12:03:34+00:00,interconnection,CAISO:1419|CAMINO SOLAR|KERN|Whirlwind Substation 230kV|2017-05-01 07:00:00,CAMINO SOLAR,0.201576,logistic-v1,"{""iso"":""CAISO"",""fuel"":""solar_storage"",""mw"":54.28,""queue_year"":2017}",,2028-09-02,"ISO queue terminal status, observed in data/snapshots/",open,,
2026-09-02T12:03:34+00:00,interconnection,CAISO:1432|STARLIGHT SOLAR|SAN DIEGO|Boulevard East Substation 69 kV|2017-05-01 07:00:00,STARLIGHT SOLAR,0.260490,logistic-v1,"{""iso"":""CAISO"",""fuel"":""solar_storage"",""mw"":20.0,""queue_year"":2017}",,2028-09-02,"ISO queue terminal status, observed in data/snapshots/",open,,
2026-09-02T12:03:34+00:00,interconnection,CAISO:1435|IRONWOOD SOLAR|YUMA|Hoodoo Wash Switchyard 500 kV|2017-05-01 07:00:00,IRONWOOD SOLAR,0.148848,logistic-v1,"{""iso"":""CAISO"",""fuel"":""solar_storage"",""mw"":250.0,""queue_year"":2017}",,2030-06-30,"ISO queue terminal status, observed in data/snapshots/",open,,
2026-09-02T12:03:34+00:00,interconnection,CAISO:1442|AJO POWER BANK|SANTA CLARA|Llagas-Gilroy Foods 115 kV line|2018-04-16 07:00:00,AJO POWER BANK,0.045662,logistic-v1,"{""iso"":""CAISO"",""fuel"":""storage"",""mw"":120.0,""queue_year"":2018}",,2028-09-02,"ISO queue terminal status, observed in data/snapshots/",open,,
2026-09-02T12:03:34+00:00,interconnection,CAISO:1444|SALOON ENERGY STORAGE|COLUSA|Cortina 115 kV|2018-04-16 07:00:00,SALOON ENERGY STORAGE,0.043014,logistic-v1,"{""iso"":""CAISO"",""fuel"":""storage"",""mw"":150.0,""queue_year"":2018}",,2028-09-02,"ISO queue terminal status, observed in data/snapshots/",open,,
2026-09-02T12:03:34+00:00,interconnection,CAISO:1455|JANUS|COLUSA|Cortina 60 kV|2018-04-16 07:00:00,JANUS,0.156931,logistic-v1,"{""iso"":""CAISO"",""fuel"":""solar_storage"",""mw"":80.0,""queue_year"":2018}",,2028-09-02,"ISO queue terminal status, observed in data/snapshots/",open,,
2026-09-02T12:03:34+00:00,interconnection,CAISO:1456|LAS CAMAS 3|MERCED|Los Banos 230 kV|2018-04-16 07:00:00,LAS CAMAS 3,0.148866,logistic-v1,"{""iso"":""CAISO"",""fuel"":""solar_storage"",""mw"":100.0,""queue_year"":2018}",,2028-09-02,"ISO queue terminal status, observed in data/snapshots/",open,,
2026-09-02T12:03:34+00:00,interconnection,CAISO:1457|MILPA POWER BANK|SANTA CLARA|Los Esteros 115 kV|2018-04-16 07:00:00,MILPA POWER BANK,0.111310,logistic-v1,"{""iso"":""CAISO"",""fuel"":""storage"",""mw"":3.0,""queue_year"":2018}",,2028-09-02,"ISO queue terminal status, observed in data/snapshots/",open,,
2026-09-02T12:03:34+00:00,interconnection,CAISO:1459|MULQUEENEY RANCH WIND 2|ALAMEDA|Tesla 230 kV|2018-04-16 07:00:00,MULQUEENEY RANCH WIND 2,0.060881,logistic-v1,"{""iso"":""CAISO"",""fuel"":""wind"",""mw"":60.0,""queue_year"":2018}",,2028-09-02,"ISO queue terminal status, observed in data/snapshots/",open,,
2026-09-02T12:03:34+00:00,interconnection,CAISO:1461|RECLAIMED WIND|ALAMEDA|Kelso-Tesla Tap 230 kV|2018-04-16 07:00:00,RECLAIMED WIND,0.049196,logistic-v1,"{""iso"":""CAISO"",""fuel"":""storage"",""mw"":90.7,""queue_year"":2018}",,2028-09-02,"ISO queue terminal status, observed in data/snapshots/",open,,
2026-09-02T12:03:34+00:00,interconnection,CAISO:1463|SOLANO 4 WIND|SOLANO|Birds Landing 230 kV|2018-04-16 07:00:00,SOLANO 4 WIND,0.054609,logistic-v1,"{""iso"":""CAISO"",""fuel"":""wind"",""mw"":90.8,""queue_year"":2018}",,2028-09-02,"ISO queue terminal status, observed in data/snapshots/",open,,
2026-09-02T12:03:34+00:00,interconnection,CAISO:1479|KEY STORAGE 1|FRESNO|Gates 500 kV|2018-04-16 07:00:00,KEY STORAGE 1,0.035672,logistic-v1,"{""iso"":""CAISO"",""fuel"":""storage"",""mw"":300.1,""queue_year"":2018}",,2028-09-02,"ISO queue terminal status, observed in data/snapshots/",open,,
2026-09-02T12:03:34+00:00,interconnection,CAISO:1495|CHALAN SOLAR|KERN|Arco 230 kV|2018-04-16 07:00:00,CHALAN SOLAR,0.164790,logistic-v1,"{""iso"":""CAISO"",""fuel"":""solar_storage"",""mw"":64.9,""queue_year"":2018}",,2028-09-02,"ISO queue terminal status, observed in data/snapshots/",open,,
2026-09-02T12:03:34+00:00,interconnection,CAISO:1499|JASMINE|KERN|Lakeview 70 kV|2018-04-16 07:00:00,JASMINE,0.161915,logistic-v1,"{""iso"":""CAISO"",""fuel"":""solar_storage"",""mw"":70.0,""queue_year"":2018}",,2028-09-02,"ISO queue terminal status, observed in data/snapshots/",open,,
2026-09-02T12:03:34+00:00,interconnection,CAISO:1507|PROSPECT ENERGY STORAGE|SACRAMENTO|Gold Hill 60 kV|2018-04-16 07:00:00,PROSPECT ENERGY STORAGE,0.057576,logistic-v1,"{""iso"":""CAISO"",""fuel"":""storage"",""mw"":49.9,""queue_year"":2018}",,2028-09-02,"ISO queue terminal status, observed in data/snapshots/",open,,
2026-09-02T12:03:34+00:00,interconnection,CAISO:1510|BELLEFIELD SOLAR FARM|KERN|Windhub Substation 230kV|2018-04-16 07:00:00,BELLEFIELD SOLAR FARM,0.111311,logistic-v1,"{""iso"":""CAISO"",""fuel"":""solar_storage"",""mw"":500.0,""queue_year"":2018}",,2028-09-02,"ISO queue terminal status, observed in data/snapshots/",open,,
2026-09-02T12:03:34+00:00,interconnection,CAISO:1518|SANBORN SOLAR 2|KERN|Windhub Substation 230kV|2018-04-16 07:00:00,SANBORN SOLAR 2,0.111311,logistic-v1,"{""iso"":""CAISO"",""fuel"":""solar_storage"",""mw"":500.0,""queue_year"":2018}",,2028-09-02,"ISO queue terminal status, observed in data/snapshots/",open,,
2026-09-02T12:03:34+00:00,interconnection,CAISO:1519|BALDY MESA 2|SAN BERNARDINO|Roadway Substation 115kV|2018-04-16 07:00:00,BALDY MESA 2,0.164461,logistic-v1,"{""iso"":""CAISO"",""fuel"":""solar_storage"",""mw"":100.0,""queue_year"":2018}",,2028-09-02,"ISO queue terminal status, observed in data/snapshots/",open,,
2026-09-02T12:03:34+00:00,interconnection,CAISO:1522|ARIDA SOLAR FARM|CLARK|Mohave Substation 500kV|2018-04-16 07:00:00,ARIDA SOLAR FARM,0.119979,logistic-v1,"{""iso"":""CAISO"",""fuel"":""solar_storage"",""mw"":370.0,""queue_year"":2018}",,2028-09-02,"ISO queue terminal status, observed in data/snapshots/",open,,
2026-09-02T12:03:34+00:00,interconnection,CAISO:1532|KETTLE SOLAR ONE|SAN DIEGO|Carrizo Gorge Switchyard 138 kV|2018-04-16 07:00:00,KETTLE SOLAR ONE,0.177101,logistic-v1,"{""iso"":""CAISO"",""fuel"":""solar_storage"",""mw"":90.0,""queue_year"":2018}",,2028-09-02,"ISO queue terminal status, observed in data/snapshots/",open,,
2026-09-02T12:03:34+00:00,interconnection,CAISO:1534|VULCAN|MARICOPA|Hassayampa Common Bus 500 kV|2018-04-16 07:00:00,VULCAN,0.139137,logistic-v1,"{""iso"":""CAISO"",""fuel"":""solar_storage"",""mw"":250.0,""queue_year"":2018}",,2028-09-02,"ISO queue terminal status, observed in data/snapshots/",open,,
2026-09-02T12:03:34+00:00,interconnection,CAISO:1539|IRVING STORAGE|MONTEREY|Moss Landing 500 kV|2019-05-07 07:00:00,IRVING STORAGE,0.025735,logistic-v1,"{""iso"":""CAISO"",""fuel"":""storage"",""mw"":750.0,""queue_year"":2019}",,2028-09-02,"ISO queue terminal status, observed in data/snapshots/",open,,
2026-09-02T12:03:34+00:00,interconnection,CAISO:1550|TANAGER STORAGE|SANTA CLARA|Los Esteros 230 kV|2019-04-15 07:00:00,TANAGER STORAGE,0.036905,logistic-v1,"{""iso"":""CAISO"",""fuel"":""storage"",""mw"":200.0,""queue_year"":2019}",,2028-09-02,"ISO queue terminal status, observed in data/snapshots/",open,,
2026-09-02T12:03:34+00:00,interconnection,CAISO:1552|CORMORANT STORAGE|SAN FRANCISCO|Martin 115 kV|2019-04-15 07:00:00,CORMORANT STORAGE,0.034740,logistic-v1,"{""iso"":""CAISO"",""fuel"":""storage"",""mw"":250.0,""queue_year"":2019}",,2028-09-02,"ISO queue terminal status, observed in data/snapshots/",open,,
2026-09-02T12:03:34+00:00,interconnection,CAISO:1553|JEWELFLOWER STORAGE|SANTA CLARA|Metcalf 230 kV|2019-04-15 07:00:00,JEWELFLOWER STORAGE,0.031702,logistic-v1,"{""iso"":""CAISO"",""fuel"":""storage"",""mw"":350.0,""queue_year"":2019}",,2029-03-28,"ISO queue terminal status, observed in data/snapshots/",open,,
2026-09-02T12:03:34+00:00,interconnection,CAISO:1557|NOOSA ENERGY STORAGE|SAN JOAQUIN|Ripon 115 kV|2019-04-15 07:00:00,NOOSA ENERGY STORAGE,0.044584,logistic-v1,"{""iso"":""CAISO"",""fuel"":""storage"",""mw"":99.0,""queue_year"":2019}",,2029-04-16,"ISO queue terminal status, observed in data/snapshots/",open,,
2026-09-02T12:03:34+00:00,interconnection,CAISO:1565|DYNAMO SOLAR|NAPA|Tulucay 60 kV|2019-04-15 07:00:00,DYNAMO SOLAR,0.092953,logistic-v1,"{""iso"":""CAISO"",""fuel"":""solar"",""mw"":24.5,""queue_year"":2019}",,2028-09-02,"ISO queue terminal status, observed in data/snapshots/",open,,
2026-09-02T12:03:34+00:00,interconnection,CAISO:1568|AIR STATION 1|KINGS|Henrietta-Lemoore NAS 70 kV|2019-04-15 07:00:00,AIR STATION 1,0.172519,logistic-v1,"{""iso"":""CAISO"",""fuel"":""solar_storage"",""mw"":40.0,""queue_year"":2019}",,2028-09-02,"ISO queue terminal status, observed in data/snapshots/",open,,
2026-09-02T12:03:34+00:00,interconnection,CAISO:1587|KINGSROAD HYBRID SOLAR|KERN|Arco 230 kV|2019-04-15 07:00:00,KINGSROAD HYBRID SOLAR,0.139153,logistic-v1,"{""iso"":""CAISO"",""fuel"":""solar_storage"",""mw"":100.0,""queue_year"":2019}",,2028-12-01,"ISO queue terminal status, observed in data/snapshots/",open,,
2026-09-02T12:03:34+00:00,interconnection,CAISO:1593|PELICANS JAW HYBRID SOLAR|KINGS|Gates-Midway 230 kV Line|2019-04-15 07:00:00,PELICANS JAW HYBRID SOLAR,0.093269,logistic-v1,"{""iso"":""CAISO"",""fuel"":""solar_storage"",""mw"":500.0,""queue_year"":2019}",,2028-09-02,"ISO queue terminal status, observed in data/snapshots/",open,,
2026-09-02T12:03:34+00:00,interconnection,CAISO:1596|BUTTONBUSH SOLAR HYBRID ENERGY CENTER|KERN|Midway 500 kV|2019-04-15 07:00:00,BUTTONBUSH SOLAR HYBRID ENERGY CENTER,0.082655,logistic-v1,"{""iso"":""CAISO"",""fuel"":""solar_storage"",""mw"":800.0,""queue_year"":2019}",,2029-08-01,"ISO queue terminal status, observed in data/snapshots/",open,,
2026-09-02T12:03:34+00:00,interconnection,CAISO:1604|ARATINA SOLAR CENTER 2|KERN|Kramer Substation 230kV|2019-04-15 07:00:00,ARATINA SOLAR CENTER 2,0.130283,logistic-v1,"{""iso"":""CAISO"",""fuel"":""solar_storage"",""mw"":200.0,""queue_year"":2019}",,2028-09-02,"ISO queue terminal status, observed in data/snapshots/",open,,
2026-09-02T12:03:34+00:00,interconnection,CAISO:1608|AVOCET STORAGE|LOS ANGELES|Hinson Substation 230kV|2019-04-15 07:00:00,AVOCET STORAGE,0.041340,logistic-v1,"{""iso"":""CAISO"",""fuel"":""storage"",""mw"":200.0,""queue_year"":2019}",,2028-09-02,"ISO queue terminal status, observed in data/snapshots/",open,,
2026-09-02T12:03:34+00:00,interconnection,CAISO:1611|COMMERCE ENERGY STORAGE|LOS ANGELES|Laguna Bell Substation 230kV|2019-04-15 07:00:00,COMMERCE ENERGY STORAGE,0.038926,logistic-v1,"{""iso"":""CAISO"",""fuel"":""storage"",""mw"":250.0,""queue_year"":2019}",,2028-09-02,"ISO queue terminal status, observed in data/snapshots/",open,,
2026-09-02T12:03:34+00:00,interconnection,CAISO:1615|KESTREL STORAGE|LOS ANGELES|Walnut Substation 220kV|2019-04-15 07:00:00,KESTREL STORAGE,0.041340,logistic-v1,"{""iso"":""CAISO"",""fuel"":""storage"",""mw"":200.0,""queue_year"":2019}",,2028-09-02,"ISO queue terminal status, observed in data/snapshots/",open,,
2026-09-02T12:03:34+00:00,interconnection,CAISO:1619|GOLDBACK SOLAR CENTER|VENTURA|Moorpark Substation 230 kV|2019-04-15 07:00:00,GOLDBACK SOLAR CENTER,0.032249,logistic-v1,"{""iso"":""CAISO"",""fuel"":""storage"",""mw"":500.0,""queue_year"":2019}",,2029-04-01,"ISO queue terminal status, observed in data/snapshots/",open,,
2026-09-02T12:03:34+00:00,interconnection,CAISO:1625|ANGELENO SOLAR FARM|LOS ANGELES|Vincent Substation 500kV|2019-04-15 07:00:00,ANGELENO SOLAR FARM,0.083861,logistic-v1,"{""iso"":""CAISO"",""fuel"":""solar_storage"",""mw"":1150.0,""queue_year"":2019}",,2028-12-31,"ISO queue terminal status, observed in data/snapshots/",open,,
2026-09-02T12:03:34+00:00,interconnection,CAISO:1629|HUMIDOR STORAGE 1|LOS ANGELES|Vincent Substation 230 kV|2019-04-15 07:00:00,HUMIDOR STORAGE 1,0.037052,logistic-v1,"{""iso"":""CAISO"",""fuel"":""storage"",""mw"":300.0,""queue_year"":2019}",,2028-10-01,"ISO queue terminal status, observed in data/snapshots/",open,,
2026-09-02T12:03:34+00:00,interconnection,CAISO:1631|BELLEFIELD 2 SOLAR FARM|KERN|Windhub Substation 220kV|2019-04-15 07:00:00,BELLEFIELD 2 SOLAR FARM,0.103750,logistic-v1,"{""iso"":""CAISO"",""fuel"":""solar_storage"",""mw"":500.0,""queue_year"":2019}",,2028-09-02,"ISO queue terminal status, observed in data/snapshots/",open,,
2026-09-02T12:03:34+00:00,interconnection,CAISO:1632|SANBORN HYBRID 3|KERN|Windhub Substation 500kV|2019-04-15 07:00:00,SANBORN HYBRID 3,0.079696,logistic-v1,"{""iso"":""CAISO"",""fuel"":""solar_storage"",""mw"":1400.0,""queue_year"":2019}",,2028-09-02,"ISO queue terminal status, observed in data/snapshots/",open,,
2026-09-02T12:03:34+00:00,interconnection,CAISO:1636|CALYPSO SOLAR|RIVERSIDE|Colorado River Substation 230kV|2019-04-15 07:00:00,CALYPSO SOLAR,0.109740,logistic-v1,"{""iso"":""CAISO"",""fuel"":""solar_storage"",""mw"":400.0,""queue_year"":2019}",,2031-10-28,"ISO queue terminal status, observed in data/snapshots/",open,,
2026-09-02T12:03:34+00:00,interconnection,CAISO:1642|OBERON|RIVERSIDE|Red Bluff Substation 500kV|2019-04-15 07:00:00,OBERON,0.103750,logistic-v1,"{""iso"":""CAISO"",""fuel"":""solar_storage"",""mw"":500.0,""queue_year"":2019}",,2028-09-02,"ISO queue terminal status, observed in data/snapshots/",open,,
2026-09-02T12:03:34+00:00,interconnection,CAISO:1643|LYCAN SOLAR|RIVERSIDE|Red Bluff Substation 500kV|2019-04-15 07:00:00,LYCAN SOLAR,0.109740,logistic-v1,"{""iso"":""CAISO"",""fuel"":""solar_storage"",""mw"":400.0,""queue_year"":2019}",,2032-10-31,"ISO queue terminal status, observed in data/snapshots/",open,,
2026-09-02T12:03:34+00:00,interconnection,CAISO:1646|DOUBLE BUTTE STORAGE|RIVERSIDE|Valley Substation 500 kV|2019-04-15 07:00:00,DOUBLE BUTTE STORAGE,0.032249,logistic-v1,"{""iso"":""CAISO"",""fuel"":""storage"",""mw"":500.0,""queue_year"":2019}",,2030-07-01,"ISO queue terminal status, observed in data/snapshots/",open,,
2026-09-02T12:03:34+00:00,interconnection,CAISO:1647|ARIDA 2 SOLAR FARM|CLARK|Mohave Substation 500kV|2019-04-15 07:00:00,ARIDA 2 SOLAR FARM,0.095259,logistic-v1,"{""iso"":""CAISO"",""fuel"":""solar_storage"",""mw"":700.0,""queue_year"":2019}",,2029-05-31,"ISO queue terminal status, observed in data/snapshots/",open,,
2026-09-02T12:03:34+00:00,interconnection,CAISO:1649|BONANZA SOLAR|CLARK/NYE|Innovation Substation 230 kV |2019-04-15 07:00:00,BONANZA SOLAR,0.124274,logistic-v1,"{""iso"":""CAISO"",""fuel"":""solar_storage"",""mw"":300.0,""queue_year"":2019}",,2028-09-30,"ISO queue terminal status, observed in data/snapshots/",open,,
2026-09-02T12:03:34+00:00,interconnection,CAISO:1650|ROUGH HAT HYBRID SOLAR|NYE|Trout Canyon Substation 230 kV|2019-04-15 07:00:00,ROUGH HAT HYBRID SOLAR,0.137218,logistic-v1,"{""iso"":""CAISO"",""fuel"":""solar_storage"",""mw"":200.0,""queue_year"":2019}",,2028-12-13,"ISO queue terminal status, observed in data/snapshots/",open,,
2026-09-02T12:03:34+00:00,interconnection,CAISO:1654|YELLOW PINE 3|CLARK|Trout Canyon Substation 230 kV|2019-04-15 07:00:00,YELLOW PINE 3,0.129962,logistic-v1,"{""iso"":""CAISO"",""fuel"":""solar_storage"",""mw"":250.0,""queue_year"":2019}",,2028-09-02,"ISO queue terminal status, observed in data/snapshots/",open,,
2026-09-02T12:03:34+00:00,interconnection,CAISO:1655|BONANZA PEAK SOLAR FARM|CLARK/NYE|Trout Canyon Substation 230 kV|2019-04-12 07:00:00,BONANZA PEAK SOLAR FARM,0.115727,logistic-v1,"{""iso"":""CAISO"",""fuel"":""solar_storage"",""mw"":400.0,""queue_year"":2019}",,2028-09-02,"ISO queue terminal status, observed in data/snapshots/",open,,
2026-09-02T12:03:34+00:00,interconnection,CAISO:1660|CIMARRON WIND|TECATE|East County Substation 230 kV|2019-04-15 07:00:00,CIMARRON WIND,0.043630,logistic-v1,"{""iso"":""CAISO"",""fuel"":""wind"",""mw"":300.0,""queue_year"":2019}",,2028-09-02,"ISO queue terminal status, observed in data/snapshots/",open,,
2026-09-02T12:03:34+00:00,interconnection,CAISO:1663|HOODINI|YUMA|Hoodoo Wash Switchyard 500 kV|2019-04-15 07:00:00,HOODINI,0.112376,logistic-v1,"{""iso"":""CAISO"",""fuel"":""solar_storage"",""mw"":450.0,""queue_year"":2019}",,2028-09-02,"ISO queue terminal status, observed in data/snapshots/",open,,
2026-09-02T12:03:34+00:00,interconnection,CAISO:1667|SUNRISE BUTTE|IMPERIAL|Imperial Valley Substation 230 kV|2019-04-15 07:00:00,SUNRISE BUTTE,0.147058,logistic-v1,"{""iso"":""CAISO"",""fuel"":""solar_storage"",""mw"":150.0,""queue_year"":2019}",,2028-09-02,"ISO queue terminal status, observed in data/snapshots/",open,,
2026-09-02T12:03:34+00:00,interconnection,CAISO:1678|HARQUAHALA SUNRISE|MARICOPA|Delaney Substation 500 kV|2020-04-15 07:00:00,HARQUAHALA SUNRISE,0.115947,logistic-v1,"{""iso"":""CAISO"",""fuel"":""solar_storage"",""mw"":300.0,""queue_year"":2020}",,2030-04-01,"ISO queue terminal status, observed in data/snapshots/",open,,
2026-09-02T12:03:34+00:00,interconnection,CAISO:1690|DENALI ENERGY STORAGE|SAN JOAQUIN|Vierra 115 kV|2020-04-15 07:00:00,DENALI ENERGY STORAGE,0.041102,logistic-v1,"{""iso"":""CAISO"",""fuel"":""storage"",""mw"":101.2,""queue_year"":2020}",,2028-09-30,"ISO queue terminal status, observed in data/snapshots/",open,,
2026-09-02T12:03:34+00:00,interconnection,CAISO:1702|POTENTIA-VIRIDI|SAN JOAQUIN|Tesla 500 kV|2020-04-15 07:00:00,POTENTIA-VIRIDI,0.031878,logistic-v1,"{""iso"":""CAISO"",""fuel"":""hybrid_multi"",""mw"":400.0,""queue_year"":2020}",,2028-09-02,"ISO queue terminal status, observed in data/snapshots/",open,,
2026-09-02T12:03:34+00:00,interconnection,CAISO:1709|ROSEMARY|FRESNO|Crescent 70 kV|2020-04-15 07:00:00,ROSEMARY,0.166590,logistic-v1,"{""iso"":""CAISO"",""fuel"":""solar_storage"",""mw"":35.0,""queue_year"":2020}",,2028-09-02,"ISO queue terminal status, observed in data/snapshots/",open,,
2026-09-02T12:03:34+00:00,interconnection,CAISO:1718|GONZAGA HYBRID|MERCED|Los Banos 70 kV|2020-04-15 07:00:00,GONZAGA HYBRID,0.045901,logistic-v1,"{""iso"":""CAISO"",""fuel"":""hybrid_multi"",""mw"":103.65,""queue_year"":2020}",,2028-09-02,"ISO queue terminal status, observed in data/snapshots/",open,,
2026-09-02T12:03:34+00:00,interconnection,CAISO:1728|ZETA|MERCED|Mercy Springs 70 kV|2020-04-15 07:00:00,ZETA,0.139327,logistic-v1,"{""iso"":""CAISO"",""fuel"":""solar_storage"",""mw"":75.0,""queue_year"":2020}",,2028-09-02,"ISO queue terminal status, observed in data/snapshots/",open,,
2026-09-02T12:03:34+00:00,interconnection,CAISO:1736|HAWKINS SOLAR HYBRID|KERN|Arco 230 kV|2020-04-15 07:00:00,HAWKINS SOLAR HYBRID,0.103577,logistic-v1,"{""iso"":""CAISO"",""fuel"":""solar_storage"",""mw"":250.0,""queue_year"":2020}",,2028-09-02,"ISO queue terminal status, observed in data/snapshots/",open,,
2026-09-02T12:03:34+00:00,interconnection,CAISO:1740|PUFF HYBRID SOLAR|KERN|Arco 230 kV|2020-04-15 07:00:00,PUFF HYBRID SOLAR,0.129977,logistic-v1,"{""iso"":""CAISO"",""fuel"":""solar_storage"",""mw"":100.0,""queue_year"":2020}",,2030-09-01,"ISO queue terminal status, observed in data/snapshots/",open,,
2026-09-02T12:03:34+00:00,interconnection,CAISO:1744|CRYSTAL FLATS |KERN|Lamont 115 kV|2020-04-15 07:00:00,CRYSTAL FLATS ,0.129977,logistic-v1,"{""iso"":""CAISO"",""fuel"":""solar_storage"",""mw"":100.0,""queue_year"":2020}",,2030-12-26,"ISO queue terminal status, observed in data/snapshots/",open,,
2026-09-02T12:03:34+00:00,interconnection,CAISO:1745|SUNRISE POWER IMPROVEMENT|KERN|Midway 230 kV|2020-04-15 07:00:00,SUNRISE POWER IMPROVEMENT,0.132734,logistic-v1,"{""iso"":""CAISO"",""fuel"":""gas"",""mw"":35.0,""queue_year"":2020}",,2028-09-02,"ISO queue terminal status, observed in data/snapshots/",open,,
2026-09-02T12:03:34+00:00,interconnection,CAISO:1750|WINDWALKER OFFSHORE|SAN LUIS OBISPO|Diablo Canyon 500 kV|2020-04-15 07:00:00,WINDWALKER OFFSHORE,0.024522,logistic-v1,"{""iso"":""CAISO"",""fuel"":""wind"",""mw"":1000.0,""queue_year"":2020}",,2028-09-02,"ISO queue terminal status, observed in data/snapshots/",open,,
2026-09-02T12:03:34+00:00,interconnection,CAISO:1751|WINSTON HYBRID PV AND BESS|KERN|Midway 115 kV|2020-04-15 07:00:00,WINSTON HYBRID PV AND BESS,0.109545,logistic-v1,"{""iso"":""CAISO"",""fuel"":""solar_storage"",""mw"":200.0,""queue_year"":2020}",,2028-12-10,"ISO queue terminal status, observed in data/snapshots/",open,,
2026-09-02T12:03:34+00:00,interconnection,CAISO:1757|COBALT|RIVERSIDE|Colorado River Substation 220kV|2020-04-15 07:00:00,COBALT,0.115069,logistic-v1,"{""iso"":""CAISO"",""fuel"":""solar_storage"",""mw"":250.0,""queue_year"":2020}",,2028-09-02,"ISO queue terminal status, observed in data/snapshots/",open,,
2026-09-02T12:03:34+00:00,interconnection,CAISO:1758|DESERT SANDS|RIVERSIDE|Devers Substation 230kV|2020-04-15 07:00:00,DESERT SANDS,0.034340,logistic-v1,"{""iso"":""CAISO"",""fuel"":""storage"",""mw"":300.0,""queue_year"":2020}",,2035-03-31,"ISO queue terminal status, observed in data/snapshots/",open,,
2026-09-02T12:03:34+00:00,interconnection,CAISO:1761|GRACE ENERGY CENTER|RIVERSIDE|Colorado River Substation 230kV|2020-04-15 07:00:00,GRACE ENERGY CENTER,0.096647,logistic-v1,"{""iso"":""CAISO"",""fuel"":""solar_storage"",""mw"":500.0,""queue_year"":2020}",,2028-09-02,"ISO queue terminal status, observed in data/snapshots/",open,,
2026-09-02T12:03:34+00:00,interconnection,CAISO:1764|SAPPHIRE SOLAR|RIVERSIDE|Red Bluff Substation 230kV|2020-04-15 07:00:00,SAPPHIRE SOLAR,0.138603,logistic-v1,"{""iso"":""CAISO"",""fuel"":""solar_storage"",""mw"":117.0,""queue_year"":2020}",,2034-12-31,"ISO queue terminal status, observed in data/snapshots/",open,,
2026-09-02T12:03:34+00:00,interconnection,CAISO:1766|COMMERCE ENERGY STORAGE 2|LOS ANGELES|Laguna Bell Substation 230kV|2020-04-15 07:00:00,COMMERCE ENERGY STORAGE 2,0.036082,logistic-v1,"{""iso"":""CAISO"",""fuel"":""storage"",""mw"":250.0,""queue_year"":2020}",,2028-09-02,"ISO queue terminal status, observed in data/snapshots/",open,,
2026-09-02T12:03:34+00:00,interconnection,CAISO:1768|ROADHOUSE STORAGE|SAN BERNARDINO|Mira Loma Substation 230kV|2020-04-15 07:00:00,ROADHOUSE STORAGE,0.034340,logistic-v1,"{""iso"":""CAISO"",""fuel"":""storage"",""mw"":300.0,""queue_year"":2020}",,2028-09-02,"ISO queue terminal status, observed in data/snapshots/",open,,
2026-09-02T12:03:34+00:00,interconnection,CAISO:1774|OVERNIGHT SOLAR|SAN BERNARDINO|Kramer Substation 230kV|2020-04-15 07:00:00,OVERNIGHT SOLAR,0.130500,logistic-v1,"{""iso"":""CAISO"",""fuel"":""solar_storage"",""mw"":150.0,""queue_year"":2020}",,2028-09-02,"ISO queue terminal status, observed in data/snapshots/",open,,
2026-09-02T12:03:34+00:00,interconnection,CAISO:1779|BELLEFIELD 3 SOLAR FARM|KERN|Windhub Substation 230kV|2020-04-15 07:00:00,BELLEFIELD 3 SOLAR FARM,0.130500,logistic-v1,"{""iso"":""CAISO"",""fuel"":""solar_storage"",""mw"":150.0,""queue_year"":2020}",,2028-09-02,"ISO queue terminal status, observed in data/snapshots/",open,,
2026-09-02T12:03:34+00:00,interconnection,CAISO:1782|WILLOW ROCK ENERGY STORAGE|KERN|Whirlwind Substation 230kV|2020-04-15 07:00:00,WILLOW ROCK ENERGY STORAGE,0.033629,logistic-v1,"{""iso"":""CAISO"",""fuel"":""hybrid_multi"",""mw"":500.0,""queue_year"":2020}",,2030-07-01,"ISO queue terminal status, observed in data/snapshots/",open,,
2026-09-02T12:03:34+00:00,interconnection,CAISO:1783|SHOALS ENERGY STORAGE|VENTURA|Mandalay Switchyard 220kV|2020-04-15 07:00:00,SHOALS ENERGY STORAGE,0.031755,logistic-v1,"{""iso"":""CAISO"",""fuel"":""storage"",""mw"":400.0,""queue_year"":2020}",,2030-10-08,"ISO queue terminal status, observed in data/snapshots/",open,,
2026-09-02T12:03:34+00:00,interconnection,CAISO:1784|KEYHOLE WIND|KERN|Whirlwind Substation 230kV|2020-04-15 07:00:00,KEYHOLE WIND,0.051278,logistic-v1,"{""iso"":""CAISO"",""fuel"":""wind"",""mw"":100.0,""queue_year"":2020}",,2028-09-02,"ISO queue terminal status, observed in data/snapshots/",open,,
2026-09-02T12:03:34+00:00,interconnection,CAISO:1789|REXFORD 2 SOLAR FARM|TULARE|Vestal Substation 230kV|2020-04-15 07:00:00,REXFORD 2 SOLAR FARM,0.121610,logistic-v1,"{""iso"":""CAISO"",""fuel"":""solar_storage"",""mw"":200.0,""queue_year"":2020}",,2028-09-02,"ISO queue terminal status, observed in data/snapshots/",open,,
2026-09-02T12:03:34+00:00,interconnection,CAISO:1790|SANBORN HYBRID 4|KERN|Windhub Substation 230kV|2020-04-15 07:00:00,SANBORN HYBRID 4,0.143928,logistic-v1,"{""iso"":""CAISO"",""fuel"":""solar_storage"",""mw"":100.0,""queue_year"":2020}",,2028-09-02,"ISO queue terminal status, observed in data/snapshots/",open,,
2026-09-02T12:03:34+00:00,interconnection,CAISO:1791|SANBORN 5 HYBRID|KERN|Windhub Substation 230kV|2020-04-15 07:00:00,SANBORN 5 HYBRID,0.042854,logistic-v1,"{""iso"":""CAISO"",""fuel"":""solar"",""mw"":550.0,""queue_year"":2020}",,2028-09-02,"ISO queue terminal status, observed in data/snapshots/",open,,
2026-09-02T12:03:34+00:00,interconnection,CAISO:1792|SEQUOIA|TULARE|Vestal Substation 230 kV|2020-04-15 07:00:00,SEQUOIA,0.121610,logistic-v1,"{""iso"":""CAISO"",""fuel"":""solar_storage"",""mw"":200.0,""queue_year"":2020}",,2031-01-01,"ISO queue terminal status, observed in data/snapshots/",open,,
2026-09-02T12:03:34+00:00,interconnection,CAISO:1795|ARIDA 3 SOLAR FARM|CLARK|Mohave Substation 500kV|2020-04-15 07:00:00,ARIDA 3 SOLAR FARM,0.099269,logistic-v1,"{""iso"":""CAISO"",""fuel"":""solar_storage"",""mw"":450.0,""queue_year"":2020}",,2030-07-01,"ISO queue terminal status, observed in data/snapshots/",open,,
2026-09-02T12:03:34+00:00,interconnection,CAISO:1796|DELAMAR ENERGY STORAGE|CLARK|Eldorado Substation 230kV|2020-04-15 07:00:00,DELAMAR ENERGY STORAGE,0.036082,logistic-v1,"{""iso"":""CAISO"",""fuel"":""storage"",""mw"":250.0,""queue_year"":2020}",,2028-09-02,"ISO queue terminal status, observed in data/snapshots/",open,,
2026-09-02T12:03:34+00:00,interconnection,CAISO:1798|CALVADA SPRINGS SOLAR|INYO|Trout Canyon Substation 230 kV|2020-04-15 07:00:00,CALVADA SPRINGS SOLAR,0.121307,logistic-v1,"{""iso"":""CAISO"",""fuel"":""solar_storage"",""mw"":250.0,""queue_year"":2020}",,2028-09-02,"ISO queue terminal status, observed in data/snapshots/",open,,
2026-09-02T12:03:34+00:00,interconnection,CAISO:1799|ROUGH HAT 2|CLARK|Trout Canyon Substation 230 kV|2020-04-15 07:00:00,ROUGH HAT 2,0.128151,logistic-v1,"{""iso"":""CAISO"",""fuel"":""solar_storage"",""mw"":200.0,""queue_year"":2020}",,2028-12-13,"ISO queue terminal status, observed in data/snapshots/",open,,
2026-09-02T12:03:34+00:00,interconnection,CAISO:1800|PURPLE SAGE ENERGY CENTER|CLARK|Trout Canyon Substation 230 kV|2020-04-15 07:00:00,PURPLE SAGE ENERGY CENTER,0.107903,logistic-v1,"{""iso"":""CAISO"",""fuel"":""solar_storage"",""mw"":400.0,""queue_year"":2020}",,2028-09-02,"ISO queue terminal status, observed in data/snapshots/",open,,
2026-09-02T12:03:34+00:00,interconnection,CAISO:1801|WATER ROCK SOLAR 1|NYE|Gamebird Substation 230 kV|2020-04-15 07:00:00,WATER ROCK SOLAR 1,0.128151,logistic-v1,"{""iso"":""CAISO"",""fuel"":""solar_storage"",""mw"":200.0,""queue_year"":2020}",,2028-09-02,"ISO queue terminal status, observed in data/snapshots/",open,,
2026-09-02T12:03:34+00:00,interconnection,CAISO:1810|EAST FIELD ENERGY STORAGE|SAN DIEGO|Otay Mesa Switchyard 230 kV|2020-04-15 07:00:00,EAST FIELD ENERGY STORAGE,0.036382,logistic-v1,"{""iso"":""CAISO"",""fuel"":""storage"",""mw"":300.01,""queue_year"":2020}",,2030-06-25,"ISO queue terminal status, observed in data/snapshots/",open,,
2026-09-02T12:03:34+00:00,interconnection,CAISO:1812|DATELAND ENERGY COMPLEX|YUMA|Hoodoo Wash Switchyard 500 kV|2020-04-15 07:00:00,DATELAND ENERGY COMPLEX,0.111574,logistic-v1,"{""iso"":""CAISO"",""fuel"":""solar_storage"",""mw"":350.0,""queue_year"":2020}",,2028-09-02,"ISO queue terminal status, observed in data/snapshots/",open,,
2026-09-02T12:03:34+00:00,interconnection,CAISO:1824|VIENTO FRONTERIZO|MUNICIPALITY OF TECATE|East County Substation 500 kV|2020-04-15 07:00:00,VIENTO FRONTERIZO,0.029381,logistic-v1,"{""iso"":""CAISO"",""fuel"":""wind"",""mw"":972.82,""queue_year"":2020}",,2033-05-10,"ISO queue terminal status, observed in data/snapshots/",open,,
2026-09-02T12:03:34+00:00,interconnection,CAISO:1842|TOLENAS|SOLANO|Lambie 230 kV|2021-04-15 07:00:00,TOLENAS,0.026227,logistic-v1,"{""iso"":""CAISO"",""fuel"":""storage"",""mw"":400.0,""queue_year"":2021}",,2031-02-18,"ISO queue terminal status, observed in data/snapshots/",open,,
2026-09-02T12:03:34+00:00,interconnection,CAISO:1846|WILDHORSE ENERGY CENTER|SONOMA|Fulton 230 kV|2021-04-15 07:00:00,WILDHORSE ENERGY CENTER,0.036397,logistic-v1,"{""iso"":""CAISO"",""fuel"":""storage"",""mw"":120.0,""queue_year"":2021}",,2030-05-04,"ISO queue terminal status, observed in data/snapshots/",open,,
2026-09-02T12:03:34+00:00,interconnection,CAISO:1854|CORBY 2|SOLANO|Vaca-Dixon 230 kV|2021-04-15 07:00:00,CORBY 2,0.026227,logistic-v1,"{""iso"":""CAISO"",""fuel"":""storage"",""mw"":400.0,""queue_year"":2021}",,2031-03-16,"ISO queue terminal status, observed in data/snapshots/",open,,
2026-09-02T12:03:34+00:00,interconnection,CAISO:1856|ARGES BESS|SOLANO|Vaca-Dixon 115 kV|2021-04-15 07:00:00,ARGES BESS,0.038228,logistic-v1,"{""iso"":""CAISO"",""fuel"":""storage"",""mw"":100.0,""queue_year"":2021}",,2029-06-18,"ISO queue terminal status, observed in data/snapshots/",open,,
2026-09-02T12:03:34+00:00,interconnection,CAISO:1859|MAYACAMAS GEOTHERMAL|SONOMA|Geysers #3-Cloverdale 115 kV Line|2021-04-15 07:00:00,MAYACAMAS GEOTHERMAL,0.037791,logistic-v1,"{""iso"":""CAISO"",""fuel"":""steam"",""mw"":53.0,""queue_year"":2021}",,2030-10-19,"ISO queue terminal status, observed in data/snapshots/",open,,
2026-09-02T12:03:34+00:00,interconnection,CAISO:1864|TOWNSHIP POWER BANK|SUTTER|Greenleaf #1 115 kV Tap|2021-04-15 07:00:00,TOWNSHIP POWER BANK,0.046231,logistic-v1,"{""iso"":""CAISO"",""fuel"":""storage"",""mw"":49.0,""queue_year"":2021}",,2028-09-02,"ISO queue terminal status, observed in data/snapshots/",open,,
2026-09-02T12:03:34+00:00,interconnection,CAISO:1865|SEAHAWK STORAGE|SANTA CRUZ|Green Valley 115 kV|2021-04-15 07:00:00,SEAHAWK STORAGE,0.031693,logistic-v1,"{""iso"":""CAISO"",""fuel"":""storage"",""mw"":200.0,""queue_year"":2021}",,2029-09-18,"ISO queue terminal status, observed in data/snapshots/",open,,
2026-09-02T12:03:34+00:00,interconnection,CAISO:1866|TOKAY STORAGE|SANTA CLARA|Santa Teresa 115 kV|2021-04-15 07:00:00,TOKAY STORAGE,0.038228,logistic-v1,"{""iso"":""CAISO"",""fuel"":""storage"",""mw"":100.0,""queue_year"":2021}",,2030-03-18,"ISO queue terminal status, observed in data/snapshots/",open,,
2026-09-02T12:03:34+00:00,interconnection,CAISO:1872|ALLEGHENY ENERGY STORAGE|CONTRA COSTA|Pittsburg 115 kV|2021-04-15 07:00:00,ALLEGHENY ENERGY STORAGE,0.027762,logistic-v1,"{""iso"":""CAISO"",""fuel"":""storage"",""mw"":325.0,""queue_year"":2021}",,2032-09-20,"ISO queue terminal status, observed in data/snapshots/",open,,
2026-09-02T12:03:34+00:00,interconnection,CAISO:1875|DELILAH ENERGY STORAGE|CONTRA COSTA|Pittsburg-Tesla #1 230 kV Line|2021-04-15 07:00:00,DELILAH ENERGY STORAGE,0.024669,logistic-v1,"{""iso"":""CAISO"",""fuel"":""storage"",""mw"":500.0,""queue_year"":2021}",,2032-07-19,"ISO queue terminal status, observed in data/snapshots/",open,,
2026-09-02T12:03:34+00:00,interconnection,CAISO:1876|DOUBLE SPRINGS ENERGY STORAGE|CALAVERAS|Valley Springs 60 kV|2021-04-15 07:00:00,DOUBLE SPRINGS ENERGY STORAGE,0.038228,logistic-v1,"{""iso"":""CAISO"",""fuel"":""storage"",""mw"":100.0,""queue_year"":2021}",,2029-08-17,"ISO queue terminal status, observed in data/snapshots/",open,,
2026-09-02T12:03:34+00:00,interconnection,CAISO:1881|SPECTRUM ENERGY STORAGE|ALAMEDA|Tesla-Newark #1 230 kV Line|2021-04-15 07:00:00,SPECTRUM ENERGY STORAGE,0.024669,logistic-v1,"{""iso"":""CAISO"",""fuel"":""storage"",""mw"":500.0,""queue_year"":2021}",,2032-02-29,"ISO queue terminal status, observed in data/snapshots/",open,,
2026-09-02T12:03:34+00:00,interconnection,CAISO:1887|PRESIDIO|SAN JOAQUIN|Rancho Seco-Bellota #1 230 kV Line|2021-04-15 07:00:00,PRESIDIO,0.088543,logistic-v1,"{""iso"":""CAISO"",""fuel"":""solar_storage"",""mw"":350.0,""queue_year"":2021}",,2030-12-16,"ISO queue terminal status, observed in data/snapshots/",open,,
2026-09-02T12:03:34+00:00,interconnection,CAISO:1889|HOLMAN|MONTEREY|Moss Landing 500 kV|2021-04-15 07:00:00,HOLMAN,0.020537,logistic-v1,"{""iso"":""CAISO"",""fuel"":""hybrid_multi"",""mw"":1500.0,""queue_year"":2021}",,2034-02-17,"ISO queue terminal status, observed in data/snapshots/",open,,
2026-09-02T12:03:34+00:00,interconnection,CAISO:1892|HARMONY STORAGE 2|CONTRA COSTA|Contra Costa PP 230 kV |2021-04-15 07:00:00,HARMONY STORAGE 2,0.028376,logistic-v1,"{""iso"":""CAISO"",""fuel"":""storage"",""mw"":300.0,""queue_year"":2021}",,2031-06-05,"ISO queue terminal status, observed in data/snapshots/",open,,
2026-09-02T12:03:34+00:00,interconnection,CAISO:1895|OAKDALE STORAGE|STANISLAUS|Cottle 230 kV|2021-04-15 07:00:00,OAKDALE STORAGE,0.038228,logistic-v1,"{""iso"":""CAISO"",""fuel"":""storage"",""mw"":100.0,""queue_year"":2021}",,2029-09-18,"ISO queue terminal status, observed in data/snapshots/",open,,
2026-09-02T12:03:34+00:00,interconnection,CAISO:1896|PATHFINDER STORAGE|SAN JOAQUIN|Weber 60 kV|2021-04-15 07:00:00,PATHFINDER STORAGE,0.029507,logistic-v1,"{""iso"":""CAISO"",""fuel"":""storage"",""mw"":260.0,""queue_year"":2021}",,2031-06-05,"ISO queue terminal status, observed in data/snapshots/",open,,
2026-09-02T12:03:34+00:00,interconnection,CAISO:1900|BAYLANDS BATTERY|SAN MATEO|Martin 115 kV|2021-04-15 07:00:00,BAYLANDS BATTERY,0.029824,logistic-v1,"{""iso"":""CAISO"",""fuel"":""storage"",""mw"":250.0,""queue_year"":2021}",,2030-03-24,"ISO queue terminal status, observed in data/snapshots/",open,,
2026-09-02T12:03:34+00:00,interconnection,CAISO:1903|GOLDEN FLATS|STANISLAUS|Westly-Quinto 230 kV|2021-04-15 07:00:00,GOLDEN FLATS,0.028376,logistic-v1,"{""iso"":""CAISO"",""fuel"":""storage"",""mw"":300.0,""queue_year"":2021}",,2031-09-01,"ISO queue terminal status, observed in data/snapshots/",open,,
2026-09-02T12:03:34+00:00,interconnection,CAISO:1911|ZORIN STORAGE|ALAMEDA|Newark 230 kV|2021-04-15 07:00:00,ZORIN STORAGE,0.032614,logistic-v1,"{""iso"":""CAISO"",""fuel"":""storage"",""mw"":180.0,""queue_year"":2021}",,2034-02-19,"ISO queue terminal status, observed in data/snapshots/",open,,
2026-09-02T12:03:34+00:00,interconnection,CAISO:1912|ESPRESSO|ALAMEDA|Tesla 230 kV|2021-04-15 07:00:00,ESPRESSO,0.028376,logistic-v1,"{""iso"":""CAISO"",""fuel"":""storage"",""mw"":300.0,""queue_year"":2021}",,2031-08-18,"ISO queue terminal status, observed in data/snapshots/",open,,
2026-09-02T12:03:34+00:00,interconnection,CAISO:1914|BLACK DIAMOND ES2|CONTRA COSTA|Pittsburg 230 kV|2021-04-15 07:00:00,BLACK DIAMOND ES2,0.032864,logistic-v1,"{""iso"":""CAISO"",""fuel"":""storage"",""mw"":175.0,""queue_year"":2021}",,2031-06-18,"ISO queue terminal status, observed in data/snapshots/",open,,
2026-09-02T12:03:34+00:00,interconnection,CAISO:1915|SHERMAN ENERGY STORAGE|CONTRA COSTA|Contra Costa PP 230 kV|2021-04-15 07:00:00,SHERMAN ENERGY STORAGE,0.029824,logistic-v1,"{""iso"":""CAISO"",""fuel"":""storage"",""mw"":250.0,""queue_year"":2021}",,2031-06-18,"ISO queue terminal status, observed in data/snapshots/",open,,
2026-09-02T12:03:34+00:00,interconnection,CAISO:1918|KIFER BESS 1|SANTA CLARA|KEN-OKJ 60 kV|2021-04-15 07:00:00,KIFER BESS 1,0.045986,logistic-v1,"{""iso"":""CAISO"",""fuel"":""storage"",""mw"":50.0,""queue_year"":2021}",,2028-09-02,"ISO queue terminal status, observed in data/snapshots/",open,,
2026-09-02T12:03:34+00:00,interconnection,CAISO:1920|ZEUS BESS|SAN JOAQUIN|Schulte 115 kV|2021-04-15 07:00:00,ZEUS BESS,0.031693,logistic-v1,"{""iso"":""CAISO"",""fuel"":""storage"",""mw"":200.0,""queue_year"":2021}",,2031-06-18,"ISO queue terminal status, observed in data/snapshots/",open,,
2026-09-02T12:03:34+00:00,interconnection,CAISO:1921|ALLIUM HYBRID|SAN BENITO|Crazy Horse Canyon-Hollister 115 kV Line|2021-04-15 07:00:00,ALLIUM HYBRID,0.118509,logistic-v1,"{""iso"":""CAISO"",""fuel"":""solar_storage"",""mw"":110.0,""queue_year"":2021}",,2030-12-15,"ISO queue terminal status, observed in data/snapshots/",open,,
2026-09-02T12:03:34+00:00,interconnection,CAISO:1922|ALTA CASA STORAGE|SAN JOAQUIN|Tesla 500 kV|2021-04-15 07:00:00,ALTA CASA STORAGE,0.024669,logistic-v1,"{""iso"":""CAISO"",""fuel"":""storage"",""mw"":500.0,""queue_year"":2021}",,2031-10-21,"ISO queue terminal status, observed in data/snapshots/",open,,
2026-09-02T12:03:34+00:00,interconnection,CAISO:1928|EL REY POWER BANK|MONTEREY|Coburn-Basic Energy 60 kV Line|2021-04-15 07:00:00,EL REY POWER BANK,0.036397,logistic-v1,"{""iso"":""CAISO"",""fuel"":""storage"",""mw"":120.0,""queue_year"":2021}",,2029-01-02,"ISO queue terminal status, observed in data/snapshots/",open,,
2026-09-02T12:03:34+00:00,interconnection,CAISO:1930|APACHE STORAGE|FRESNO|Sanger 115 kV|2021-04-15 07:00:00,APACHE STORAGE,0.031693,logistic-v1,"{""iso"":""CAISO"",""fuel"":""storage"",""mw"":200.0,""queue_year"":2021}",,2029-05-21,"ISO queue terminal status, observed in data/snapshots/",open,,
2026-09-02T12:03:34+00:00,interconnection,CAISO:1932|COUGAR STORAGE|MERCED|Wilson 115 kV|2021-04-15 07:00:00,COUGAR STORAGE,0.031693,logistic-v1,"{""iso"":""CAISO"",""fuel"":""storage"",""mw"":200.0,""queue_year"":2021}",,2030-09-19,"ISO queue terminal status, observed in data/snapshots/",open,,
2026-09-02T12:03:34+00:00,interconnection,CAISO:1934|LOTUS SOLAR 2|MADERA|Borden 230 kV|2021-04-15 07:00:00,LOTUS SOLAR 2,0.102090,logistic-v1,"{""iso"":""CAISO"",""fuel"":""solar_storage"",""mw"":200.0,""queue_year"":2021}",,2030-11-17,"ISO queue terminal status, observed in data/snapshots/",open,,
2026-09-02T12:03:34+00:00,interconnection,CAISO:1935|ELYSIAN|FRESNO|Tranquility 230 kV|2021-04-15 07:00:00,ELYSIAN,0.102090,logistic-v1,"{""iso"":""CAISO"",""fuel"":""solar_storage"",""mw"":200.0,""queue_year"":2021}",,2029-10-18,"ISO queue terminal status, observed in data/snapshots/",open,,
2026-09-02T12:03:34+00:00,interconnection,CAISO:1943|WINGTIP SOLAR 1|MERCED|Los Banos 500 kV|2021-04-15 07:00:00,WINGTIP SOLAR 1,0.064964,logistic-v1,"{""iso"":""CAISO"",""fuel"":""solar_storage"",""mw"":1150.0,""queue_year"":2021}",,2032-09-18,"ISO queue terminal status, observed in data/snapshots/",open,,
2026-09-02T12:03:34+00:00,interconnection,CAISO:1949|DARDEN|FRESNO|Manning-Midway 500kV Line|2021-04-15 07:00:00,DARDEN,0.064964,logistic-v1,"{""iso"":""CAISO"",""fuel"":""solar_storage"",""mw"":1150.0,""queue_year"":2021}",,2028-09-02,"ISO queue terminal status, observed in data/snapshots/",open,,
2026-09-02T12:03:34+00:00,interconnection,CAISO:1952|AUSTRALIS|MERCED|Los Banos 230 kV|2021-04-15 07:00:00,AUSTRALIS,0.092106,logistic-v1,"{""iso"":""CAISO"",""fuel"":""solar_storage"",""mw"":300.0,""queue_year"":2021}",,2031-04-18,"ISO queue terminal status, observed in data/snapshots/",open,,
2026-09-02T12:03:34+00:00,interconnection,CAISO:1954|HUASO HYBRID|FRESNO|Gates 230 kV|2021-04-15 07:00:00,HUASO HYBRID,0.121322,logistic-v1,"{""iso"":""CAISO"",""fuel"":""solar_storage"",""mw"":100.0,""queue_year"":2021}",,2028-09-02,"ISO queue terminal status, observed in data/snapshots/",open,,
2026-09-02T12:03:34+00:00,interconnection,CAISO:1955|CIERVO MOUNTAIN HYBRID|FRESNO|Excelsior 115 kV|2021-04-15 07:00:00,CIERVO MOUNTAIN HYBRID,0.114823,logistic-v1,"{""iso"":""CAISO"",""fuel"":""solar_storage"",""mw"":125.0,""queue_year"":2021}",,2029-08-03,"ISO queue terminal status, observed in data/snapshots/",open,,
2026-09-02T12:03:34+00:00,interconnection,CAISO:1956|CLARKSON|FRESNO|Tranquility 230 kV|2021-04-15 07:00:00,CLARKSON,0.102090,logistic-v1,"{""iso"":""CAISO"",""fuel"":""solar_storage"",""mw"":200.0,""queue_year"":2021}",,2029-09-30,"ISO queue terminal status, observed in data/snapshots/",open,,
2026-09-02T12:03:34+00:00,interconnection,CAISO:1958|SPIKES PEAK SOLAR|MERCED|Quinto 230 kV|2021-04-15 07:00:00,SPIKES PEAK SOLAR,0.109732,logistic-v1,"{""iso"":""CAISO"",""fuel"":""solar_storage"",""mw"":150.0,""queue_year"":2021}",,2029-10-18,"ISO queue terminal status, observed in data/snapshots/",open,,
2026-09-02T12:03:34+00:00,interconnection,CAISO:1959|CORNUCOPIA HYBRID|FRESNO|Gates-Templeton 230 kV Line |2021-04-15 07:00:00,CORNUCOPIA HYBRID,0.092106,logistic-v1,"{""iso"":""CAISO"",""fuel"":""solar_storage"",""mw"":300.0,""queue_year"":2021}",,2030-11-16,"ISO queue terminal status, observed in data/snapshots/",open,,
2026-09-02T12:03:34+00:00,interconnection,CAISO:1962|LOCK STORAGE|FRESNO|Gates 500 kV|2021-04-15 07:00:00,LOCK STORAGE,0.024669,logistic-v1,"{""iso"":""CAISO"",""fuel"":""storage"",""mw"":500.01,""queue_year"":2021}",,2028-09-02,"ISO queue terminal status, observed in data/snapshots/",open,,
2026-09-02T12:03:34+00:00,interconnection,CAISO:1966|ORLEANS|FRESNO|Giffen 70 kV|2021-04-15 07:00:00,ORLEANS,0.168407,logistic-v1,"{""iso"":""CAISO"",""fuel"":""solar_storage"",""mw"":25.0,""queue_year"":2021}",,2029-08-03,"ISO queue terminal status, observed in data/snapshots/",open,,
2026-09-02T12:03:34+00:00,interconnection,CAISO:1968|PLUM|KINGS|Gates 230 kV|2021-04-15 07:00:00,PLUM,0.067399,logistic-v1,"{""iso"":""CAISO"",""fuel"":""solar_storage"",""mw"":1000.0,""queue_year"":2021}",,2031-03-19,"ISO queue terminal status, observed in data/snapshots/",open,,
2026-09-02T12:03:34+00:00,interconnection,CAISO:1973|PEACEFUL HOLLOW BESS|FRESNO|Tranquility 230kV|2021-04-15 07:00:00,PEACEFUL HOLLOW BESS,0.041291,logistic-v1,"{""iso"":""CAISO"",""fuel"":""storage"",""mw"":75.0,""queue_year"":2021}",,2028-09-02,"ISO queue terminal status, observed in data/snapshots/",open,,
2026-09-02T12:03:34+00:00,interconnection,CAISO:1975|TARRAGON HYBRID|FRESNO|Crescent 70 kV|2021-04-15 07:00:00,TARRAGON HYBRID,0.155933,logistic-v1,"{""iso"":""CAISO"",""fuel"":""solar_storage"",""mw"":35.0,""queue_year"":2021}",,2028-09-02,"ISO queue terminal status, observed in data/snapshots/",open,,
2026-09-02T12:03:34+00:00,interconnection,CAISO:1980|ARTEMIS|KERN|Arco 230 kV|2021-04-15 07:00:00,ARTEMIS,0.085556,logistic-v1,"{""iso"":""CAISO"",""fuel"":""solar_storage"",""mw"":400.0,""queue_year"":2021}",,2029-10-18,"ISO queue terminal status, observed in data/snapshots/",open,,
2026-09-02T12:03:34+00:00,interconnection,CAISO:1983|PHAENON|KERN|Shafter 115 kV|2021-04-15 07:00:00,PHAENON,0.121322,logistic-v1,"{""iso"":""CAISO"",""fuel"":""solar_storage"",""mw"":100.0,""queue_year"":2021}",,2029-07-18,"ISO queue terminal status, observed in data/snapshots/",open,,
2026-09-02T12:03:34+00:00,interconnection,CAISO:1987|BUTTONBUSH SOLAR 2|KERN|Midway 500 kV|2021-04-15 07:00:00,BUTTONBUSH SOLAR 2,0.088543,logistic-v1,"{""iso"":""CAISO"",""fuel"":""solar_storage"",""mw"":350.0,""queue_year"":2021}",,2032-03-17,"ISO queue terminal status, observed in data/snapshots/",open,,
2026-09-02T12:03:34+00:00,interconnection,CAISO:2001|SERENA STORAGE|KERN|Kern PP 230 kV|2021-04-15 07:00:00,SERENA STORAGE,0.037260,logistic-v1,"{""iso"":""CAISO"",""fuel"":""storage"",""mw"":110.0,""queue_year"":2021}",,2029-09-18,"ISO queue terminal status, observed in data/snapshots/",open,,
2026-09-02T12:03:34+00:00,interconnection,CAISO:2015|CHERRY LANE HYBRID|KERN|Wheeler Ridge 230 kV|2021-04-15 07:00:00,CHERRY LANE HYBRID,0.092106,logistic-v1,"{""iso"":""CAISO"",""fuel"":""solar_storage"",""mw"":300.0,""queue_year"":2021}",,2031-06-19,"ISO queue terminal status, observed in data/snapshots/",open,,
2026-09-02T12:03:34+00:00,interconnection,CAISO:2022|SOCORRO PEAK SOLAR|LA PAZ|Cielo Azul Substation 500 kV|2021-04-15 07:00:00,SOCORRO PEAK SOLAR,0.103998,logistic-v1,"{""iso"":""CAISO"",""fuel"":""solar_storage"",""mw"":350.0,""queue_year"":2021}",,2029-03-26,"ISO queue terminal status, observed in data/snapshots/",open,,
2026-09-02T12:03:34+00:00,interconnection,CAISO:2027|HARQUAHALA FLATS 2|MARICOPA|Delaney Substation 500 kV|2021-04-15 07:00:00,HARQUAHALA FLATS 2,0.100547,logistic-v1,"{""iso"":""CAISO"",""fuel"":""solar_storage"",""mw"":400.0,""queue_year"":2021}",,2028-09-02,"ISO queue terminal status, observed in data/snapshots/",open,,
2026-09-02T12:03:34+00:00,interconnection,CAISO:2029|HARQUAHALA SUNRISE 2|MARICOPA|Delaney Substation 500 kV|2021-04-15 07:00:00,HARQUAHALA SUNRISE 2,0.128365,logistic-v1,"{""iso"":""CAISO"",""fuel"":""solar_storage"",""mw"":150.0,""queue_year"":2021}",,2028-09-02,"ISO queue terminal status, observed in data/snapshots/",open,,
2026-09-02T12:03:34+00:00,interconnection,CAISO:2032|TROLLEY|SAN BERNARDINO|Etiwanda Substation 230 kV|2021-04-15 07:00:00,TROLLEY,0.029419,logistic-v1,"{""iso"":""CAISO"",""fuel"":""storage"",""mw"":400.0,""queue_year"":2021}",,2031-02-26,"ISO queue terminal status, observed in data/snapshots/",open,,
2026-09-02T12:03:34+00:00,interconnection,CAISO:2033|CARMINE|RIVERSIDE|Colorado River Substation 230 kV|2021-04-15 07:00:00,CARMINE,0.032268,logistic-v1,"{""iso"":""CAISO"",""fuel"":""storage"",""mw"":285.0,""queue_year"":2021}",,2031-05-01,"ISO queue terminal status, observed in data/snapshots/",open,,
2026-09-02T12:03:34+00:00,interconnection,CAISO:2036|REDONDA|RIVERSIDE|Red Bluff Substation 220 kV|2021-04-15 07:00:00,REDONDA,0.107284,logistic-v1,"{""iso"":""CAISO"",""fuel"":""solar_storage"",""mw"":250.0,""queue_year"":2021}",,2031-01-01,"ISO queue terminal status, observed in data/snapshots/",open,,
2026-09-02T12:03:34+00:00,interconnection,CAISO:2039|SANDRIFT STORAGE 1|RIVERSIDE|Red Bluff Substation 230 kV|2021-04-15 07:00:00,SANDRIFT STORAGE 1,0.033439,logistic-v1,"{""iso"":""CAISO"",""fuel"":""storage"",""mw"":250.0,""queue_year"":2021}",,2030-12-26,"ISO queue terminal status, observed in data/snapshots/",open,,
2026-09-02T12:03:34+00:00,interconnection,CAISO:2041|SANDRIFT STORAGE 2|RIVERSIDE|Red Bluff Substation 230 kV|2021-04-15 07:00:00,SANDRIFT STORAGE 2,0.033439,logistic-v1,"{""iso"":""CAISO"",""fuel"":""storage"",""mw"":250.0,""queue_year"":2021}",,2031-03-01,"ISO queue terminal status, observed in data/snapshots/",open,,
2026-09-02T12:03:34+00:00,interconnection,CAISO:2042|EASLEY|RIVERSIDE|Red Bluff Substation 500 kV|2021-04-15 07:00:00,EASLEY,0.084108,logistic-v1,"{""iso"":""CAISO"",""fuel"":""solar_storage"",""mw"":650.0,""queue_year"":2021}",,2028-09-02,"ISO queue terminal status, observed in data/snapshots/",open,,
2026-09-02T12:03:34+00:00,interconnection,CAISO:2048|TWIN PALMS SOLAR|RIVERSIDE|Colorado River Substation 230 kV|2021-04-15 07:00:00,TWIN PALMS SOLAR,0.104270,logistic-v1,"{""iso"":""CAISO"",""fuel"":""solar_storage"",""mw"":280.0,""queue_year"":2021}",,2030-07-06,"ISO queue terminal status, observed in data/snapshots/",open,,
2026-09-02T12:03:34+00:00,interconnection,CAISO:2052|BOUSE SOLAR AND STORAGE PLANT|LA PAZ|Colorado River - Palo Verde 500kV |2021-04-15 07:00:00,BOUSE SOLAR AND STORAGE PLANT,0.075214,logistic-v1,"{""iso"":""CAISO"",""fuel"":""solar_storage"",""mw"":1000.0,""queue_year"":2021}",,2033-12-26,"ISO queue terminal status, observed in data/snapshots/",open,,
2026-09-02T12:03:34+00:00,interconnection,CAISO:2055|EUISMOD|KERN|WHIRLWIND Substation 230 kV|2021-04-15 07:00:00,EUISMOD,0.085862,logistic-v1,"{""iso"":""CAISO"",""fuel"":""solar_storage"",""mw"":600.0,""queue_year"":2021}",,2028-09-02,"ISO queue terminal status, observed in data/snapshots/",open,,
2026-09-02T12:03:34+00:00,interconnection,CAISO:2059|J90 ENERGY STORAGE|LOS ANGELES|Antelope Substation 230 kV|2021-04-15 07:00:00,J90 ENERGY STORAGE,0.033439,logistic-v1,"{""iso"":""CAISO"",""fuel"":""storage"",""mw"":250.0,""queue_year"":2021}",,2033-06-01,"ISO queue terminal status, observed in data/snapshots/",open,,
2026-09-02T12:03:34+00:00,interconnection,CAISO:2060|SAGEBRUSH ENERGY STORAGE|KERN|Vincent Substation 230 kV|2021-04-15 07:00:00,SAGEBRUSH ENERGY STORAGE,0.027676,logistic-v1,"{""iso"":""CAISO"",""fuel"":""storage"",""mw"":500.0,""queue_year"":2021}",,2033-02-26,"ISO queue terminal status, observed in data/snapshots/",open,,
2026-09-02T12:03:34+00:00,interconnection,CAISO:2061|JUNIPER STORAGE|LOS ANGELES|Vincent - Pearblossom 230 kV line|2021-04-15 07:00:00,JUNIPER STORAGE,0.121814,logistic-v1,"{""iso"":""CAISO"",""fuel"":""solar_storage"",""mw"":150.0,""queue_year"":2021}",,2033-02-26,"ISO queue terminal status, observed in data/snapshots/",open,,
2026-09-02T12:03:34+00:00,interconnection,CAISO:2062|DORIAN STORAGE|LOS ANGELES|Antelope Substation 230 kV|2021-04-15 07:00:00,DORIAN STORAGE,0.035526,logistic-v1,"{""iso"":""CAISO"",""fuel"":""storage"",""mw"":200.0,""queue_year"":2021}",,2034-08-26,"ISO queue terminal status, observed in data/snapshots/",open,,
2026-09-02T12:03:34+00:00,interconnection,CAISO:2064|ELION ENERGY STORAGE|LOS ANGELES|Antelope ValleySubstation 230 kV|2021-04-15 07:00:00,ELION ENERGY STORAGE,0.031821,logistic-v1,"{""iso"":""CAISO"",""fuel"":""storage"",""mw"":300.0,""queue_year"":2021}",,2034-05-26,"ISO queue terminal status, observed in data/snapshots/",open,,
2026-09-02T12:03:34+00:00,interconnection,CAISO:2066|DRIFTER ENERGY STORAGE|VENTURA|Moorpark Substation 230 kV|2021-04-15 07:00:00,DRIFTER ENERGY STORAGE,0.027676,logistic-v1,"{""iso"":""CAISO"",""fuel"":""storage"",""mw"":500.0,""queue_year"":2021}",,2033-03-26,"ISO queue terminal status, observed in data/snapshots/",open,,
2026-09-02T12:03:34+00:00,interconnection,CAISO:2068|BOBOR STORAGE|TULARE|Rector Substation 230 kV|2021-04-15 07:00:00,BOBOR STORAGE,0.038398,logistic-v1,"{""iso"":""CAISO"",""fuel"":""storage"",""mw"":150.0,""queue_year"":2021}",,2030-12-26,"ISO queue terminal status, observed in data/snapshots/",open,,
2026-09-02T12:03:34+00:00,interconnection,CAISO:2078|SOLEIL CANTIL|KERN|Windhub Substation 500kV|2021-04-15 07:00:00,SOLEIL CANTIL,0.098550,logistic-v1,"{""iso"":""CAISO"",""fuel"":""solar_storage"",""mw"":350.0,""queue_year"":2021}",,2033-02-26,"ISO queue terminal status, observed in data/snapshots/",open,,
2026-09-02T12:03:34+00:00,interconnection,CAISO:2081|MINERAL KING SOLAR|TULARE|Rector Substation 220 kV|2021-04-15 07:00:00,MINERAL KING SOLAR,0.113438,logistic-v1,"{""iso"":""CAISO"",""fuel"":""solar_storage"",""mw"":200.0,""queue_year"":2021}",,2029-09-26,"ISO queue terminal status, observed in data/snapshots/",open,,
2026-09-02T12:03:34+00:00,interconnection,CAISO:2082|ELECTRON|LOS ANGELES|ANTELOPE Substation 220 kV|2021-04-15 07:00:00,ELECTRON,0.031821,logistic-v1,"{""iso"":""CAISO"",""fuel"":""storage"",""mw"":300.0,""queue_year"":2021}",,2033-01-26,"ISO queue terminal status, observed in data/snapshots/",open,,
2026-09-02T12:03:34+00:00,interconnection,CAISO:2085|SOLSKEN|TULARE|Springville Substation 230 kV|2021-04-15 07:00:00,SOLSKEN,0.091922,logistic-v1,"{""iso"":""CAISO"",""fuel"":""solar_storage"",""mw"":460.0,""queue_year"":2021}",,2033-02-26,"ISO queue terminal status, observed in data/snapshots/",open,,
2026-09-02T12:03:34+00:00,interconnection,CAISO:2089|GREASEWOOD ENERGY STORAGE|KERN|Whirlwind Substation 500 kV|2021-04-15 07:00:00,GREASEWOOD ENERGY STORAGE,0.027676,logistic-v1,"{""iso"":""CAISO"",""fuel"":""storage"",""mw"":500.0,""queue_year"":2021}",,2031-06-01,"ISO queue terminal status, observed in data/snapshots/",open,,
2026-09-02T12:03:34+00:00,interconnection,CAISO:2092|ROSA STORAGE|VENTURA|Moorpark Substation 230 kV|2021-04-15 07:00:00,ROSA STORAGE,0.027676,logistic-v1,"{""iso"":""CAISO"",""fuel"":""storage"",""mw"":500.0,""queue_year"":2021}",,2034-06-27,"ISO queue terminal status, observed in data/snapshots/",open,,
2026-09-02T12:03:34+00:00,interconnection,CAISO:2097|SIENNA SOLAR 2|SAN BERNARDINO|Calcite Substation 230 kV|2021-04-15 07:00:00,SIENNA SOLAR 2,0.155068,logistic-v1,"{""iso"":""CAISO"",""fuel"":""solar_storage"",""mw"":55.0,""queue_year"":2021}",,2029-03-26,"ISO queue terminal status, observed in data/snapshots/",open,,
2026-09-02T12:03:34+00:00,interconnection,CAISO:2101|WESTON STORAGE|SAN BERNARDINO|Kramer Substation 230 kV|2021-04-15 07:00:00,WESTON STORAGE,0.035526,logistic-v1,"{""iso"":""CAISO"",""fuel"":""storage"",""mw"":200.0,""queue_year"":2021}",,2031-03-26,"ISO queue terminal status, observed in data/snapshots/",open,,
2026-09-02T12:03:34+00:00,interconnection,CAISO:2103|CADY SOLAR|SAN BERNARDINO|Pisgah Substation 230 kV|2021-04-15 07:00:00,CADY SOLAR,0.102471,logistic-v1,"{""iso"":""CAISO"",""fuel"":""solar_storage"",""mw"":300.0,""queue_year"":2021}",,2031-02-26,"ISO queue terminal status, observed in data/snapshots/",open,,
2026-09-02T12:03:34+00:00,interconnection,CAISO:2105|CONDUIT ENERGY STORAGE|SAN BERNARDINO|Lugo Substation 500 kV|2021-04-15 07:00:00,CONDUIT ENERGY STORAGE,0.027676,logistic-v1,"{""iso"":""CAISO"",""fuel"":""storage"",""mw"":500.0,""queue_year"":2021}",,2031-02-26,"ISO queue terminal status, observed in data/snapshots/",open,,
2026-09-02T12:03:34+00:00,interconnection,CAISO:2111|FLEETWOOD|LOS ANGELES|Litehipe Substation 230 kV|2021-04-15 07:00:00,FLEETWOOD,0.029419,logistic-v1,"{""iso"":""CAISO"",""fuel"":""storage"",""mw"":400.0,""queue_year"":2021}",,2032-04-28,"ISO queue terminal status, observed in data/snapshots/",open,,
2026-09-02T12:03:34+00:00,interconnection,CAISO:2113|GABRIEL STORAGE|LOS ANGELES|Rio Hondo Substation 230 kV|2021-04-15 07:00:00,GABRIEL STORAGE,0.029419,logistic-v1,"{""iso"":""CAISO"",""fuel"":""storage"",""mw"":400.0,""queue_year"":2021}",,2033-05-15,"ISO queue terminal status, observed in data/snapshots/",open,,
2026-09-02T12:03:34+00:00,interconnection,CAISO:2114|DIRAC|SAN BERNARDINO|Chino Substation 230 kV|2021-04-15 07:00:00,DIRAC,0.029419,logistic-v1,"{""iso"":""CAISO"",""fuel"":""storage"",""mw"":400.0,""queue_year"":2021}",,2031-02-26,"ISO queue terminal status, observed in data/snapshots/",open,,
2026-09-02T12:03:34+00:00,interconnection,CAISO:2115|SIMON|LOS ANGELES|La Cienega Substation 230 kV|2021-04-15 07:00:00,SIMON,0.029419,logistic-v1,"{""iso"":""CAISO"",""fuel"":""storage"",""mw"":400.0,""queue_year"":2021}",,2032-04-26,"ISO queue terminal status, observed in data/snapshots/",open,,
2026-09-02T12:03:34+00:00,interconnection,CAISO:2116|MARICI|LOS ANGELES|Walnut Substation 230 kV|2021-04-15 07:00:00,MARICI,0.029419,logistic-v1,"{""iso"":""CAISO"",""fuel"":""storage"",""mw"":400.0,""queue_year"":2021}",,2031-02-26,"ISO queue terminal status, observed in data/snapshots/",open,,
2026-09-02T12:03:34+00:00,interconnection,CAISO:2117|CORAL REEF|LOS ANGELES|El Nido Substation 230 kV|2021-04-15 07:00:00,CORAL REEF,0.029419,logistic-v1,"{""iso"":""CAISO"",""fuel"":""storage"",""mw"":400.0,""queue_year"":2021}",,2032-04-26,"ISO queue terminal status, observed in data/snapshots/",open,,
2026-09-02T12:03:34+00:00,interconnection,CAISO:2124|TABLA ENERGY STORAGE|LOS ANGELES|Rio Hondo Substation 230 kV|2021-04-15 07:00:00,TABLA ENERGY STORAGE,0.031821,logistic-v1,"{""iso"":""CAISO"",""fuel"":""storage"",""mw"":300.0,""queue_year"":2021}",,2032-05-26,"ISO queue terminal status, observed in data/snapshots/",open,,
2026-09-02T12:03:34+00:00,interconnection,CAISO:2125|TYRELL ENERGY STORAGE|ORANGE|Viejo Substation 230kV|2021-04-15 07:00:00,TYRELL ENERGY STORAGE,0.031821,logistic-v1,"{""iso"":""CAISO"",""fuel"":""storage"",""mw"":300.0,""queue_year"":2021}",,2032-05-26,"ISO queue terminal status, observed in data/snapshots/",open,,
2026-09-02T12:03:34+00:00,interconnection,CAISO:2129|LOS NIETOS|ORANGE|Johanna Substation 230 kV|2021-04-15 07:00:00,LOS NIETOS,0.042816,logistic-v1,"{""iso"":""CAISO"",""fuel"":""storage"",""mw"":100.0,""queue_year"":2021}",,2032-03-27,"ISO queue terminal status, observed in data/snapshots/",open,,
2026-09-02T12:03:34+00:00,interconnection,CAISO:2136|HAVEN STORAGE|LOS ANGELES|Rio Hondo Substation 230 kV|2021-04-15 07:00:00,HAVEN STORAGE,0.031821,logistic-v1,"{""iso"":""CAISO"",""fuel"":""storage"",""mw"":300.0,""queue_year"":2021}",,2031-02-26,"ISO queue terminal status, observed in data/snapshots/",open,,
2026-09-02T12:03:34+00:00,interconnection,CAISO:2139|COMMERCE ENERGY STORAGE 3|L.A|Laguna Bell Substation 230 kV|2021-04-15 07:00:00,COMMERCE ENERGY STORAGE 3,0.033439,logistic-v1,"{""iso"":""CAISO"",""fuel"":""storage"",""mw"":250.0,""queue_year"":2021}",,2031-02-26,"ISO queue terminal status, observed in data/snapshots/",open,,
2026-09-02T12:03:34+00:00,interconnection,CAISO:2140|STERLING|CLARK|Mohave Substation 500 kV|2021-04-15 07:00:00,STERLING,0.107284,logistic-v1,"{""iso"":""CAISO"",""fuel"":""solar_storage"",""mw"":250.0,""queue_year"":2021}",,2031-05-26,"ISO queue terminal status, observed in data/snapshots/",open,,
2026-09-02T12:03:34+00:00,interconnection,CAISO:2141|DELAMAR ENERGY STORAGE 2|CLARK|SCE portion of Eldorado Substation 230 kV|2021-04-15 07:00:00,DELAMAR ENERGY STORAGE 2,0.033439,logistic-v1,"{""iso"":""CAISO"",""fuel"":""storage"",""mw"":250.0,""queue_year"":2021}",,2030-06-26,"ISO queue terminal status, observed in data/snapshots/",open,,
2026-09-02T12:03:34+00:00,interconnection,CAISO:2142|SILVER STAR SOLAR|NYE|Lathrop Wells Substation 230 kV |2021-04-15 07:00:00,SILVER STAR SOLAR,0.095005,logistic-v1,"{""iso"":""CAISO"",""fuel"":""solar_storage"",""mw"":500.0,""queue_year"":2021}",,2028-12-01,"ISO queue terminal status, observed in data/snapshots/",open,,
2026-09-02T12:03:34+00:00,interconnection,CAISO:2144|ROCK VALLEY ENERGY CENTER|NYE|Beatty Substation 230 kV|2021-04-15 07:00:00,ROCK VALLEY ENERGY CENTER,0.095005,logistic-v1,"{""iso"":""CAISO"",""fuel"":""solar_storage"",""mw"":500.0,""queue_year"":2021}",,2029-03-15,"ISO queue terminal status, observed in data/snapshots/",open,,
2026-09-02T12:03:34+00:00,interconnection,CAISO:2146|WATER ROCK SOLAR 2|NYE|Gamebird Substation 230 kV|2021-04-15 07:00:00,WATER ROCK SOLAR 2,0.095005,logistic-v1,"{""iso"":""CAISO"",""fuel"":""solar_storage"",""mw"":500.0,""queue_year"":2021}",,2028-12-01,"ISO queue terminal status, observed in data/snapshots/",open,,
2026-09-02T12:03:34+00:00,interconnection,CAISO:2147|KAWICH|CLARK|Innovation-Desert View 230 kV Line|2021-04-15 07:00:00,KAWICH,0.103998,logistic-v1,"{""iso"":""CAISO"",""fuel"":""solar_storage"",""mw"":350.0,""queue_year"":2021}",,2029-07-27,"ISO queue terminal status, observed in data/snapshots/",open,,
2026-09-02T12:03:34+00:00,interconnection,CAISO:2148|MOSEY|CLARK|Trout Canyon Substation 230 kV|2021-04-15 07:00:00,MOSEY,0.095005,logistic-v1,"{""iso"":""CAISO"",""fuel"":""solar_storage"",""mw"":500.0,""queue_year"":2021}",,2029-06-27,"ISO queue terminal status, observed in data/snapshots/",open,,
2026-09-02T12:03:34+00:00,interconnection,CAISO:2149|SUNBAKED SOLAR|INYO|Trout Canyon Substation 230 kV|2021-04-15 07:00:00,SUNBAKED SOLAR,0.095005,logistic-v1,"{""iso"":""CAISO"",""fuel"":""solar_storage"",""mw"":500.0,""queue_year"":2021}",,2029-02-26,"ISO queue terminal status, observed in data/snapshots/",open,,
2026-09-02T12:03:34+00:00,interconnection,CAISO:2150|LARREA SOLAR|CLARK|Trout Canyon Substation 230 kV|2021-04-15 07:00:00,LARREA SOLAR,0.108109,logistic-v1,"{""iso"":""CAISO"",""fuel"":""solar_storage"",""mw"":300.0,""queue_year"":2021}",,2028-09-15,"ISO queue terminal status, observed in data/snapshots/",open,,
2026-09-02T12:03:34+00:00,interconnection,CAISO:2154|REMY|YUMA|Hoodoo Wash Switchyard 500 kV|2021-04-15 07:00:00,REMY,0.108109,logistic-v1,"{""iso"":""CAISO"",""fuel"":""solar_storage"",""mw"":300.0,""queue_year"":2021}",,2029-06-30,"ISO queue terminal status, observed in data/snapshots/",open,,
2026-09-02T12:03:34+00:00,interconnection,CAISO:2161|ALISA SOLAR ENERGY COMPLEX|YUMA|Hoodoo Wash - North Gila 500 kV|2021-04-15 07:00:00,ALISA SOLAR ENERGY COMPLEX,0.119600,logistic-v1,"{""iso"":""CAISO"",""fuel"":""solar_storage"",""mw"":200.0,""queue_year"":2021}",,2028-09-02,"ISO queue terminal status, observed in data/snapshots/",open,,
2026-09-02T12:03:34+00:00,interconnection,CAISO:2166|UMBRIEL|IMPERIAL|North Gila - Imperial Valley 500 kV Line|2021-04-15 07:00:00,UMBRIEL,0.076649,logistic-v1,"{""iso"":""CAISO"",""fuel"":""solar_storage"",""mw"":1150.0,""queue_year"":2021}",,2033-09-15,"ISO queue terminal status, observed in data/snapshots/",open,,
2026-09-02T12:03:34+00:00,interconnection,CAISO:2173|DESERT JEWEL STORAGE|SAN DIEGO|Boulevard East Substation 138 kV|2021-04-15 07:00:00,DESERT JEWEL STORAGE,0.037635,logistic-v1,"{""iso"":""CAISO"",""fuel"":""storage"",""mw"":200.0,""queue_year"":2021}",,2029-08-05,"ISO queue terminal status, observed in data/snapshots/",open,,
2026-09-02T12:03:34+00:00,interconnection,CAISO:2177|BOULDER BRUSH HYBRID|SAN DIEGO|Suncrest - Ocotillo 500 kV Line|2021-04-15 07:00:00,BOULDER BRUSH HYBRID,0.035085,logistic-v1,"{""iso"":""CAISO"",""fuel"":""hybrid_multi"",""mw"":400.0,""queue_year"":2021}",,2031-02-05,"ISO queue terminal status, observed in data/snapshots/",open,,
2026-09-02T12:03:34+00:00,interconnection,CAISO:2185|GATEWAY ENERGY STORAGE 2|SAN DIEGO|Otay Mesa Switchyard 230 kV|2021-04-15 07:00:00,GATEWAY ENERGY STORAGE 2,0.035429,logistic-v1,"{""iso"":""CAISO"",""fuel"":""storage"",""mw"":250.0,""queue_year"":2021}",,2035-02-05,"ISO queue terminal status, observed in data/snapshots/",open,,
2026-09-02T12:03:34+00:00,interconnection,ISONE:1596|NY Chateaugay 0 Willis Rd Storage (NYISO-C24-304-004)|Franklin|NYISO Willis 230 kV Substation|12/12/2024,NY Chateaugay 0 Willis Rd Storage (NYISO-C24-304-004),0.018718,logistic-v1,"{""iso"":""ISONE"",""fuel"":""storage"",""mw"":150.0,""queue_year"":2024}",,2028-09-02,"ISO queue terminal status, observed in data/snapshots/",open,,
2026-09-02T12:03:34+00:00,interconnection,ISONE:1595|Willard Storage (NYISO-C24-148)|Rensselaer|NYISO Eastover 115 kV|12/12/2024,Willard Storage (NYISO-C24-148),0.015457,logistic-v1,"{""iso"":""ISONE"",""fuel"":""storage"",""mw"":300.0,""queue_year"":2024}",,2028-10-01,"ISO queue terminal status, observed in data/snapshots/",open,,
2026-09-02T12:03:34+00:00,interconnection,"ISONE:1567|Battery Storage|Middlesex|The Point of Interconnection will be a direct interconnection will be located on the IC’s property (Lat, long: 42°41'23.38""N, 71°26'20.43""W) by tapping the 345-kV Line 326-2 (Sandy Pond-Lawrence Rd), owned by RI_NGRID, at approx. 8.4 miles from the 345-kV Lawerence Rd Substation (42% of line from Lawerence Rd).|6/11/2024",Battery Storage,0.013415,logistic-v1,"{""iso"":""ISONE"",""fuel"":""storage"",""mw"":500.0,""queue_year"":2024}",,2028-09-02,"ISO queue terminal status, observed in data/snapshots/",open,,
2026-09-02T12:03:34+00:00,interconnection,ISONE:1557|Battery Storage|Essex|115 kV Wakefield Junction Substation|6/6/2024,Battery Storage,0.016738,logistic-v1,"{""iso"":""ISONE"",""fuel"":""storage"",""mw"":225.0,""queue_year"":2024}",,2028-09-02,"ISO queue terminal status, observed in data/snapshots/",open,,
2026-09-02T12:03:34+00:00,interconnection,ISONE:1555|Battery Storage|Essex|115KV Line Q-169 between Resco-Saugus Tap and Melrose #2 Tap. Approximately 2.4 miles from Melrose #2 Tap and approximately 2.35 miles from Resco-Saugus Tap|6/6/2024,Battery Storage,0.017291,logistic-v1,"{""iso"":""ISONE"",""fuel"":""storage"",""mw"":200.0,""queue_year"":2024}",,2028-09-02,"ISO queue terminal status, observed in data/snapshots/",open,,
2026-09-02T12:03:34+00:00,interconnection,"ISONE:1551|Battery Storage|Worcester|The Point of Interconnection will be located on the IC’s property (Lat, long: 42°21'44.53""N, 72° 2'22.57""W) by tapping the 115-kV Line A127-4 (Barre-Paxton) at approx. 6km from Barre Substation owned by MA_NGRID.|5/31/2024",Battery Storage,0.017801,logistic-v1,"{""iso"":""ISONE"",""fuel"":""storage"",""mw"":180.0,""queue_year"":2024}",,2028-09-02,"ISO queue terminal status, observed in data/snapshots/",open,,
2026-09-02T12:03:34+00:00,interconnection,ISONE:1543|Battery Storage|Barnstable|The project will tap the 342-2 W line between the 345 kV Canal Substation and Jordan Tap with a new three breaker ring bus to connect the project|5/28/2024,Battery Storage,0.013415,logistic-v1,"{""iso"":""ISONE"",""fuel"":""storage"",""mw"":500.0,""queue_year"":2024}",,2028-09-15,"ISO queue terminal status, observed in data/snapshots/",open,,
2026-09-02T12:03:34+00:00,interconnection,"ISONE:1518|Battery Storage|Berkshire|Eversource, New Substation to be built at 42.488290, -73.219503|4/9/2024",Battery Storage,0.019229,logistic-v1,"{""iso"":""ISONE"",""fuel"":""storage"",""mw"":136.0,""queue_year"":2024}",,2028-09-02,"ISO queue terminal status, observed in data/snapshots/",open,,
2026-09-02T12:03:34+00:00,interconnection,ISONE:1515|Battery Storage|Berkshire|Alps-Berkshire 345kV line|4/9/2024,Battery Storage,0.015603,logistic-v1,"{""iso"":""ISONE"",""fuel"":""storage"",""mw"":290.0,""queue_year"":2024}",,2028-09-02,"ISO queue terminal status, observed in data/snapshots/",open,,
2026-09-02T12:03:34+00:00,interconnection,"ISONE:1502|Battery Storage|Franklin|Direct connection to VELCO 115kV Highgate substation (44.943833, -73.058515)|3/28/2024",Battery Storage,0.032514,logistic-v1,"{""iso"":""ISONE"",""fuel"":""storage"",""mw"":19.3,""queue_year"":2024}",,2029-06-01,"ISO queue terminal status, observed in data/snapshots/",open,,
2026-09-02T12:03:34+00:00,interconnection,"ISONE:1495|Battery Storage|Windsor|Direct connection to VELCO 115kV Windsor substation (43.48988, -72.40858)|2/22/2024",Battery Storage,0.032514,logistic-v1,"{""iso"":""ISONE"",""fuel"":""storage"",""mw"":19.3,""queue_year"":2024}",,2029-06-01,"ISO queue terminal status, observed in data/snapshots/",open,,
2026-09-02T12:03:34+00:00,interconnection,"ISONE:1428|Solar|Rockingham|A tap at existing 115 kV line between Eversource 115kV Scobie Pond - Pulpit Rock Line A184 115kV. * The new tap will be located at approx. 42.9292184N, -71.2567898W and along a ~6 mile segment of Line A184 (approx. 4.9 miles northeast of Scobie Pond and approx. 1.1 miles southwest of Pulpit Rock).|7/25/2023",Solar,0.033372,logistic-v1,"{""iso"":""ISONE"",""fuel"":""solar"",""mw"":100.0,""queue_year"":2023}",,2028-12-01,"ISO queue terminal status, observed in data/snapshots/",open,,
2026-09-02T12:03:34+00:00,interconnection,"ISONE:1427|Solar|York|Lebanon, Maine Line 391 Buxton Sub (CMP) to Scobie Pond (Eversource). GPS coordinates of the POI: 43°22'51.59""N, 70°55'57.74""W. ** This new tap is located approximately 27.8 miles southwest of Buxton substation and approx. 39.9 miles northeast of the Scobie Pond substation.|7/21/2023",Solar,0.028450,logistic-v1,"{""iso"":""ISONE"",""fuel"":""solar"",""mw"":180.0,""queue_year"":2023}",,2029-12-01,"ISO queue terminal status, observed in data/snapshots/",open,,
2026-09-02T12:03:34+00:00,interconnection,"ISONE:1412|Battery Storage|Bristol|Direct tap into the Pottersville Substation in Somerset, MA|6/20/2023",Battery Storage,0.019601,logistic-v1,"{""iso"":""ISONE"",""fuel"":""storage"",""mw"":168.0,""queue_year"":2023}",,2028-09-02,"ISO queue terminal status, observed in data/snapshots/",open,,
2026-09-02T12:03:34+00:00,interconnection,ISONE:1365|Battery Storage|Hampden|Connect to South Agawam 115 kV switchyard|3/9/2023,Battery Storage,0.017567,logistic-v1,"{""iso"":""ISONE"",""fuel"":""storage"",""mw"":250.0,""queue_year"":2023}",,2029-01-29,"ISO queue terminal status, observed in data/snapshots/",open,,
2026-09-02T12:03:34+00:00,interconnection,"ISONE:1357|Solar Increase|Hartford|To interconnect at the POI of Gravel Pit Solar (QP 1030 + QP 1247), as an increase to QP 1030 and QP1247, the POI is the new Gravel Pit Solar substation at the new three-breaker ring bus on the 115 kV Connecticut Light & Power Company 1200 line between Barbour Hill and Windsor Locks.|2/16/2023",Solar Increase,0.071147,logistic-v1,"{""iso"":""ISONE"",""fuel"":""solar"",""mw"":5.0,""queue_year"":2023}",,2028-09-02,"ISO queue terminal status, observed in data/snapshots/",open,,
2026-09-02T12:03:34+00:00,interconnection,ISONE:1320|Battery Storage|Worcester|National Grid 115KV Line R144 between Millbury No. 2 and Woonsocket substations - approximately 5.8 circuit miles from Woonsocket substation.|10/7/2022,Battery Storage,0.020075,logistic-v1,"{""iso"":""ISONE"",""fuel"":""storage"",""mw"":203.95,""queue_year"":2022}",,2028-09-02,"ISO queue terminal status, observed in data/snapshots/",open,,
2026-09-02T12:03:34+00:00,interconnection,ISONE:1319|Battery Storage|Litchfield|115 kV line between Rocky River and Bulls Bridge substations|10/7/2022,Battery Storage,0.022191,logistic-v1,"{""iso"":""ISONE"",""fuel"":""storage"",""mw"":141.6,""queue_year"":2022}",,2029-05-01,"ISO queue terminal status, observed in data/snapshots/",open,,
2026-09-02T12:03:34+00:00,interconnection,ISONE:1313|NY ETU QP1125|St. Lawrence-Lewis|Moses/Adirondack/Poter Path|9/23/2022,NY ETU QP1125,0.052811,logistic-v1,"{""iso"":""ISONE"",""fuel"":""unknown"",""mw"":0.0,""queue_year"":2022}",,2028-09-02,"ISO queue terminal status, observed in data/snapshots/",open,,
2026-09-02T12:03:34+00:00,interconnection,ISONE:1311|RNS - move load to new substation|Plymouth|Wareham Street to new South Middleborough Substation|9/23/2022,RNS - move load to new substation,0.111626,logistic-v1,"{""iso"":""ISONE"",""fuel"":""unknown"",""mw"":20.0,""queue_year"":2022}",,2028-09-02,"ISO queue terminal status, observed in data/snapshots/",open,,
2026-09-02T12:03:34+00:00,interconnection,ISONE:1293|GRID RNS|Middlesex|NGRID 115 kV T146 line|7/13/2022,GRID RNS,0.125771,logistic-v1,"{""iso"":""ISONE"",""fuel"":""unknown"",""mw"":12.0,""queue_year"":2022}",,2028-09-02,"ISO queue terminal status, observed in data/snapshots/",open,,
2026-09-02T12:03:34+00:00,interconnection,"ISONE:1272|West Springfield 45 MW BESS|Hampden|West Springfield Station, 115kV Bus (existing 8C-3X 140 MVA transformer; position WS#2).|6/8/2022",West Springfield 45 MW BESS,0.142533,logistic-v1,"{""iso"":""ISONE"",""fuel"":""storage"",""mw"":45.0,""queue_year"":2022}",,2029-04-06,"ISO queue terminal status, observed in data/snapshots/",open,,
2026-09-02T12:03:34+00:00,interconnection,"ISONE:1265|Revolution Offshore Wind CNR only||NG 115 kV Davisville Substation, Washington County|5/23/2022",Revolution Offshore Wind CNR only,0.093195,logistic-v1,"{""iso"":""ISONE"",""fuel"":""wind"",""mw"":0.0,""queue_year"":2022}",,2028-09-02,"ISO queue terminal status, observed in data/snapshots/",open,,
2026-09-02T12:03:34+00:00,interconnection,ISONE:1261|Battery Storage Addition (to QP1086)|Knox|CMP 115kV line Section 80|5/17/2022,Battery Storage Addition (to QP1086),0.629823,logistic-v1,"{""iso"":""ISONE"",""fuel"":""solar_storage"",""mw"":0.0,""queue_year"":2022}",,2028-09-02,"ISO queue terminal status, observed in data/snapshots/",open,,
2026-09-02T12:03:34+00:00,interconnection,"ISONE:1247|Solar|Hartford|To interconnect at the POI of Gravel Pit Solar QP 1030, via a Shared Facility, QP 1030 is described as a line cut and three-breaker ring bus of the 115 kV Connecticut Light & Power Company line between Barbour Hill and Windsor Locks.|4/5/2022",Solar,0.225763,logistic-v1,"{""iso"":""ISONE"",""fuel"":""solar"",""mw"":25.0,""queue_year"":2022}",,2028-09-02,"ISO queue terminal status, observed in data/snapshots/",open,,
2026-09-02T12:03:34+00:00,interconnection,ISONE:1245|Solar|Hartford|345kV Line 3419 Tap between Meekville Junction/Barbour Hill (PSSE Bus Number: 119103) To LudlowPSSE Bus Number: 116045)|3/31/2022,Solar,0.032271,logistic-v1,"{""iso"":""ISONE"",""fuel"":""solar"",""mw"":150.0,""queue_year"":2022}",,2028-09-24,"ISO queue terminal status, observed in data/snapshots/",open,,
2026-09-02T12:03:34+00:00,interconnection,ISONE:1238|Battery Storage|Norfolk|West Medway 345kV station|3/22/2022,Battery Storage,0.018049,logistic-v1,"{""iso"":""ISONE"",""fuel"":""storage"",""mw"":300.0,""queue_year"":2022}",,2028-09-02,"ISO queue terminal status, observed in data/snapshots/",open,,
2026-09-02T12:03:34+00:00,interconnection,ISONE:1226|Grissom Solar|Sullivan|46 kV subtransmission line between GMP Maple Avenue B-42 and the 4402 breaker at the GMP/NGRID demarc considered at Bellows Falls|3/4/2022,Grissom Solar,0.306178,logistic-v1,"{""iso"":""ISONE"",""fuel"":""solar"",""mw"":4.99,""queue_year"":2022}",,2028-09-02,"ISO queue terminal status, observed in data/snapshots/",open,,
2026-09-02T12:03:34+00:00,interconnection,ISONE:1192|Broadleaf Solar|Hartford|N. Bloomfield to Agawam 345kV Line. POI is approximately 3.6 mi north of N. Bloomfield (345kV) and 11.5 mi south of Agawam (345kV).|11/4/2021,Broadleaf Solar,0.176575,logistic-v1,"{""iso"":""ISONE"",""fuel"":""solar"",""mw"":101.128,""queue_year"":2021}",,2028-09-02,"ISO queue terminal status, observed in data/snapshots/",open,,
2026-09-02T12:03:34+00:00,interconnection,ISONE:1190|Solar Knox|Knox|CMP 115kV Line 80|10/28/2021,Solar Knox,0.225585,logistic-v1,"{""iso"":""ISONE"",""fuel"":""solar"",""mw"":33.5,""queue_year"":2021}",,2028-09-02,"ISO queue terminal status, observed in data/snapshots/",open,,
2026-09-02T12:03:34+00:00,interconnection,ISONE:1171|Twin Energy Wind|Oxford|Roxbury Substation|10/25/2021,Twin Energy Wind,0.204235,logistic-v1,"{""iso"":""ISONE"",""fuel"":""wind"",""mw"":18.3,""queue_year"":2021}",,2028-09-02,"ISO queue terminal status, observed in data/snapshots/",open,,
2026-09-02T12:03:34+00:00,interconnection,ISONE:1163|Battery Storage|Washington|RIE L190-2 (0.615 miles from Davisville and 1.935 miles from Old Baptist substations).|9/22/2021,Battery Storage,0.021655,logistic-v1,"{""iso"":""ISONE"",""fuel"":""storage"",""mw"":205.0,""queue_year"":2021}",,2029-09-28,"ISO queue terminal status, observed in data/snapshots/",open,,
2026-09-02T12:03:34+00:00,interconnection,"ISONE:1149|Battery addition|Franklin|National Grid's PTF (E-5B, F-6 West PTF transmission lines)|8/6/2021",Battery addition,0.059478,logistic-v1,"{""iso"":""ISONE"",""fuel"":""hybrid_multi"",""mw"":6.7,""queue_year"":2021}",,2028-09-02,"ISO queue terminal status, observed in data/snapshots/",open,,
2026-09-02T12:03:34+00:00,interconnection,"ISONE:1148|Lite Brite Battery Storage|Suffolk|Electric Avenue 115 kV substation (bus number 110926), Zone MA_NST|7/13/2021",Lite Brite Battery Storage,0.095714,logistic-v1,"{""iso"":""ISONE"",""fuel"":""storage"",""mw"":300.0,""queue_year"":2021}",,2028-09-02,"ISO queue terminal status, observed in data/snapshots/",open,,
2026-09-02T12:03:34+00:00,interconnection,ISONE:1147|Solar|Rensselaer|National Grid’s North Troy – Hoosick 115kV Line #5|7/8/2021,Solar,0.059236,logistic-v1,"{""iso"":""ISONE"",""fuel"":""solar"",""mw"":20.0,""queue_year"":2021}",,2028-09-02,"ISO queue terminal status, observed in data/snapshots/",open,,
2026-09-02T12:03:34+00:00,interconnection,"ISONE:1143|Battery Storage|Middlesex|Mystic 345 kV between breaker 101, 106 and 107|6/15/2021",Battery Storage,0.083616,logistic-v1,"{""iso"":""ISONE"",""fuel"":""storage"",""mw"":508.248,""queue_year"":2021}",,2028-09-02,"ISO queue terminal status, observed in data/snapshots/",open,,
2026-09-02T12:03:34+00:00,interconnection,ISONE:1139|Turner Meadow Solar|Androscoggin|CMP 34.5kV Line 50|6/4/2021,Turner Meadow Solar,0.251507,logistic-v1,"{""iso"":""ISONE"",""fuel"":""solar"",""mw"":19.8,""queue_year"":2021}",,2028-09-02,"ISO queue terminal status, observed in data/snapshots/",open,,
2026-09-02T12:03:34+00:00,interconnection,ISONE:1138|Husky Solar|Windham|The POI will be located about 6.9 miles from the 1607/1505 line ROW (Exeter Tap) and about 1.1 miles from the Exeter Sub 54N along the 115 kV underground line to the Exeter Sub 54N.|6/3/2021,Husky Solar,0.206753,logistic-v1,"{""iso"":""ISONE"",""fuel"":""solar"",""mw"":50.159,""queue_year"":2021}",,2030-05-01,"ISO queue terminal status, observed in data/snapshots/",open,,
2026-09-02T12:03:34+00:00,interconnection,"ISONE:1136|Nutes Solar|Strafford|43°23'7.50""N, 71° 1'23.45""W, Direct Tap, Circuit #3174 34.5 kV|5/20/2021",Nutes Solar,0.250999,logistic-v1,"{""iso"":""ISONE"",""fuel"":""solar"",""mw"":20.0,""queue_year"":2021}",,2028-09-02,"ISO queue terminal status, observed in data/snapshots/",open,,
2026-09-02T12:03:34+00:00,interconnection,ISONE:1123|Naugatuck Avenue Battery Storage CNR Only (see QP1089)|New Haven|devon 115kV substation|4/21/2021,Naugatuck Avenue Battery Storage CNR Only (see QP1089),0.090559,logistic-v1,"{""iso"":""ISONE"",""fuel"":""storage"",""mw"":0.0,""queue_year"":2021}",,2028-10-01,"ISO queue terminal status, observed in data/snapshots/",open,,
2026-09-02T12:03:34+00:00,interconnection,ISONE:1116|SouthCoast Wind 1||Brayton Point making use of QP 837 to connect|4/13/2021,SouthCoast Wind 1,0.074059,logistic-v1,"{""iso"":""ISONE"",""fuel"":""wind"",""mw"":1200.0,""queue_year"":2021}",,2030-05-01,"ISO queue terminal status, observed in data/snapshots/",open,,
2026-09-02T12:03:34+00:00,interconnection,ISONE:1115|Hecate Energy Eastern Ave Energy Center|Suffolk|Sta 488 Chelsea 115 kV substation|4/8/2021,Hecate Energy Eastern Ave Energy Center,0.100245,logistic-v1,"{""iso"":""ISONE"",""fuel"":""storage"",""mw"":250.0,""queue_year"":2021}",,2028-09-02,"ISO queue terminal status, observed in data/snapshots/",open,,
2026-09-02T12:03:34+00:00,interconnection,ISONE:1110|Norman Street Battery Storage|Middlesex|Mystic 115kV|3/18/2021,Norman Street Battery Storage,0.105517,logistic-v1,"{""iso"":""ISONE"",""fuel"":""storage"",""mw"":204.0,""queue_year"":2021}",,2028-09-02,"ISO queue terminal status, observed in data/snapshots/",open,,
2026-09-02T12:03:34+00:00,interconnection,"ISONE:1100|Solar|Somerset|The proposed POI is on Central Maine Power 115 kV line Section 82 (Athens – Hartland), approximately 7.5 circuit miles to Athens Substation and approximately 4.3 circuit miles to Hartland station. Approximate POI coordinates: 44.8759° N, 69.5423° W|2/19/2021",Solar,0.163726,logistic-v1,"{""iso"":""ISONE"",""fuel"":""solar"",""mw"":140.0,""queue_year"":2021}",,2029-02-08,"ISO queue terminal status, observed in data/snapshots/",open,,
2026-09-02T12:03:34+00:00,interconnection,ISONE:1090|Park City Offshore Wind CNR||Eversource (NSTAR) 345kV West Barnstable|1/13/2021,Park City Offshore Wind CNR,0.100073,logistic-v1,"{""iso"":""ISONE"",""fuel"":""wind"",""mw"":0.0,""queue_year"":2021}",,2029-05-01,"ISO queue terminal status, observed in data/snapshots/",open,,
2026-09-02T12:03:34+00:00,interconnection,ISONE:1089|Naugatuck Avenue Battery Storage|New Haven|Devon 115 kV open position between 4T and 5T|1/8/2021,Naugatuck Avenue Battery Storage,0.105346,logistic-v1,"{""iso"":""ISONE"",""fuel"":""storage"",""mw"":205.32,""queue_year"":2021}",,2028-10-01,"ISO queue terminal status, observed in data/snapshots/",open,,
2026-09-02T12:03:34+00:00,interconnection,ISONE:1087|SolarFairfield|Somerset|New Rice Rips 34.5 kV Substation in Oakland Maine|12/17/2020,SolarFairfield,0.271248,logistic-v1,"{""iso"":""ISONE"",""fuel"":""solar"",""mw"":18.14,""queue_year"":2020}",,2028-09-02,"ISO queue terminal status, observed in data/snapshots/",open,,
2026-09-02T12:03:34+00:00,interconnection,ISONE:1086|Warren Meadow Solar|Knox|CMP 115kV line Section 80|11/30/2020,Warren Meadow Solar,0.201709,logistic-v1,"{""iso"":""ISONE"",""fuel"":""solar"",""mw"":74.5,""queue_year"":2020}",,2028-09-02,"ISO queue terminal status, observed in data/snapshots/",open,,
2026-09-02T12:03:34+00:00,interconnection,"ISONE:1021|Emery Meadow Solar|York|CMP 34.5 kV, Section 182|4/27/2020",Emery Meadow Solar,0.276517,logistic-v1,"{""iso"":""ISONE"",""fuel"":""solar"",""mw"":16.425,""queue_year"":2020}",,2028-09-02,"ISO queue terminal status, observed in data/snapshots/",open,,
2026-09-02T12:03:34+00:00,interconnection,ISONE:953|BD Solar Church Hill|Androscoggin|101105 Augusta East w New Breaker|2/19/2020,BD Solar Church Hill,0.266105,logistic-v1,"{""iso"":""ISONE"",""fuel"":""solar"",""mw"":20.0,""queue_year"":2020}",,2028-09-02,"ISO queue terminal status, observed in data/snapshots/",open,,
2026-09-02T12:03:34+00:00,interconnection,ISONE:944|Bay State Wind 4 Offshore Wind||National Grid Brayton Point 345kV|12/18/2019,Bay State Wind 4 Offshore Wind,0.085621,logistic-v1,"{""iso"":""ISONE"",""fuel"":""wind"",""mw"":1200.0,""queue_year"":2019}",,2033-03-27,"ISO queue terminal status, observed in data/snapshots/",open,,
2026-09-02T12:03:34+00:00,interconnection,"ISONE:935|West Baldwin Solar|Cumberland|CMP 34.5 kv Line, Section 91|10/30/2019",West Baldwin Solar,0.290344,logistic-v1,"{""iso"":""ISONE"",""fuel"":""solar"",""mw"":17.1,""queue_year"":2019}",,2029-08-31,"ISO queue terminal status, observed in data/snapshots/",open,,
2026-09-02T12:03:34+00:00,interconnection,ISONE:929|GDC Saco Solar|York|CMP Louden 34.5kV substation|10/15/2019,GDC Saco Solar,0.281778,logistic-v1,"{""iso"":""ISONE"",""fuel"":""solar"",""mw"":20.0,""queue_year"":2019}",,2028-09-02,"ISO queue terminal status, observed in data/snapshots/",open,,
2026-09-02T12:03:34+00:00,interconnection,ISONE:925|NY QP556 AC|Onieda/Albany|NY Edic - New Scotland 345 kV|9/6/2019,NY QP556 AC,0.065968,logistic-v1,"{""iso"":""ISONE"",""fuel"":""unknown"",""mw"":0.0,""queue_year"":2019}",,2028-09-02,"ISO queue terminal status, observed in data/snapshots/",open,,
2026-09-02T12:03:34+00:00,interconnection,ISONE:924|NY QP543 AC|Albany/Dutchess|NY Greenbush PV 345 kV|9/6/2019,NY QP543 AC,0.065968,logistic-v1,"{""iso"":""ISONE"",""fuel"":""unknown"",""mw"":0.0,""queue_year"":2019}",,2028-09-02,"ISO queue terminal status, observed in data/snapshots/",open,,
2026-09-02T12:03:34+00:00,interconnection,ISONE:877|Energy Storage|Norfolk|National Grid's South Wrentham 115kV substation|4/11/2019,Energy Storage,0.126911,logistic-v1,"{""iso"":""ISONE"",""fuel"":""storage"",""mw"":170.0,""queue_year"":2019}",,2028-09-02,"ISO queue terminal status, observed in data/snapshots/",open,,
2026-09-02T12:03:34+00:00,interconnection,ISONE:837|Somerset Wind Link - 1200 MW HVDC Line (Controllable) into Brayton Point|Bristol|The proposed point of interconnection is: GRID Brayton PT 345kV|2/22/2019,Somerset Wind Link - 1200 MW HVDC Line (Controllable) into Brayton Point,0.048344,logistic-v1,"{""iso"":""ISONE"",""fuel"":""unknown"",""mw"":1200.0,""queue_year"":2019}",,2030-05-01,"ISO queue terminal status, observed in data/snapshots/",open,,
2026-09-02T12:03:34+00:00,interconnection,"ISONE:833|Three Rivers Solar|Hancock|New 115 kV breaker Ring bus, tapping 115 kV Line 93 (Emera Maine) between Bull Hill & Deblois|1/9/2019",Three Rivers Solar,0.201176,logistic-v1,"{""iso"":""ISONE"",""fuel"":""solar"",""mw"":100.0,""queue_year"":2019}",,2028-09-02,"ISO queue terminal status, observed in data/snapshots/",open,,
2026-09-02T12:03:34+00:00,interconnection,ISONE:807|FPS Panton Solar|Addison|Vergennes 115 kV Substation|12/13/2018,FPS Panton Solar,0.248378,logistic-v1,"{""iso"":""ISONE"",""fuel"":""solar"",""mw"":50.0,""queue_year"":2018}",,2029-11-01,"ISO queue terminal status, observed in data/snapshots/",open,,
2026-09-02T12:03:34+00:00,interconnection,"ISONE:781|Revoultion Offshore wind||NG 115 kV Davisville substation, Washington County|9/13/2018",Revoultion Offshore wind,0.105351,logistic-v1,"{""iso"":""ISONE"",""fuel"":""wind"",""mw"":704.0,""queue_year"":2018}",,2028-09-02,"ISO queue terminal status, observed in data/snapshots/",open,,
2026-09-02T12:03:34+00:00,interconnection,ISONE:700|Park City Offshore Wind||Eversource 345 kV West Barnstable Substation|12/15/2017,Park City Offshore Wind,0.109763,logistic-v1,"{""iso"":""ISONE"",""fuel"":""wind"",""mw"":791.0,""queue_year"":2017}",,2029-05-01,"ISO queue terminal status, observed in data/snapshots/",open,,
2026-09-02T12:03:34+00:00,interconnection,ISONE:680|Fair Haven Solar|Rutland|GMP 46 kV between Carver Falls and Fair Haven Tap|8/3/2017,Fair Haven Solar,0.314745,logistic-v1,"{""iso"":""ISONE"",""fuel"":""solar"",""mw"":20.0,""queue_year"":2017}",,2028-09-02,"ISO queue terminal status, observed in data/snapshots/",open,,
2026-09-02T12:03:34+00:00,interconnection,ISONE:674|Shaftsbury Solar|Bennington|GMP 46 kV between East Arlington and S. Shaftsbury Tap|7/28/2017,Shaftsbury Solar,0.314745,logistic-v1,"{""iso"":""ISONE"",""fuel"":""solar"",""mw"":20.0,""queue_year"":2017}",,2028-12-01,"ISO queue terminal status, observed in data/snapshots/",open,,
2026-09-02T12:03:34+00:00,interconnection,MISO:J4182||||2025-10-08T00:37:52+00:00,nan,0.420257,logistic-v1,"{""iso"":""MISO"",""fuel"":""unknown"",""mw"":0.0,""queue_year"":2025}",,2033-12-31,"ISO queue terminal status, observed in data/snapshots/",open,,
2026-09-02T12:03:34+00:00,interconnection,MISO:J4179||||2025-10-07T20:34:28+00:00,nan,0.091716,logistic-v1,"{""iso"":""MISO"",""fuel"":""unknown"",""mw"":735.0,""queue_year"":2025}",,2033-12-31,"ISO queue terminal status, observed in data/snapshots/",open,,
2026-09-02T12:03:34+00:00,interconnection,MISO:J4184||||2025-10-07T20:25:22+00:00,nan,0.091088,logistic-v1,"{""iso"":""MISO"",""fuel"":""unknown"",""mw"":755.0,""queue_year"":2025}",,2033-12-31,"ISO queue terminal status, observed in data/snapshots/",open,,
2026-09-02T12:03:34+00:00,interconnection,MISO:J4177||||2025-10-07T23:07:23+00:00,nan,0.091716,logistic-v1,"{""iso"":""MISO"",""fuel"":""unknown"",""mw"":735.0,""queue_year"":2025}",,2033-12-31,"ISO queue terminal status, observed in data/snapshots/",open,,
2026-09-02T12:03:34+00:00,interconnection,MISO:J4175||||2025-10-07T19:08:44+00:00,nan,0.099929,logistic-v1,"{""iso"":""MISO"",""fuel"":""unknown"",""mw"":770.0,""queue_year"":2025}",,2033-12-31,"ISO queue terminal status, observed in data/snapshots/",open,,
2026-09-02T12:03:34+00:00,interconnection,MISO:J4146||||2025-09-06T01:17:28+00:00,nan,0.420257,logistic-v1,"{""iso"":""MISO"",""fuel"":""unknown"",""mw"":0.0,""queue_year"":2025}",,2028-09-02,"ISO queue terminal status, observed in data/snapshots/",open,,
2026-09-02T12:03:34+00:00,interconnection,MISO:J4183||||2025-10-07T01:41:17+00:00,nan,0.164648,logistic-v1,"{""iso"":""MISO"",""fuel"":""unknown"",""mw"":99.9,""queue_year"":2025}",,2033-12-31,"ISO queue terminal status, observed in data/snapshots/",open,,
2026-09-02T12:03:34+00:00,interconnection,MISO:J4180||||2025-10-07T20:00:44+00:00,nan,0.041076,logistic-v1,"{""iso"":""MISO"",""fuel"":""unknown"",""mw"":755.0,""queue_year"":2025}",,2033-12-31,"ISO queue terminal status, observed in data/snapshots/",open,,
2026-09-02T12:03:34+00:00,interconnection,MISO:J3485||Huron|RAPSON|2024-04-16T04:00:00+00:00,nan,0.240066,logistic-v1,"{""iso"":""MISO"",""fuel"":""storage"",""mw"":100.0,""queue_year"":2024}",,2032-12-31,"ISO queue terminal status, observed in data/snapshots/",open,,
2026-09-02T12:03:34+00:00,interconnection,MISO:J4187||||2025-10-07T20:12:47+00:00,nan,0.041076,logistic-v1,"{""iso"":""MISO"",""fuel"":""unknown"",""mw"":755.0,""queue_year"":2025}",,2033-12-31,"ISO queue terminal status, observed in data/snapshots/",open,,
2026-09-02T12:03:34+00:00,interconnection,MISO:J4185||||2025-10-07T19:50:56+00:00,nan,0.100429,logistic-v1,"{""iso"":""MISO"",""fuel"":""unknown"",""mw"":755.0,""queue_year"":2025}",,2033-12-31,"ISO queue terminal status, observed in data/snapshots/",open,,
2026-09-02T12:03:34+00:00,interconnection,MISO:J3464||Story|Fernald|2024-04-16T04:00:00+00:00,nan,0.219562,logistic-v1,"{""iso"":""MISO"",""fuel"":""solar"",""mw"":200.0,""queue_year"":2024}",,2032-12-31,"ISO queue terminal status, observed in data/snapshots/",open,,
2026-09-02T12:03:34+00:00,interconnection,MISO:J3461||Muscatine|SUB 56 - SUB 89 161.0kV|2024-04-17T04:00:00+00:00,nan,0.316935,logistic-v1,"{""iso"":""MISO"",""fuel"":""solar"",""mw"":156.0,""queue_year"":2024}",,2032-12-31,"ISO queue terminal status, observed in data/snapshots/",open,,
2026-09-02T12:03:34+00:00,interconnection,MISO:J4178||||2025-10-07T19:42:02+00:00,nan,0.100429,logistic-v1,"{""iso"":""MISO"",""fuel"":""unknown"",""mw"":755.0,""queue_year"":2025}",,2033-12-31,"ISO queue terminal status, observed in data/snapshots/",open,,
2026-09-02T12:03:34+00:00,interconnection,MISO:J3493||McDonough|Other_|2024-04-17T04:00:00+00:00,nan,0.225108,logistic-v1,"{""iso"":""MISO"",""fuel"":""wind"",""mw"":200.0,""queue_year"":2024}",,2032-12-31,"ISO queue terminal status, observed in data/snapshots/",open,,
2026-09-02T12:03:34+00:00,interconnection,MISO:J3402||Juneau|New J1502 TO Switching Station (Emerson)|2024-04-18T04:00:00+00:00,nan,0.206434,logistic-v1,"{""iso"":""MISO"",""fuel"":""storage"",""mw"":200.0,""queue_year"":2024}",,2032-12-31,"ISO queue terminal status, observed in data/snapshots/",open,,
2026-09-02T12:03:34+00:00,interconnection,MISO:J3457||Arkansas|STUTTGART RICUSKEY - WOODWARD 230 SUB 230.0kV|2024-04-12T04:00:00+00:00,nan,0.146166,logistic-v1,"{""iso"":""MISO"",""fuel"":""solar"",""mw"":215.0,""queue_year"":2024}",,2032-12-31,"ISO queue terminal status, observed in data/snapshots/",open,,
2026-09-02T12:03:34+00:00,interconnection,MISO:J3298||Tazewell|Towerline|2024-04-17T04:00:00+00:00,nan,0.206434,logistic-v1,"{""iso"":""MISO"",""fuel"":""storage"",""mw"":200.0,""queue_year"":2024}",,2032-12-31,"ISO queue terminal status, observed in data/snapshots/",open,,
2026-09-02T12:03:34+00:00,interconnection,MISO:J3833||Cass|Buffalo 115 kV|2024-10-01T04:00:00+00:00,nan,0.244496,logistic-v1,"{""iso"":""MISO"",""fuel"":""wind"",""mw"":200.0,""queue_year"":2024}",,2032-12-31,"ISO queue terminal status, observed in data/snapshots/",open,,
2026-09-02T12:03:34+00:00,interconnection,MISO:J3336||Tuscola|RINGLE|2024-04-05T04:00:00+00:00,nan,0.310117,logistic-v1,"{""iso"":""MISO"",""fuel"":""wind"",""mw"":41.8,""queue_year"":2024}",,2032-12-31,"ISO queue terminal status, observed in data/snapshots/",open,,
2026-09-02T12:03:34+00:00,interconnection,MISO:J3296||Hamilton|Hamilton|2024-04-17T04:00:00+00:00,nan,0.224679,logistic-v1,"{""iso"":""MISO"",""fuel"":""storage"",""mw"":200.0,""queue_year"":2024}",,2032-12-31,"ISO queue terminal status, observed in data/snapshots/",open,,
2026-09-02T12:03:34+00:00,interconnection,MISO:J3792||Gratiot|ALMA - VESTABURG 138.0kV|2024-04-18T04:00:00+00:00,nan,0.238907,logistic-v1,"{""iso"":""MISO"",""fuel"":""solar"",""mw"":125.0,""queue_year"":2024}",,2032-12-31,"ISO queue terminal status, observed in data/snapshots/",open,,
2026-09-02T12:03:34+00:00,interconnection,MISO:J3776||Midland|TittabawASSEe|2024-04-18T04:00:00+00:00,nan,0.166485,logistic-v1,"{""iso"":""MISO"",""fuel"":""storage"",""mw"":150.0,""queue_year"":2024}",,2032-12-31,"ISO queue terminal status, observed in data/snapshots/",open,,
2026-09-02T12:03:34+00:00,interconnection,MISO:J3777||Cheboygan|MC GULPIN - RIGGSVILLE (MILL CREEK) 138.0kV|2024-04-12T04:00:00+00:00,nan,0.254955,logistic-v1,"{""iso"":""MISO"",""fuel"":""solar"",""mw"":91.8,""queue_year"":2024}",,2032-12-31,"ISO queue terminal status, observed in data/snapshots/",open,,
2026-09-02T12:03:34+00:00,interconnection,MISO:J3798||Winnebago|Bison - Colby 345kV|2024-03-27T04:00:00+00:00,nan,0.155656,logistic-v1,"{""iso"":""MISO"",""fuel"":""wind"",""mw"":320.0,""queue_year"":2024}",,2032-12-31,"ISO queue terminal status, observed in data/snapshots/",open,,
2026-09-02T12:03:34+00:00,interconnection,MISO:J3797||Edgar|7KANSAS   - 08SUGCRK 345.0kV|2024-04-18T04:00:00+00:00,nan,0.117476,logistic-v1,"{""iso"":""MISO"",""fuel"":""solar"",""mw"":141.23,""queue_year"":2024}",,2032-12-31,"ISO queue terminal status, observed in data/snapshots/",open,,
2026-09-02T12:03:34+00:00,interconnection,MISO:J3550||Dubois|Duff - Dubois 138.0 kV|2024-04-18T04:00:00+00:00,nan,0.224679,logistic-v1,"{""iso"":""MISO"",""fuel"":""storage"",""mw"":200.0,""queue_year"":2024}",,2032-12-31,"ISO queue terminal status, observed in data/snapshots/",open,,
2026-09-02T12:03:34+00:00,interconnection,MISO:J3400||Deuel|Astoria 345kV substation|2024-03-20T04:00:00+00:00,nan,0.525561,logistic-v1,"{""iso"":""MISO"",""fuel"":""solar_storage"",""mw"":142.2,""queue_year"":2024}",,2032-12-31,"ISO queue terminal status, observed in data/snapshots/",open,,
2026-09-02T12:03:34+00:00,interconnection,MISO:J3456||Tazewell|San Jose Rail Switching Station|2024-04-18T04:00:00+00:00,nan,0.385013,logistic-v1,"{""iso"":""MISO"",""fuel"":""wind"",""mw"":100.0,""queue_year"":2024}",,2032-12-31,"ISO queue terminal status, observed in data/snapshots/",open,,
2026-09-02T12:03:34+00:00,interconnection,MISO:J3498||Knox|7FARGO - 7SANDBURG 345.0kV|2024-04-13T04:00:00+00:00,nan,0.267317,logistic-v1,"{""iso"":""MISO"",""fuel"":""solar"",""mw"":250.0,""queue_year"":2024}",,2032-12-31,"ISO queue terminal status, observed in data/snapshots/",open,,
2026-09-02T12:03:34+00:00,interconnection,MISO:J3551||Mahaska|BEACON|2024-04-18T04:00:00+00:00,nan,0.224679,logistic-v1,"{""iso"":""MISO"",""fuel"":""storage"",""mw"":200.0,""queue_year"":2024}",,2032-12-31,"ISO queue terminal status, observed in data/snapshots/",open,,
2026-09-02T12:03:34+00:00,interconnection,MISO:J3611||Hamilton|7W_FRFT_E - 7NORRIS   345.0kV|2024-04-18T04:00:00+00:00,nan,0.432433,logistic-v1,"{""iso"":""MISO"",""fuel"":""solar"",""mw"":140.0,""queue_year"":2024}",,2032-12-31,"ISO queue terminal status, observed in data/snapshots/",open,,
2026-09-02T12:03:34+00:00,interconnection,MISO:J3672||Big Stone|Big Stone South - Alexandira 345kV|2024-04-18T04:00:00+00:00,nan,0.224060,logistic-v1,"{""iso"":""MISO"",""fuel"":""wind"",""mw"":300.0,""queue_year"":2024}",,2032-12-31,"ISO queue terminal status, observed in data/snapshots/",open,,
2026-09-02T12:03:34+00:00,interconnection,MISO:J3682||Muskegon|FOUR MILE - WHITE ROAD 138.0kV|2024-04-18T04:00:00+00:00,nan,0.229743,logistic-v1,"{""iso"":""MISO"",""fuel"":""solar"",""mw"":150.0,""queue_year"":2024}",,2032-12-31,"ISO queue terminal status, observed in data/snapshots/",open,,
2026-09-02T12:03:34+00:00,interconnection,MISO:J3701||Taylor|ORIENT - NORTHBORO 345.0kV|2024-04-18T04:00:00+00:00,nan,0.210299,logistic-v1,"{""iso"":""MISO"",""fuel"":""wind"",""mw"":400.0,""queue_year"":2024}",,2032-12-31,"ISO queue terminal status, observed in data/snapshots/",open,,
2026-09-02T12:03:34+00:00,interconnection,MISO:J3669||Stevens|Big Stone South - Alexandria 345.0kV|2024-04-18T04:00:00+00:00,nan,0.325774,logistic-v1,"{""iso"":""MISO"",""fuel"":""solar"",""mw"":135.0,""queue_year"":2024}",,2032-12-31,"ISO queue terminal status, observed in data/snapshots/",open,,
2026-09-02T12:03:34+00:00,interconnection,MISO:J3691||White|REYNOLDS|2024-04-18T04:00:00+00:00,nan,0.224679,logistic-v1,"{""iso"":""MISO"",""fuel"":""storage"",""mw"":200.0,""queue_year"":2024}",,2032-12-31,"ISO queue terminal status, observed in data/snapshots/",open,,
2026-09-02T12:03:34+00:00,interconnection,MISO:J3727||Madison|Mississippi|2024-04-16T04:00:00+00:00,nan,0.308729,logistic-v1,"{""iso"":""MISO"",""fuel"":""storage"",""mw"":225.0,""queue_year"":2024}",,2032-12-31,"ISO queue terminal status, observed in data/snapshots/",open,,
2026-09-02T12:03:34+00:00,interconnection,MISO:J3725||Louisa|SUB 93 LOUISA - SUB T HASKINS 345.0kV|2024-04-18T04:00:00+00:00,nan,0.302036,logistic-v1,"{""iso"":""MISO"",""fuel"":""solar"",""mw"":200.0,""queue_year"":2024}",,2032-12-31,"ISO queue terminal status, observed in data/snapshots/",open,,
2026-09-02T12:03:34+00:00,interconnection,MISO:J3724||Vigo|Sandford|2024-04-16T04:00:00+00:00,nan,0.083713,logistic-v1,"{""iso"":""MISO"",""fuel"":""solar"",""mw"":132.0,""queue_year"":2024}",,2032-12-31,"ISO queue terminal status, observed in data/snapshots/",open,,
2026-09-02T12:03:34+00:00,interconnection,MISO:J3733||Gibson|Oakland City  - Old Ben Coal 138.0kV|2024-05-25T04:00:00+00:00,nan,0.233405,logistic-v1,"{""iso"":""MISO"",""fuel"":""solar_storage"",""mw"":150.0,""queue_year"":2024}",,2032-12-31,"ISO queue terminal status, observed in data/snapshots/",open,,
2026-09-02T12:03:34+00:00,interconnection,MISO:J3417||Macon|Oreana|2024-04-17T04:00:00+00:00,nan,0.291739,logistic-v1,"{""iso"":""MISO"",""fuel"":""storage"",""mw"":300.0,""queue_year"":2024}",,2032-12-31,"ISO queue terminal status, observed in data/snapshots/",open,,
2026-09-02T12:03:34+00:00,interconnection,MISO:J3421||Huron|SEASIDE|2024-04-15T04:00:00+00:00,nan,0.240066,logistic-v1,"{""iso"":""MISO"",""fuel"":""storage"",""mw"":100.0,""queue_year"":2024}",,2032-12-31,"ISO queue terminal status, observed in data/snapshots/",open,,
2026-09-02T12:03:34+00:00,interconnection,MISO:J3420||McPherson|Ellendale 345 - Twin Brooks 345.0kV|2024-03-18T04:00:00+00:00,nan,0.244496,logistic-v1,"{""iso"":""MISO"",""fuel"":""wind"",""mw"":200.0,""queue_year"":2024}",,2032-12-31,"ISO queue terminal status, observed in data/snapshots/",open,,
2026-09-02T12:03:34+00:00,interconnection,MISO:J3256||Clark|4GALLATIN - 4KANSAS   138.0kV|2024-04-13T04:00:00+00:00,nan,0.408058,logistic-v1,"{""iso"":""MISO"",""fuel"":""solar"",""mw"":200.0,""queue_year"":2024}",,2032-12-31,"ISO queue terminal status, observed in data/snapshots/",open,,
2026-09-02T12:03:34+00:00,interconnection,MISO:J3419||Huron|SEASIDE|2024-03-18T04:00:00+00:00,nan,0.296328,logistic-v1,"{""iso"":""MISO"",""fuel"":""solar"",""mw"":150.0,""queue_year"":2024}",,2032-12-31,"ISO queue terminal status, observed in data/snapshots/",open,,
2026-09-02T12:03:34+00:00,interconnection,MISO:J3438||Saginaw|MURPHY|2024-03-26T04:00:00+00:00,nan,0.147521,logistic-v1,"{""iso"":""MISO"",""fuel"":""storage"",""mw"":250.0,""queue_year"":2024}",,2032-12-31,"ISO queue terminal status, observed in data/snapshots/",open,,
2026-09-02T12:03:34+00:00,interconnection,MISO:J3449||Pope|MORRILTON EAST - ATKINS 161.0kV|2024-03-26T04:00:00+00:00,nan,0.148719,logistic-v1,"{""iso"":""MISO"",""fuel"":""solar"",""mw"":200.0,""queue_year"":2024}",,2032-12-31,"ISO queue terminal status, observed in data/snapshots/",open,,
2026-09-02T12:03:34+00:00,interconnection,MISO:J2332||Cottonwood|Lyon County - Cedar Mountain 345kV|2022-09-15T04:00:00+00:00,nan,0.126918,logistic-v1,"{""iso"":""MISO"",""fuel"":""wind"",""mw"":200.0,""queue_year"":2022}",,2030-12-31,"ISO queue terminal status, observed in data/snapshots/",open,,
2026-09-02T12:03:34+00:00,interconnection,MISO:J2343||Marion|Georgetown  - North 138.0kV|2022-09-14T04:00:00+00:00,nan,0.276851,logistic-v1,"{""iso"":""MISO"",""fuel"":""storage"",""mw"":130.0,""queue_year"":2022}",,2030-12-31,"ISO queue terminal status, observed in data/snapshots/",open,,
2026-09-02T12:03:34+00:00,interconnection,MISO:J3268||Gratiot|REGAL|2024-04-18T04:00:00+00:00,nan,0.182838,logistic-v1,"{""iso"":""MISO"",""fuel"":""storage"",""mw"":100.0,""queue_year"":2024}",,2032-12-31,"ISO queue terminal status, observed in data/snapshots/",open,,
2026-09-02T12:03:34+00:00,interconnection,MISO:J3274||Ogemaw|GALLAGHER - TWINING 138.0kV|2024-04-15T04:00:00+00:00,nan,0.198621,logistic-v1,"{""iso"":""MISO"",""fuel"":""solar"",""mw"":290.0,""queue_year"":2024}",,2032-12-31,"ISO queue terminal status, observed in data/snapshots/",open,,
2026-09-02T12:03:34+00:00,interconnection,MISO:J3418||Sangamon|7AUSTIN - 7TURNER 345.0kV|2024-04-17T04:00:00+00:00,nan,0.274412,logistic-v1,"{""iso"":""MISO"",""fuel"":""solar"",""mw"":220.0,""queue_year"":2024}",,2032-12-31,"ISO queue terminal status, observed in data/snapshots/",open,,
2026-09-02T12:03:34+00:00,interconnection,MISO:J3428||McPherson|Ellendale 345 - Twin Brooks 345.0kV|2024-03-18T04:00:00+00:00,nan,0.244496,logistic-v1,"{""iso"":""MISO"",""fuel"":""wind"",""mw"":200.0,""queue_year"":2024}",,2032-12-31,"ISO queue terminal status, observed in data/snapshots/",open,,
2026-09-02T12:03:34+00:00,interconnection,MISO:J2342||Worth|Worth County|2022-09-15T04:00:00+00:00,nan,0.191481,logistic-v1,"{""iso"":""MISO"",""fuel"":""wind"",""mw"":230.0,""queue_year"":2022}",,2030-12-31,"ISO queue terminal status, observed in data/snapshots/",open,,
2026-09-02T12:03:34+00:00,interconnection,MISO:J2326||Outagamie|Werner West|2022-09-13T04:00:00+00:00,nan,0.248208,logistic-v1,"{""iso"":""MISO"",""fuel"":""storage"",""mw"":150.0,""queue_year"":2022}",,2030-12-31,"ISO queue terminal status, observed in data/snapshots/",open,,
2026-09-02T12:03:34+00:00,interconnection,MISO:J2330||Leflore|GREENWOOD|2022-09-15T04:00:00+00:00,nan,0.086918,logistic-v1,"{""iso"":""MISO"",""fuel"":""solar"",""mw"":200.0,""queue_year"":2022}",,2030-12-31,"ISO queue terminal status, observed in data/snapshots/",open,,
2026-09-02T12:03:34+00:00,interconnection,MISO:J2353||White|REYNOLDS - BURR OAK 345.0kV|2022-09-15T04:00:00+00:00,nan,0.339486,logistic-v1,"{""iso"":""MISO"",""fuel"":""solar"",""mw"":190.0,""queue_year"":2022}",,2030-12-31,"ISO queue terminal status, observed in data/snapshots/",open,,
2026-09-02T12:03:34+00:00,interconnection,MISO:J2351||Clay|AECC RECTOR NORTH - RECTOR 161kV line|2022-09-15T04:00:00+00:00,nan,0.086918,logistic-v1,"{""iso"":""MISO"",""fuel"":""solar"",""mw"":200.0,""queue_year"":2022}",,2030-12-31,"ISO queue terminal status, observed in data/snapshots/",open,,
2026-09-02T12:03:34+00:00,interconnection,MISO:J2350||Pulaski|WHITE BLUFF EHV - WRIGHTSVILLE 115.0kV|2022-09-15T04:00:00+00:00,nan,0.192615,logistic-v1,"{""iso"":""MISO"",""fuel"":""solar"",""mw"":115.5,""queue_year"":2022}",,2030-12-31,"ISO queue terminal status, observed in data/snapshots/",open,,
2026-09-02T12:03:34+00:00,interconnection,MISO:J2346||Murray|Lyon County - Cedar Mountain 345kV|2022-09-15T04:00:00+00:00,nan,0.126918,logistic-v1,"{""iso"":""MISO"",""fuel"":""wind"",""mw"":200.0,""queue_year"":2022}",,2030-12-31,"ISO queue terminal status, observed in data/snapshots/",open,,
2026-09-02T12:03:34+00:00,interconnection,MISO:J3324||Palo Alto|PALO ALTO - KOSSUTH COUNTY 345.0kV|2024-04-18T04:00:00+00:00,nan,0.244496,logistic-v1,"{""iso"":""MISO"",""fuel"":""wind"",""mw"":200.0,""queue_year"":2024}",,2032-12-31,"ISO queue terminal status, observed in data/snapshots/",open,,
2026-09-02T12:03:34+00:00,interconnection,MISO:J3249||Vanderburgh|Elliott - Francisco 138.0kV|2024-04-13T04:00:00+00:00,nan,0.224679,logistic-v1,"{""iso"":""MISO"",""fuel"":""storage"",""mw"":200.0,""queue_year"":2024}",,2032-12-31,"ISO queue terminal status, observed in data/snapshots/",open,,
2026-09-02T12:03:34+00:00,interconnection,MISO:J3342||Vermilion|J2192 POI|2024-04-18T04:00:00+00:00,nan,0.415222,logistic-v1,"{""iso"":""MISO"",""fuel"":""solar"",""mw"":180.0,""queue_year"":2024}",,2032-12-31,"ISO queue terminal status, observed in data/snapshots/",open,,
2026-09-02T12:03:34+00:00,interconnection,MISO:J3344||Knox|7FARGO - 7SANDBURG 345.0kV|2024-04-13T04:00:00+00:00,nan,0.240066,logistic-v1,"{""iso"":""MISO"",""fuel"":""storage"",""mw"":100.0,""queue_year"":2024}",,2032-12-31,"ISO queue terminal status, observed in data/snapshots/",open,,
2026-09-02T12:03:34+00:00,interconnection,MISO:J3439||Sherburne|RICE LAKE SWITCH ELSM11 - ZIMMERMAN TAP - SS2858 - ELS1 69.0kV|2024-04-11T04:00:00+00:00,nan,0.365459,logistic-v1,"{""iso"":""MISO"",""fuel"":""solar"",""mw"":72.0,""queue_year"":2024}",,2032-12-31,"ISO queue terminal status, observed in data/snapshots/",open,,
2026-09-02T12:03:34+00:00,interconnection,MISO:J3443||Big Stone|Big Stone South - Alexandira 345kV|2024-04-12T04:00:00+00:00,nan,0.485987,logistic-v1,"{""iso"":""MISO"",""fuel"":""solar_storage"",""mw"":250.0,""queue_year"":2024}",,2032-12-31,"ISO queue terminal status, observed in data/snapshots/",open,,
2026-09-02T12:03:34+00:00,interconnection,MISO:J3379||Johnson|7JORD - 7MASS 345.0kV|2024-04-18T04:00:00+00:00,nan,0.455677,logistic-v1,"{""iso"":""MISO"",""fuel"":""solar"",""mw"":100.0,""queue_year"":2024}",,2032-12-31,"ISO queue terminal status, observed in data/snapshots/",open,,
2026-09-02T12:03:34+00:00,interconnection,MISO:R5098||||2026-05-26T04:00:00+00:00,nan,0.212890,logistic-v1,"{""iso"":""MISO"",""fuel"":""unknown"",""mw"":0.0,""queue_year"":2026}",,2034-12-31,"ISO queue terminal status, observed in data/snapshots/",open,,
2026-09-02T12:03:34+00:00,interconnection,MISO:S1157||||2026-04-13T22:36:28+00:00,nan,0.102138,logistic-v1,"{""iso"":""MISO"",""fuel"":""unknown"",""mw"":534.0,""queue_year"":2026}",,2034-12-31,"ISO queue terminal status, observed in data/snapshots/",open,,
2026-09-02T12:03:34+00:00,interconnection,MISO:S1171|||White Bluff EHV 500MW|2026-05-26T04:00:00+00:00,nan,0.212890,logistic-v1,"{""iso"":""MISO"",""fuel"":""unknown"",""mw"":0.0,""queue_year"":2026}",,2034-12-31,"ISO queue terminal status, observed in data/snapshots/",open,,
2026-09-02T12:03:34+00:00,interconnection,MISO:R5092||Washington|4JORD - 4ASHLEY 138.0kV|2026-04-10T09:43:08+00:00,nan,0.055545,logistic-v1,"{""iso"":""MISO"",""fuel"":""unknown"",""mw"":185.0,""queue_year"":2026}",,2034-12-31,"ISO queue terminal status, observed in data/snapshots/",open,,
2026-09-02T12:03:34+00:00,interconnection,MISO:J3805||Fayette|Coffeen North-Ramsey East-4557|2024-03-27T04:00:00+00:00,nan,0.393005,logistic-v1,"{""iso"":""MISO"",""fuel"":""solar"",""mw"":250.0,""queue_year"":2024}",,2032-12-31,"ISO queue terminal status, observed in data/snapshots/",open,,
2026-09-02T12:03:34+00:00,interconnection,MISO:J3729||Franklin|Benton Northwest|2024-04-18T04:00:00+00:00,nan,0.315835,logistic-v1,"{""iso"":""MISO"",""fuel"":""storage"",""mw"":200.0,""queue_year"":2024}",,2032-12-31,"ISO queue terminal status, observed in data/snapshots/",open,,
2026-09-02T12:03:34+00:00,interconnection,MISO:J3529||Mahnomen|Mahnomen - Winger 115.0kV|2024-05-20T04:00:00+00:00,nan,0.373089,logistic-v1,"{""iso"":""MISO"",""fuel"":""solar"",""mw"":64.0,""queue_year"":2024}",,2032-12-31,"ISO queue terminal status, observed in data/snapshots/",open,,
2026-09-02T12:03:34+00:00,interconnection,MISO:J3604||Sullivan|Merom (HED) -  Dresser 345.0kV|2024-04-18T04:00:00+00:00,nan,0.133701,logistic-v1,"{""iso"":""MISO"",""fuel"":""gas"",""mw"":650.0,""queue_year"":2024}",,2032-12-31,"ISO queue terminal status, observed in data/snapshots/",open,,
2026-09-02T12:03:34+00:00,interconnection,MISO:J3859||Branch|Other_|2024-12-17T05:00:00+00:00,nan,0.215769,logistic-v1,"{""iso"":""MISO"",""fuel"":""solar"",""mw"":200.0,""queue_year"":2024}",,2032-12-31,"ISO queue terminal status, observed in data/snapshots/",open,,
2026-09-02T12:03:34+00:00,interconnection,MISO:J3368||St. Landry|Ville Platte - West Fork 230.0kV|2024-04-18T04:00:00+00:00,nan,0.244522,logistic-v1,"{""iso"":""MISO"",""fuel"":""wind"",""mw"":199.9,""queue_year"":2024}",,2032-12-31,"ISO queue terminal status, observed in data/snapshots/",open,,
2026-09-02T12:03:34+00:00,interconnection,MISO:J3835||Saginaw|Other_|2024-07-18T04:00:00+00:00,nan,0.304757,logistic-v1,"{""iso"":""MISO"",""fuel"":""solar"",""mw"":130.0,""queue_year"":2024}",,2032-12-31,"ISO queue terminal status, observed in data/snapshots/",open,,
2026-09-02T12:03:34+00:00,interconnection,MISO:J3836||Eaton|ONEIDA|2024-10-24T04:00:00+00:00,nan,0.147521,logistic-v1,"{""iso"":""MISO"",""fuel"":""storage"",""mw"":250.0,""queue_year"":2024}",,2032-12-31,"ISO queue terminal status, observed in data/snapshots/",open,,
2026-09-02T12:03:34+00:00,interconnection,MISO:J3451||Alcona|IOSCO - SPRUCE ROAD 138.0kV|2024-04-05T04:00:00+00:00,nan,0.240992,logistic-v1,"{""iso"":""MISO"",""fuel"":""solar"",""mw"":120.0,""queue_year"":2024}",,2032-12-31,"ISO queue terminal status, observed in data/snapshots/",open,,
2026-09-02T12:03:34+00:00,interconnection,MISO:J3448||Grant|NELSON DEWEY (ATC) - GRAN GRAE (ATC) 161.0kV|2024-04-18T04:00:00+00:00,nan,0.250001,logistic-v1,"{""iso"":""MISO"",""fuel"":""wind"",""mw"":180.0,""queue_year"":2024}",,2032-12-31,"ISO queue terminal status, observed in data/snapshots/",open,,
2026-09-02T12:03:34+00:00,interconnection,MISO:J3837||Van Buren|ARGENTA - PALISADES 345.0kV|2024-12-02T05:00:00+00:00,nan,0.215769,logistic-v1,"{""iso"":""MISO"",""fuel"":""solar"",""mw"":200.0,""queue_year"":2024}",,2032-12-31,"ISO queue terminal status, observed in data/snapshots/",open,,
2026-09-02T12:03:34+00:00,interconnection,MISO:J3800||Baraga|Silver River|2024-04-17T04:00:00+00:00,nan,0.698025,logistic-v1,"{""iso"":""MISO"",""fuel"":""gas"",""mw"":1.8,""queue_year"":2024}",,2032-12-31,"ISO queue terminal status, observed in data/snapshots/",open,,
2026-09-02T12:03:34+00:00,interconnection,MISO:J4258||||2026-08-06T21:56:48+00:00,nan,0.092533,logistic-v1,"{""iso"":""MISO"",""fuel"":""unknown"",""mw"":787.3,""queue_year"":2026}",,2034-12-31,"ISO queue terminal status, observed in data/snapshots/",open,,
2026-09-02T12:03:34+00:00,interconnection,MISO:J3722||Hillsdale|COLDWATER - MOORE ROAD 138.0kV|2024-03-27T04:00:00+00:00,nan,0.229743,logistic-v1,"{""iso"":""MISO"",""fuel"":""solar"",""mw"":150.0,""queue_year"":2024}",,2032-12-31,"ISO queue terminal status, observed in data/snapshots/",open,,
2026-09-02T12:03:34+00:00,interconnection,MISO:J3528||Jasper|7CASEY    - 7NEWTON   345.0kV|2024-04-15T04:00:00+00:00,nan,0.608061,logistic-v1,"{""iso"":""MISO"",""fuel"":""solar_storage"",""mw"":225.0,""queue_year"":2024}",,2032-12-31,"ISO queue terminal status, observed in data/snapshots/",open,,
2026-09-02T12:03:34+00:00,interconnection,MISO:J3843||Saginaw|GOSS - SLATE 345.0kV|2024-11-21T05:00:00+00:00,nan,0.197108,logistic-v1,"{""iso"":""MISO"",""fuel"":""solar"",""mw"":300.0,""queue_year"":2024}",,2032-12-31,"ISO queue terminal status, observed in data/snapshots/",open,,
2026-09-02T12:03:34+00:00,interconnection,MISO:J3856||Wabash|08GIBSON (PSI) - 7ALBION   345.0kV|2024-12-26T05:00:00+00:00,nan,0.330069,logistic-v1,"{""iso"":""MISO"",""fuel"":""wind"",""mw"":235.0,""queue_year"":2024}",,2032-12-31,"ISO queue terminal status, observed in data/snapshots/",open,,
2026-09-02T12:03:34+00:00,interconnection,MISO:S1156||||2026-04-13T22:38:55+00:00,nan,0.097866,logistic-v1,"{""iso"":""MISO"",""fuel"":""unknown"",""mw"":632.0,""queue_year"":2026}",,2034-12-31,"ISO queue terminal status, observed in data/snapshots/",open,,
2026-09-02T12:03:34+00:00,interconnection,MISO:J3719||Miami|Greentown  - Walton. 230.0kV|2024-03-20T04:00:00+00:00,nan,0.107727,logistic-v1,"{""iso"":""MISO"",""fuel"":""solar"",""mw"":200.0,""queue_year"":2024}",,2032-12-31,"ISO queue terminal status, observed in data/snapshots/",open,,
2026-09-02T12:03:34+00:00,interconnection,MISO:J3873||Gibson|Owensville Primary|2024-12-19T05:00:00+00:00,nan,0.224679,logistic-v1,"{""iso"":""MISO"",""fuel"":""storage"",""mw"":200.0,""queue_year"":2024}",,2032-12-31,"ISO queue terminal status, observed in data/snapshots/",open,,
2026-09-02T12:03:34+00:00,interconnection,MISO:J3521||Shelby|Neoga|2024-04-18T04:00:00+00:00,nan,0.305782,logistic-v1,"{""iso"":""MISO"",""fuel"":""wind"",""mw"":350.0,""queue_year"":2024}",,2032-12-31,"ISO queue terminal status, observed in data/snapshots/",open,,
2026-09-02T12:03:34+00:00,interconnection,MISO:J3723||Wexford|KEYSTONE - LUDINGTON 345.0kV|2024-04-15T04:00:00+00:00,nan,0.197108,logistic-v1,"{""iso"":""MISO"",""fuel"":""solar"",""mw"":300.0,""queue_year"":2024}",,2032-12-31,"ISO queue terminal status, observed in data/snapshots/",open,,
2026-09-02T12:03:34+00:00,interconnection,MISO:J3543||Dakota|Chub Lake 115 kV|2024-04-18T04:00:00+00:00,nan,0.244467,logistic-v1,"{""iso"":""MISO"",""fuel"":""storage"",""mw"":135.0,""queue_year"":2024}",,2032-12-31,"ISO queue terminal status, observed in data/snapshots/",open,,
2026-09-02T12:03:34+00:00,interconnection,MISO:J3602||McLean|Other_|2024-04-17T04:00:00+00:00,nan,0.378723,logistic-v1,"{""iso"":""MISO"",""fuel"":""wind"",""mw"":110.0,""queue_year"":2024}",,2032-12-31,"ISO queue terminal status, observed in data/snapshots/",open,,
2026-09-02T12:03:34+00:00,interconnection,MISO:J3601||Morehouse|OAK RIDGE (LA) - SWARTZ 115.0kV|2024-04-16T04:00:00+00:00,nan,0.302036,logistic-v1,"{""iso"":""MISO"",""fuel"":""solar"",""mw"":200.0,""queue_year"":2024}",,2032-12-31,"ISO queue terminal status, observed in data/snapshots/",open,,
2026-09-02T12:03:34+00:00,interconnection,MISO:J3844||St. Joseph|BATAVIA - MORROW  138.0kV|2024-11-26T05:00:00+00:00,nan,0.229743,logistic-v1,"{""iso"":""MISO"",""fuel"":""solar"",""mw"":150.0,""queue_year"":2024}",,2032-12-31,"ISO queue terminal status, observed in data/snapshots/",open,,
2026-09-02T12:03:34+00:00,interconnection,MISO:J3799||Livingston|BLACKFOOT - MADRID 345.0kV|2024-04-18T04:00:00+00:00,nan,0.283607,logistic-v1,"{""iso"":""MISO"",""fuel"":""gas"",""mw"":1452.0,""queue_year"":2024}",,2032-12-31,"ISO queue terminal status, observed in data/snapshots/",open,,
2026-09-02T12:03:34+00:00,interconnection,MISO:J4113||Cerro Gordo|Killdeer|2025-10-06T04:00:00+00:00,nan,0.239479,logistic-v1,"{""iso"":""MISO"",""fuel"":""gas"",""mw"":787.4,""queue_year"":2025}",,2033-12-31,"ISO queue terminal status, observed in data/snapshots/",open,,
2026-09-02T12:03:34+00:00,interconnection,MISO:J4114||Washington|SUB T HASKINS|2025-10-06T04:00:00+00:00,nan,0.351897,logistic-v1,"{""iso"":""MISO"",""fuel"":""gas"",""mw"":525.0,""queue_year"":2025}",,2033-12-31,"ISO queue terminal status, observed in data/snapshots/",open,,
2026-09-02T12:03:34+00:00,interconnection,MISO:J3742||Otter Tail|Wahpeton - Fergus Falls 230.0kV|2024-06-06T04:00:00+00:00,nan,0.517309,logistic-v1,"{""iso"":""MISO"",""fuel"":""solar_storage"",""mw"":160.0,""queue_year"":2024}",,2032-12-31,"ISO queue terminal status, observed in data/snapshots/",open,,
2026-09-02T12:03:34+00:00,interconnection,MISO:J3763||Wayne|DBGEN GIS|2024-04-18T04:00:00+00:00,nan,0.476880,logistic-v1,"{""iso"":""MISO"",""fuel"":""other"",""mw"":7.5,""queue_year"":2024}",,2032-12-31,"ISO queue terminal status, observed in data/snapshots/",open,,
2026-09-02T12:03:34+00:00,interconnection,MISO:J3761||Ogemaw|GALLAGHER - TWINING 138.0kV|2024-04-05T04:00:00+00:00,nan,0.231154,logistic-v1,"{""iso"":""MISO"",""fuel"":""solar"",""mw"":145.8,""queue_year"":2024}",,2032-12-31,"ISO queue terminal status, observed in data/snapshots/",open,,
2026-09-02T12:03:34+00:00,interconnection,MISO:J3505||Bollinger|5HERITAGE - 5FREDTN  161.0kV|2024-04-16T04:00:00+00:00,nan,0.239054,logistic-v1,"{""iso"":""MISO"",""fuel"":""storage"",""mw"":150.0,""queue_year"":2024}",,2032-12-31,"ISO queue terminal status, observed in data/snapshots/",open,,
2026-09-02T12:03:34+00:00,interconnection,MISO:J3764||Madison|Andes Substation 230 kV|2024-04-18T04:00:00+00:00,nan,0.513061,logistic-v1,"{""iso"":""MISO"",""fuel"":""solar_storage"",""mw"":170.0,""queue_year"":2024}",,2032-12-31,"ISO queue terminal status, observed in data/snapshots/",open,,
2026-09-02T12:03:34+00:00,interconnection,MISO:J3473||Bay|Other_|2024-04-18T04:00:00+00:00,nan,0.296328,logistic-v1,"{""iso"":""MISO"",""fuel"":""solar"",""mw"":150.0,""queue_year"":2024}",,2032-12-31,"ISO queue terminal status, observed in data/snapshots/",open,,
2026-09-02T12:03:34+00:00,interconnection,MISO:J3552||McLeod|Hutchinson Municipal - GRE Big Swan 115.0kV|2024-04-16T04:00:00+00:00,nan,0.337362,logistic-v1,"{""iso"":""MISO"",""fuel"":""solar"",""mw"":112.0,""queue_year"":2024}",,2032-12-31,"ISO queue terminal status, observed in data/snapshots/",open,,
2026-09-02T12:03:34+00:00,interconnection,MISO:J3522||Cass|Bison|2024-03-18T04:00:00+00:00,nan,0.142393,logistic-v1,"{""iso"":""MISO"",""fuel"":""solar"",""mw"":200.0,""queue_year"":2024}",,2032-12-31,"ISO queue terminal status, observed in data/snapshots/",open,,
2026-09-02T12:03:34+00:00,interconnection,MISO:J3592||Sunflower|INDIANOLA 230/115 SUB - TILLATOBA 230.0kV|2024-04-18T04:00:00+00:00,nan,0.314882,logistic-v1,"{""iso"":""MISO"",""fuel"":""wind"",""mw"":57.0,""queue_year"":2024}",,2032-12-31,"ISO queue terminal status, observed in data/snapshots/",open,,
2026-09-02T12:03:34+00:00,interconnection,MISO:J3756||Marquette|Huron|2024-04-17T04:00:00+00:00,nan,0.659976,logistic-v1,"{""iso"":""MISO"",""fuel"":""gas"",""mw"":4.2,""queue_year"":2024}",,2032-12-31,"ISO queue terminal status, observed in data/snapshots/",open,,
2026-09-02T12:03:34+00:00,interconnection,MISO:J3750||Mercer|OAK GROVE - SANDBURG (AMRN) 345.0kV|2024-04-18T04:00:00+00:00,nan,0.233100,logistic-v1,"{""iso"":""MISO"",""fuel"":""wind"",""mw"":250.0,""queue_year"":2024}",,2032-12-31,"ISO queue terminal status, observed in data/snapshots/",open,,
2026-09-02T12:03:34+00:00,interconnection,MISO:J3523||Barron|BARRON  - WASHCO  161.0kV|2024-04-16T04:00:00+00:00,nan,0.252854,logistic-v1,"{""iso"":""MISO"",""fuel"":""storage"",""mw"":115.0,""queue_year"":2024}",,2032-12-31,"ISO queue terminal status, observed in data/snapshots/",open,,
2026-09-02T12:03:34+00:00,interconnection,MISO:J3590||Humphreys|BELZONI - BELZONI TAP SS 115.0kV|2024-04-17T04:00:00+00:00,nan,0.362827,logistic-v1,"{""iso"":""MISO"",""fuel"":""solar"",""mw"":75.0,""queue_year"":2024}",,2032-12-31,"ISO queue terminal status, observed in data/snapshots/",open,,
2026-09-02T12:03:34+00:00,interconnection,MISO:J3865||Shiawassee|CORNELL - LAYTON 138.0kV|2024-12-08T05:00:00+00:00,nan,0.161954,logistic-v1,"{""iso"":""MISO"",""fuel"":""wind"",""mw"":250.0,""queue_year"":2024}",,2032-12-31,"ISO queue terminal status, observed in data/snapshots/",open,,
2026-09-02T12:03:34+00:00,interconnection,MISO:J3586||Montgomery|JACINTO - PEACH CREEK 230.0kV|2024-04-18T04:00:00+00:00,nan,0.300346,logistic-v1,"{""iso"":""MISO"",""fuel"":""solar"",""mw"":205.8,""queue_year"":2024}",,2032-12-31,"ISO queue terminal status, observed in data/snapshots/",open,,
2026-09-02T12:03:34+00:00,interconnection,MISO:J3630||East Feliciana|MOLER - COLFEL 230.0kV|2024-04-18T04:00:00+00:00,nan,0.568028,logistic-v1,"{""iso"":""MISO"",""fuel"":""solar_storage"",""mw"":77.0,""queue_year"":2024}",,2032-12-31,"ISO queue terminal status, observed in data/snapshots/",open,,
2026-09-02T12:03:34+00:00,interconnection,MISO:J3254||Pulaski|5CAPE GIR3 - 5JOPPA SR 161.0kV|2024-04-15T04:00:00+00:00,nan,0.484047,logistic-v1,"{""iso"":""MISO"",""fuel"":""solar_storage"",""mw"":175.0,""queue_year"":2024}",,2032-12-31,"ISO queue terminal status, observed in data/snapshots/",open,,
2026-09-02T12:03:34+00:00,interconnection,MISO:J3275||Benton|Mud Lake - Benton County (GRE) 230kV|2024-04-17T04:00:00+00:00,nan,0.233301,logistic-v1,"{""iso"":""MISO"",""fuel"":""wind"",""mw"":249.0,""queue_year"":2024}",,2032-12-31,"ISO queue terminal status, observed in data/snapshots/",open,,
2026-09-02T12:03:34+00:00,interconnection,MISO:J3331||Sullivan|Petersburg - Sullivan (AEP/PJM) 345.0kV|2024-04-17T04:00:00+00:00,nan,0.377370,logistic-v1,"{""iso"":""MISO"",""fuel"":""gas"",""mw"":470.0,""queue_year"":2024}",,2032-12-31,"ISO queue terminal status, observed in data/snapshots/",open,,
2026-09-02T12:03:34+00:00,interconnection,MISO:J3412||Ford|Other_|2024-03-18T04:00:00+00:00,nan,0.380843,logistic-v1,"{""iso"":""MISO"",""fuel"":""solar"",""mw"":300.0,""queue_year"":2024}",,2032-12-31,"ISO queue terminal status, observed in data/snapshots/",open,,
2026-09-02T12:03:34+00:00,interconnection,MISO:J3696||Montcalm|NELSON ROAD - VERGENNES 345.0kV|2024-04-15T04:00:00+00:00,nan,0.151284,logistic-v1,"{""iso"":""MISO"",""fuel"":""storage"",""mw"":225.0,""queue_year"":2024}",,2032-12-31,"ISO queue terminal status, observed in data/snapshots/",open,,
2026-09-02T12:03:34+00:00,interconnection,MISO:J3713||Wapello|Ottumwa Generation - Woody 161kV|2024-04-18T04:00:00+00:00,nan,0.173821,logistic-v1,"{""iso"":""MISO"",""fuel"":""wind"",""mw"":200.0,""queue_year"":2024}",,2032-12-31,"ISO queue terminal status, observed in data/snapshots/",open,,
2026-09-02T12:03:34+00:00,interconnection,MISO:J3864||Shiawassee|GOSS - THETFORD 345.0kV|2024-12-09T05:00:00+00:00,nan,0.165160,logistic-v1,"{""iso"":""MISO"",""fuel"":""wind"",""mw"":230.0,""queue_year"":2024}",,2032-12-31,"ISO queue terminal status, observed in data/snapshots/",open,,
2026-09-02T12:03:34+00:00,interconnection,MISO:J3866||Lapeer|BENNET - GREENWOOD 120.0kV|2024-12-06T05:00:00+00:00,nan,0.205851,logistic-v1,"{""iso"":""MISO"",""fuel"":""wind"",""mw"":300.0,""queue_year"":2024}",,2032-12-31,"ISO queue terminal status, observed in data/snapshots/",open,,
2026-09-02T12:03:34+00:00,interconnection,MISO:J3860||Peoria|7FARGO - 7SANDBURG 345.0kV|2025-01-27T05:00:00+00:00,nan,0.171827,logistic-v1,"{""iso"":""MISO"",""fuel"":""wind"",""mw"":500.0,""queue_year"":2025}",,2033-12-31,"ISO queue terminal status, observed in data/snapshots/",open,,
2026-09-02T12:03:34+00:00,interconnection,MISO:J3660||Rock Island|Oak Grove 161 kV sub|2024-04-18T04:00:00+00:00,nan,0.224679,logistic-v1,"{""iso"":""MISO"",""fuel"":""storage"",""mw"":200.0,""queue_year"":2024}",,2032-12-31,"ISO queue terminal status, observed in data/snapshots/",open,,
2026-09-02T12:03:34+00:00,interconnection,"MISO:J3654||Washtenaw|Line tap on Superior-Wayne 120kV line at 42.275480, -83.628250|2024-04-05T04:00:00+00:00",nan,0.219972,logistic-v1,"{""iso"":""MISO"",""fuel"":""storage"",""mw"":150.0,""queue_year"":2024}",,2032-12-31,"ISO queue terminal status, observed in data/snapshots/",open,,
2026-09-02T12:03:34+00:00,interconnection,MISO:J3735||Genesee|BEVERIDGE 138kV|2024-04-05T04:00:00+00:00,nan,0.182838,logistic-v1,"{""iso"":""MISO"",""fuel"":""storage"",""mw"":100.0,""queue_year"":2024}",,2032-12-31,"ISO queue terminal status, observed in data/snapshots/",open,,
2026-09-02T12:03:34+00:00,interconnection,MISO:J3655||Dallas|OVERLAND TRAIL - FALLOW AVENUE 345.0kV|2024-04-17T04:00:00+00:00,nan,0.244496,logistic-v1,"{""iso"":""MISO"",""fuel"":""wind"",""mw"":200.0,""queue_year"":2024}",,2032-12-31,"ISO queue terminal status, observed in data/snapshots/",open,,
2026-09-02T12:03:34+00:00,interconnection,MISO:J3656||Saginaw|BAUER|2024-03-26T04:00:00+00:00,nan,0.196351,logistic-v1,"{""iso"":""MISO"",""fuel"":""storage"",""mw"":250.0,""queue_year"":2024}",,2032-12-31,"ISO queue terminal status, observed in data/snapshots/",open,,
2026-09-02T12:03:34+00:00,interconnection,MISO:J2437||Lee|BRINKLEY EAST - AECC AUBREY 230.0kV|2022-09-15T04:00:00+00:00,nan,0.137036,logistic-v1,"{""iso"":""MISO"",""fuel"":""wind"",""mw"":175.0,""queue_year"":2022}",,2030-12-31,"ISO queue terminal status, observed in data/snapshots/",open,,
2026-09-02T12:03:34+00:00,interconnection,MISO:J2526||Red River|Layfield - Western Kraft 230.0kV|2022-09-14T04:00:00+00:00,nan,0.336263,logistic-v1,"{""iso"":""MISO"",""fuel"":""solar"",""mw"":200.0,""queue_year"":2022}",,2030-12-31,"ISO queue terminal status, observed in data/snapshots/",open,,
2026-09-02T12:03:34+00:00,interconnection,MISO:J2369||Taylor|Madison-Orient 345kV|2022-09-14T04:00:00+00:00,nan,0.252650,logistic-v1,"{""iso"":""MISO"",""fuel"":""wind"",""mw"":300.0,""queue_year"":2022}",,2030-12-31,"ISO queue terminal status, observed in data/snapshots/",open,,
2026-09-02T12:03:34+00:00,interconnection,MISO:J2524||Stoddard|5STODDARD - 5MORLEY (AECI) 161kV|2022-09-15T04:00:00+00:00,nan,0.086918,logistic-v1,"{""iso"":""MISO"",""fuel"":""solar"",""mw"":200.0,""queue_year"":2022}",,2030-12-31,"ISO queue terminal status, observed in data/snapshots/",open,,
2026-09-02T12:03:34+00:00,interconnection,MISO:J2384||Shelby|4PANA 1 - 4SHELBYVL E 138.0kV|2022-09-15T04:00:00+00:00,nan,0.097965,logistic-v1,"{""iso"":""MISO"",""fuel"":""solar"",""mw"":125.0,""queue_year"":2022}",,2030-12-31,"ISO queue terminal status, observed in data/snapshots/",open,,
2026-09-02T12:03:34+00:00,interconnection,MISO:J2484||Monroe|Other_|2022-09-14T04:00:00+00:00,nan,0.355785,logistic-v1,"{""iso"":""MISO"",""fuel"":""solar"",""mw"":100.0,""queue_year"":2022}",,2030-12-31,"ISO queue terminal status, observed in data/snapshots/",open,,
2026-09-02T12:03:34+00:00,interconnection,"MISO:J3653||Washtenaw|Line tap on Superior-Wayne 120kV line at 42.275480, -83.628250|2024-04-05T04:00:00+00:00",nan,0.334243,logistic-v1,"{""iso"":""MISO"",""fuel"":""solar"",""mw"":80.0,""queue_year"":2024}",,2032-12-31,"ISO queue terminal status, observed in data/snapshots/",open,,
2026-09-02T12:03:34+00:00,interconnection,MISO:J3712||Peoria|7FARGO - 7SANDBURG 345.0kV|2024-04-18T04:00:00+00:00,nan,0.198851,logistic-v1,"{""iso"":""MISO"",""fuel"":""wind"",""mw"":350.0,""queue_year"":2024}",,2032-12-31,"ISO queue terminal status, observed in data/snapshots/",open,,
2026-09-02T12:03:34+00:00,interconnection,MISO:J3731||Knox|Edwardsport  - Vincennes 138.0kV|2024-04-17T04:00:00+00:00,nan,0.113897,logistic-v1,"{""iso"":""MISO"",""fuel"":""solar"",""mw"":160.0,""queue_year"":2024}",,2032-12-31,"ISO queue terminal status, observed in data/snapshots/",open,,
2026-09-02T12:03:34+00:00,interconnection,MISO:J2523||Independence|INDEPENDENCE-ISES|2022-09-14T04:00:00+00:00,nan,0.161143,logistic-v1,"{""iso"":""MISO"",""fuel"":""solar"",""mw"":250.0,""queue_year"":2022}",,2030-12-31,"ISO queue terminal status, observed in data/snapshots/",open,,
2026-09-02T12:03:34+00:00,interconnection,MISO:J2499||Ottawa|Blendon 138 kV|2022-09-12T04:00:00+00:00,nan,0.207575,logistic-v1,"{""iso"":""MISO"",""fuel"":""storage"",""mw"":100.0,""queue_year"":2022}",,2030-12-31,"ISO queue terminal status, observed in data/snapshots/",open,,
2026-09-02T12:03:34+00:00,interconnection,MISO:J2496||White|Reynolds 345 kV Substation|2022-09-13T04:00:00+00:00,nan,0.218248,logistic-v1,"{""iso"":""MISO"",""fuel"":""storage"",""mw"":400.0,""queue_year"":2022}",,2030-12-31,"ISO queue terminal status, observed in data/snapshots/",open,,
2026-09-02T12:03:34+00:00,interconnection,MISO:J2486||Monroe|LALLENDORF - MONROE 345.0kV|2022-09-14T04:00:00+00:00,nan,0.366252,logistic-v1,"{""iso"":""MISO"",""fuel"":""solar"",""mw"":85.0,""queue_year"":2022}",,2030-12-31,"ISO queue terminal status, observed in data/snapshots/",open,,
2026-09-02T12:03:34+00:00,interconnection,MISO:J2429||Dane|North Madison 69kV Substation|2022-09-12T04:00:00+00:00,nan,0.401109,logistic-v1,"{""iso"":""MISO"",""fuel"":""solar"",""mw"":50.0,""queue_year"":2022}",,2030-12-31,"ISO queue terminal status, observed in data/snapshots/",open,,
2026-09-02T12:03:34+00:00,interconnection,MISO:J2382||Randolph|5ADAIR    - 5THMHIL (AECI)  161.0kV|2022-09-14T04:00:00+00:00,nan,0.579184,logistic-v1,"{""iso"":""MISO"",""fuel"":""solar_storage"",""mw"":115.0,""queue_year"":2022}",,2030-12-31,"ISO queue terminal status, observed in data/snapshots/",open,,
2026-09-02T12:03:34+00:00,interconnection,MISO:J2423||Columbia|Columbia-North Madison 345kV|2022-09-13T04:00:00+00:00,nan,0.053819,logistic-v1,"{""iso"":""MISO"",""fuel"":""storage"",""mw"":300.0,""queue_year"":2022}",,2030-12-31,"ISO queue terminal status, observed in data/snapshots/",open,,
2026-09-02T12:03:34+00:00,interconnection,MISO:J2456||Phillips|AECC AUBREY-RITCHIE SES SWITCHYARD 230 KV|2022-09-14T04:00:00+00:00,nan,0.211925,logistic-v1,"{""iso"":""MISO"",""fuel"":""solar_storage"",""mw"":100.0,""queue_year"":2022}",,2030-12-31,"ISO queue terminal status, observed in data/snapshots/",open,,
2026-09-02T12:03:34+00:00,interconnection,MISO:J2444||Van Buren|ARGENTA - TWIN BRANCH 345.0kV|2022-09-14T04:00:00+00:00,nan,0.238733,logistic-v1,"{""iso"":""MISO"",""fuel"":""solar"",""mw"":220.0,""queue_year"":2022}",,2030-12-31,"ISO queue terminal status, observed in data/snapshots/",open,,
2026-09-02T12:03:34+00:00,interconnection,MISO:J2376||Shelby|4PANA 1 - 4SHELBYVL E 138.0kV|2022-09-15T04:00:00+00:00,nan,0.430752,logistic-v1,"{""iso"":""MISO"",""fuel"":""storage"",""mw"":60.0,""queue_year"":2022}",,2030-12-31,"ISO queue terminal status, observed in data/snapshots/",open,,
2026-09-02T12:03:34+00:00,interconnection,MISO:J2469||Linn|Sub K (Tiffin)-Duane Arnold 345kV|2022-09-12T04:00:00+00:00,nan,0.164442,logistic-v1,"{""iso"":""MISO"",""fuel"":""storage"",""mw"":300.0,""queue_year"":2022}",,2030-12-31,"ISO queue terminal status, observed in data/snapshots/",open,,
2026-09-02T12:03:34+00:00,interconnection,MISO:J2485||Livingston|BLACKFOOT - MADRID 345.0kV|2022-09-14T04:00:00+00:00,nan,0.319002,logistic-v1,"{""iso"":""MISO"",""fuel"":""solar"",""mw"":180.0,""queue_year"":2022}",,2030-12-31,"ISO queue terminal status, observed in data/snapshots/",open,,
2026-09-02T12:03:34+00:00,interconnection,MISO:J2371||Morehouse|DUNN - OAK RIDGE (LA) 115.0kV|2022-09-14T04:00:00+00:00,nan,0.082070,logistic-v1,"{""iso"":""MISO"",""fuel"":""solar"",""mw"":250.0,""queue_year"":2022}",,2030-12-31,"ISO queue terminal status, observed in data/snapshots/",open,,
2026-09-02T12:03:34+00:00,interconnection,MISO:J2490||Tuscola|Tuscola-Arrowhead 120kV Transmission Line|2022-09-14T04:00:00+00:00,nan,0.341610,logistic-v1,"{""iso"":""MISO"",""fuel"":""solar"",""mw"":125.0,""queue_year"":2022}",,2030-12-31,"ISO queue terminal status, observed in data/snapshots/",open,,
2026-09-02T12:03:34+00:00,interconnection,MISO:J2532||Sangamon|Latham|2022-09-15T04:00:00+00:00,nan,0.059927,logistic-v1,"{""iso"":""MISO"",""fuel"":""storage"",""mw"":200.0,""queue_year"":2022}",,2030-12-31,"ISO queue terminal status, observed in data/snapshots/",open,,
2026-09-02T12:03:34+00:00,interconnection,MISO:J2502||Morton|Square Butte 230 kV Substation East|2022-09-13T04:00:00+00:00,nan,0.291146,logistic-v1,"{""iso"":""MISO"",""fuel"":""wind"",""mw"":150.0,""queue_year"":2022}",,2030-12-31,"ISO queue terminal status, observed in data/snapshots/",open,,
2026-09-02T12:03:34+00:00,interconnection,MISO:J2436||Webster|Webster-Lehigh 345kV|2022-09-12T04:00:00+00:00,nan,0.252650,logistic-v1,"{""iso"":""MISO"",""fuel"":""wind"",""mw"":300.0,""queue_year"":2022}",,2030-12-31,"ISO queue terminal status, observed in data/snapshots/",open,,
2026-09-02T12:03:34+00:00,interconnection,MISO:J2495||Benton|Benton County 115 kV|2022-09-13T04:00:00+00:00,nan,0.103622,logistic-v1,"{""iso"":""MISO"",""fuel"":""solar"",""mw"":100.0,""queue_year"":2022}",,2030-12-31,"ISO queue terminal status, observed in data/snapshots/",open,,
2026-09-02T12:03:34+00:00,interconnection,MISO:J2501||Goodhue|NORTH ROCHESTER|2022-09-13T04:00:00+00:00,nan,0.174050,logistic-v1,"{""iso"":""MISO"",""fuel"":""solar"",""mw"":150.0,""queue_year"":2022}",,2030-12-31,"ISO queue terminal status, observed in data/snapshots/",open,,
2026-09-02T12:03:34+00:00,interconnection,MISO:J2545||Buchanan|Duane Arnold|2022-09-15T04:00:00+00:00,nan,0.180707,logistic-v1,"{""iso"":""MISO"",""fuel"":""storage"",""mw"":200.0,""queue_year"":2022}",,2030-12-31,"ISO queue terminal status, observed in data/snapshots/",open,,
2026-09-02T12:03:34+00:00,interconnection,MISO:J2538||Clark|Speed  - Trimble (LGEE) 345.0kV|2025-10-22T04:00:00+00:00,nan,0.100382,logistic-v1,"{""iso"":""MISO"",""fuel"":""solar"",""mw"":200.0,""queue_year"":2025}",,2033-12-31,"ISO queue terminal status, observed in data/snapshots/",open,,
2026-09-02T12:03:34+00:00,interconnection,MISO:J2541||Graves|Bryan Road|2025-10-22T04:00:00+00:00,nan,0.370670,logistic-v1,"{""iso"":""MISO"",""fuel"":""solar"",""mw"":50.0,""queue_year"":2025}",,2033-12-31,"ISO queue terminal status, observed in data/snapshots/",open,,
2026-09-02T12:03:34+00:00,interconnection,MISO:J2392||Mason|PERE MARQUETTE 138 KV|2022-09-15T04:00:00+00:00,nan,0.207575,logistic-v1,"{""iso"":""MISO"",""fuel"":""storage"",""mw"":100.0,""queue_year"":2022}",,2030-12-31,"ISO queue terminal status, observed in data/snapshots/",open,,
2026-09-02T12:03:34+00:00,interconnection,MISO:J2540||Graves|Bryan Road|2025-10-22T04:00:00+00:00,nan,0.302439,logistic-v1,"{""iso"":""MISO"",""fuel"":""solar"",""mw"":150.0,""queue_year"":2025}",,2033-12-31,"ISO queue terminal status, observed in data/snapshots/",open,,
2026-09-02T12:03:34+00:00,interconnection,MISO:J2520||Adams|Saratoga-ACEC Badger West 138kV|2022-09-13T04:00:00+00:00,nan,0.312610,logistic-v1,"{""iso"":""MISO"",""fuel"":""solar"",""mw"":200.0,""queue_year"":2022}",,2030-12-31,"ISO queue terminal status, observed in data/snapshots/",open,,
2026-09-02T12:03:34+00:00,interconnection,MISO:J2440||Benton|GOODLAND - MORRISON DITCH 138.0kV|2022-09-15T04:00:00+00:00,nan,0.315114,logistic-v1,"{""iso"":""MISO"",""fuel"":""wind"",""mw"":100.0,""queue_year"":2022}",,2030-12-31,"ISO queue terminal status, observed in data/snapshots/",open,,
2026-09-02T12:03:34+00:00,interconnection,MISO:J2390||Fulton|Ipava 138kV|2022-09-15T04:00:00+00:00,nan,0.474763,logistic-v1,"{""iso"":""MISO"",""fuel"":""solar_storage"",""mw"":350.0,""queue_year"":2022}",,2030-12-31,"ISO queue terminal status, observed in data/snapshots/",open,,
2026-09-02T12:03:34+00:00,interconnection,MISO:J2482||Crittenden|WEST MEMPHIS EHV - KEO EHV 500.0kV|2022-09-14T04:00:00+00:00,nan,0.154332,logistic-v1,"{""iso"":""MISO"",""fuel"":""solar"",""mw"":300.0,""queue_year"":2022}",,2030-12-31,"ISO queue terminal status, observed in data/snapshots/",open,,
2026-09-02T12:03:34+00:00,interconnection,MISO:J2519||Richland|Smalling|2022-09-13T04:00:00+00:00,nan,0.271083,logistic-v1,"{""iso"":""MISO"",""fuel"":""solar"",""mw"":600.0,""queue_year"":2022}",,2030-12-31,"ISO queue terminal status, observed in data/snapshots/",open,,
2026-09-02T12:03:34+00:00,interconnection,MISO:J2379||Clay|Xenia|2022-09-14T04:00:00+00:00,nan,0.059927,logistic-v1,"{""iso"":""MISO"",""fuel"":""storage"",""mw"":200.0,""queue_year"":2022}",,2030-12-31,"ISO queue terminal status, observed in data/snapshots/",open,,
2026-09-02T12:03:34+00:00,interconnection,MISO:J2550||Yellow Medicine|HAZEL CREEK|2022-09-14T04:00:00+00:00,nan,0.146241,logistic-v1,"{""iso"":""MISO"",""fuel"":""storage"",""mw"":75.0,""queue_year"":2022}",,2030-12-31,"ISO queue terminal status, observed in data/snapshots/",open,,
2026-09-02T12:03:34+00:00,interconnection,MISO:J2551||Putnam|Putnam|2022-09-14T04:00:00+00:00,nan,0.389895,logistic-v1,"{""iso"":""MISO"",""fuel"":""storage"",""mw"":110.0,""queue_year"":2022}",,2030-12-31,"ISO queue terminal status, observed in data/snapshots/",open,,
2026-09-02T12:03:34+00:00,interconnection,MISO:J2383||Macon|Faraday|2022-09-15T04:00:00+00:00,nan,0.269988,logistic-v1,"{""iso"":""MISO"",""fuel"":""storage"",""mw"":100.0,""queue_year"":2022}",,2030-12-31,"ISO queue terminal status, observed in data/snapshots/",open,,
2026-09-02T12:03:34+00:00,interconnection,MISO:J2472||Sullivan|Gibson Sta - Merom (HED) 345.0kV|2022-09-15T04:00:00+00:00,nan,0.086470,logistic-v1,"{""iso"":""MISO"",""fuel"":""storage"",""mw"":200.0,""queue_year"":2022}",,2030-12-31,"ISO queue terminal status, observed in data/snapshots/",open,,
2026-09-02T12:03:34+00:00,interconnection,MISO:J2553||Cerro Gordo|Killdeer|2022-09-14T04:00:00+00:00,nan,0.245216,logistic-v1,"{""iso"":""MISO"",""fuel"":""solar"",""mw"":210.0,""queue_year"":2022}",,2030-12-31,"ISO queue terminal status, observed in data/snapshots/",open,,
2026-09-02T12:03:34+00:00,interconnection,MISO:J2455||La Crosse|FRENCH ISLAND|2022-09-15T04:00:00+00:00,nan,0.073420,logistic-v1,"{""iso"":""MISO"",""fuel"":""storage"",""mw"":92.0,""queue_year"":2022}",,2030-12-31,"ISO queue terminal status, observed in data/snapshots/",open,,
2026-09-02T12:03:34+00:00,interconnection,MISO:J2378||Macomb|LENOX - ST.CLAIR 120.0kV|2022-09-15T04:00:00+00:00,nan,0.247515,logistic-v1,"{""iso"":""MISO"",""fuel"":""storage"",""mw"":152.0,""queue_year"":2022}",,2030-12-31,"ISO queue terminal status, observed in data/snapshots/",open,,
2026-09-02T12:03:34+00:00,interconnection,MISO:J2389||Adams|Monument|2022-09-15T04:00:00+00:00,nan,0.670538,logistic-v1,"{""iso"":""MISO"",""fuel"":""solar_storage"",""mw"":150.0,""queue_year"":2022}",,2030-12-31,"ISO queue terminal status, observed in data/snapshots/",open,,
2026-09-02T12:03:34+00:00,interconnection,MISO:J2552||Rock Island|SUB 39 - CORDOVA 345.0kV|2022-09-14T04:00:00+00:00,nan,0.304820,logistic-v1,"{""iso"":""MISO"",""fuel"":""storage"",""mw"":80.0,""queue_year"":2022}",,2030-12-31,"ISO queue terminal status, observed in data/snapshots/",open,,
2026-09-02T12:03:34+00:00,interconnection,MISO:J2375||Macon|Faraday|2022-09-15T04:00:00+00:00,nan,0.269988,logistic-v1,"{""iso"":""MISO"",""fuel"":""storage"",""mw"":100.0,""queue_year"":2022}",,2030-12-31,"ISO queue terminal status, observed in data/snapshots/",open,,
2026-09-02T12:03:34+00:00,interconnection,MISO:J2446||Dunn|Allen S King - Eau Claire 345.0kV|2022-09-12T04:00:00+00:00,nan,0.147809,logistic-v1,"{""iso"":""MISO"",""fuel"":""solar"",""mw"":300.0,""queue_year"":2022}",,2030-12-31,"ISO queue terminal status, observed in data/snapshots/",open,,
2026-09-02T12:03:34+00:00,interconnection,MISO:J2404||East Baton Rouge|EAST|2022-09-15T04:00:00+00:00,nan,0.348882,logistic-v1,"{""iso"":""MISO"",""fuel"":""storage"",""mw"":38.81,""queue_year"":2022}",,2030-12-31,"ISO queue terminal status, observed in data/snapshots/",open,,
2026-09-02T12:03:34+00:00,interconnection,MISO:J2395||Calhoun|SHERIDAN EHV - EL DORADO EHV 500.0kV|2022-09-14T04:00:00+00:00,nan,0.136481,logistic-v1,"{""iso"":""MISO"",""fuel"":""solar"",""mw"":500.0,""queue_year"":2022}",,2030-12-31,"ISO queue terminal status, observed in data/snapshots/",open,,
2026-09-02T12:03:34+00:00,interconnection,MISO:J2388||Macon|Faraday|2022-09-15T04:00:00+00:00,nan,0.514074,logistic-v1,"{""iso"":""MISO"",""fuel"":""solar_storage"",""mw"":200.0,""queue_year"":2022}",,2030-12-31,"ISO queue terminal status, observed in data/snapshots/",open,,
2026-09-02T12:03:34+00:00,interconnection,MISO:J2474||Sangamon|4AUSTIN - 4VIRDEN   138.0kV|2022-09-15T04:00:00+00:00,nan,0.695112,logistic-v1,"{""iso"":""MISO"",""fuel"":""solar_storage"",""mw"":100.0,""queue_year"":2022}",,2030-12-31,"ISO queue terminal status, observed in data/snapshots/",open,,
2026-09-02T12:03:34+00:00,interconnection,MISO:J2475||Monroe|Toll Rd 120kV|2022-09-15T04:00:00+00:00,nan,0.233451,logistic-v1,"{""iso"":""MISO"",""fuel"":""storage"",""mw"":200.0,""queue_year"":2022}",,2030-12-31,"ISO queue terminal status, observed in data/snapshots/",open,,
2026-09-02T12:03:34+00:00,interconnection,MISO:J2454||Montcalm|Eureka - Vestaburg 138kV|2022-09-14T04:00:00+00:00,nan,0.248208,logistic-v1,"{""iso"":""MISO"",""fuel"":""storage"",""mw"":150.0,""queue_year"":2022}",,2030-12-31,"ISO queue terminal status, observed in data/snapshots/",open,,
2026-09-02T12:03:34+00:00,interconnection,MISO:J2477||Crittenden|WEST MEMPHIS EHV - KEO EHV 500.0kV|2022-09-13T04:00:00+00:00,nan,0.130540,logistic-v1,"{""iso"":""MISO"",""fuel"":""solar"",""mw"":600.0,""queue_year"":2022}",,2030-12-31,"ISO queue terminal status, observed in data/snapshots/",open,,
2026-09-02T12:03:34+00:00,interconnection,MISO:J2478||Craighead|INDEPENDENCE-ISES - POWERLINE ROAD 500.0kV|2022-09-14T04:00:00+00:00,nan,0.133348,logistic-v1,"{""iso"":""MISO"",""fuel"":""solar"",""mw"":550.0,""queue_year"":2022}",,2030-12-31,"ISO queue terminal status, observed in data/snapshots/",open,,
2026-09-02T12:03:34+00:00,interconnection,MISO:J2509||Tippecanoe|Westwood 345 kV|2022-09-15T04:00:00+00:00,nan,0.095600,logistic-v1,"{""iso"":""MISO"",""fuel"":""wind"",""mw"":200.0,""queue_year"":2022}",,2030-12-31,"ISO queue terminal status, observed in data/snapshots/",open,,
2026-09-02T12:03:34+00:00,interconnection,MISO:J2447||Murray|Cedar Mountain - Lyon County 345.0kV|2025-10-22T04:00:00+00:00,nan,0.102944,logistic-v1,"{""iso"":""MISO"",""fuel"":""wind"",""mw"":200.0,""queue_year"":2025}",,2033-12-31,"ISO queue terminal status, observed in data/snapshots/",open,,
2026-09-02T12:03:34+00:00,interconnection,MISO:J2457||Orleans|PATERSON|2022-09-15T04:00:00+00:00,nan,0.346996,logistic-v1,"{""iso"":""MISO"",""fuel"":""storage"",""mw"":40.0,""queue_year"":2022}",,2030-12-31,"ISO queue terminal status, observed in data/snapshots/",open,,
2026-09-02T12:03:34+00:00,interconnection,MISO:J2374||Sanilac|J1557 Sub|2022-09-15T04:00:00+00:00,nan,0.312610,logistic-v1,"{""iso"":""MISO"",""fuel"":""solar"",""mw"":200.0,""queue_year"":2022}",,2030-12-31,"ISO queue terminal status, observed in data/snapshots/",open,,
2026-09-02T12:03:34+00:00,interconnection,MISO:J2473||Marion|Hanna 138kV|2022-09-15T04:00:00+00:00,nan,0.268894,logistic-v1,"{""iso"":""MISO"",""fuel"":""storage"",""mw"":150.0,""queue_year"":2022}",,2030-12-31,"ISO queue terminal status, observed in data/snapshots/",open,,
2026-09-02T12:03:34+00:00,interconnection,MISO:J2450||Tippecanoe|WESTWOOD 345 KV|2022-09-15T04:00:00+00:00,nan,0.103097,logistic-v1,"{""iso"":""MISO"",""fuel"":""storage"",""mw"":100.0,""queue_year"":2022}",,2030-12-31,"ISO queue terminal status, observed in data/snapshots/",open,,
2026-09-02T12:03:34+00:00,interconnection,MISO:J2401||Johnson|7W_FRFT_E - 7SHAWNEE FP 345.0kV|2022-09-15T04:00:00+00:00,nan,0.093543,logistic-v1,"{""iso"":""MISO"",""fuel"":""solar"",""mw"":150.0,""queue_year"":2022}",,2030-12-31,"ISO queue terminal status, observed in data/snapshots/",open,,
2026-09-02T12:03:34+00:00,interconnection,MISO:J2403||Johnson|7JORD - 7MASS 345.0kV|2022-09-15T04:00:00+00:00,nan,0.086918,logistic-v1,"{""iso"":""MISO"",""fuel"":""solar"",""mw"":200.0,""queue_year"":2022}",,2030-12-31,"ISO queue terminal status, observed in data/snapshots/",open,,
2026-09-02T12:03:34+00:00,interconnection,MISO:J3732||Saline|Niles 138 kV (J1208/J1209) to be built near existing Harco Tap|2024-04-15T04:00:00+00:00,nan,0.624747,logistic-v1,"{""iso"":""MISO"",""fuel"":""solar_storage"",""mw"":175.0,""queue_year"":2024}",,2032-12-31,"ISO queue terminal status, observed in data/snapshots/",open,,
2026-09-02T12:03:34+00:00,interconnection,MISO:S1082||Muskegon|DU PONT - WHITE LAKE 138.0kV|2025-01-13T05:00:00+00:00,nan,0.200496,logistic-v1,"{""iso"":""MISO"",""fuel"":""storage"",""mw"":50.0,""queue_year"":2025}",,2029-05-12,"ISO queue terminal status, observed in data/snapshots/",open,,
2026-09-02T12:03:34+00:00,interconnection,MISO:J4110||Lafayette|Rork - Sellers Road 230.0kV|2025-10-07T04:00:00+00:00,nan,0.369555,logistic-v1,"{""iso"":""MISO"",""fuel"":""gas"",""mw"":400.0,""queue_year"":2025}",,2033-12-31,"ISO queue terminal status, observed in data/snapshots/",open,,
2026-09-02T12:03:35+00:00,interconnection,MISO:S1120||Knox|Edwardsport  - Washington Mun|2025-09-08T04:00:00+00:00,nan,0.225013,logistic-v1,"{""iso"":""MISO"",""fuel"":""storage"",""mw"":150.0,""queue_year"":2025}",,2033-12-31,"ISO queue terminal status, observed in data/snapshots/",open,,
2026-09-02T12:03:35+00:00,interconnection,MISO:J2402||Johnson|7W_FRFT_E - 7SHAWNEE FP 345.0kV|2022-09-15T04:00:00+00:00,nan,0.059927,logistic-v1,"{""iso"":""MISO"",""fuel"":""storage"",""mw"":200.0,""queue_year"":2022}",,2030-12-31,"ISO queue terminal status, observed in data/snapshots/",open,,
2026-09-02T12:03:35+00:00,interconnection,MISO:J4240||Grant|Big Stone South 345 kV substation|2026-05-13T02:35:53+00:00,nan,0.123458,logistic-v1,"{""iso"":""MISO"",""fuel"":""unknown"",""mw"":250.0,""queue_year"":2026}",,2034-12-31,"ISO queue terminal status, observed in data/snapshots/",open,,
2026-09-02T12:03:35+00:00,interconnection,MISO:J4246||||2026-06-25T21:45:49+00:00,nan,0.100916,logistic-v1,"{""iso"":""MISO"",""fuel"":""unknown"",""mw"":560.0,""queue_year"":2026}",,2034-12-31,"ISO queue terminal status, observed in data/snapshots/",open,,
2026-09-02T12:03:35+00:00,interconnection,MISO:J2555||Ingham|DELHI to TOMPKINS 138kV|2023-08-28T04:00:00+00:00,nan,0.066769,logistic-v1,"{""iso"":""MISO"",""fuel"":""storage"",""mw"":100.0,""queue_year"":2023}",,2031-12-31,"ISO queue terminal status, observed in data/snapshots/",open,,
2026-09-02T12:03:35+00:00,interconnection,MISO:J2377||Peoria|7CLINTON  - 7BROKAW 345.0kV|2024-11-07T05:00:00+00:00,nan,0.291739,logistic-v1,"{""iso"":""MISO"",""fuel"":""storage"",""mw"":300.0,""queue_year"":2024}",,2032-12-31,"ISO queue terminal status, observed in data/snapshots/",open,,
2026-09-02T12:03:35+00:00,interconnection,MISO:J2396||Calhoun|SHERIDAN EHV - EL DORADO EHV 500.0kV|2022-09-15T04:00:00+00:00,nan,0.144058,logistic-v1,"{""iso"":""MISO"",""fuel"":""solar"",""mw"":400.0,""queue_year"":2022}",,2030-12-31,"ISO queue terminal status, observed in data/snapshots/",open,,
2026-09-02T12:03:35+00:00,interconnection,MISO:J2397||Calhoun|SHERIDAN EHV - EL DORADO EHV 500.0kV|2022-09-15T04:00:00+00:00,nan,0.336225,logistic-v1,"{""iso"":""MISO"",""fuel"":""solar_storage"",""mw"":160.0,""queue_year"":2022}",,2030-12-31,"ISO queue terminal status, observed in data/snapshots/",open,,
2026-09-02T12:03:35+00:00,interconnection,MISO:J4069||Marathon|Kelly - Ackley 115.0kV|2025-10-03T04:00:00+00:00,nan,0.273159,logistic-v1,"{""iso"":""MISO"",""fuel"":""solar"",""mw"":169.93,""queue_year"":2025}",,2033-12-31,"ISO queue terminal status, observed in data/snapshots/",open,,
2026-09-02T12:03:35+00:00,interconnection,MISO:S1116||Tallahatchie|WEBB|2025-08-31T04:00:00+00:00,nan,0.245422,logistic-v1,"{""iso"":""MISO"",""fuel"":""storage"",""mw"":100.0,""queue_year"":2025}",,2028-09-02,"ISO queue terminal status, observed in data/snapshots/",open,,
2026-09-02T12:03:35+00:00,interconnection,MISO:J4242||||2026-05-22T23:48:28+00:00,nan,0.149031,logistic-v1,"{""iso"":""MISO"",""fuel"":""unknown"",""mw"":115.0,""queue_year"":2026}",,2034-12-31,"ISO queue terminal status, observed in data/snapshots/",open,,
2026-09-02T12:03:35+00:00,interconnection,MISO:S1166||||2026-05-04T19:33:45+00:00,nan,0.063865,logistic-v1,"{""iso"":""MISO"",""fuel"":""unknown"",""mw"":108.93,""queue_year"":2026}",,2034-12-31,"ISO queue terminal status, observed in data/snapshots/",open,,
2026-09-02T12:03:35+00:00,interconnection,MISO:S1177||||2026-05-22T08:19:27+00:00,nan,0.157483,logistic-v1,"{""iso"":""MISO"",""fuel"":""unknown"",""mw"":0.0,""queue_year"":2026}",,2034-12-31,"ISO queue terminal status, observed in data/snapshots/",open,,
2026-09-02T12:03:35+00:00,interconnection,MISO:J4241||St. Charles|SIOUX|2026-05-28T18:29:18+00:00,nan,0.070735,logistic-v1,"{""iso"":""MISO"",""fuel"":""unknown"",""mw"":2220.0,""queue_year"":2026}",,2034-12-31,"ISO queue terminal status, observed in data/snapshots/",open,,
2026-09-02T12:03:35+00:00,interconnection,MISO:J3286||Sanilac|KILGORE - MICAH 120.0kV|2024-04-15T04:00:00+00:00,nan,0.279775,logistic-v1,"{""iso"":""MISO"",""fuel"":""solar"",""mw"":200.0,""queue_year"":2024}",,2032-12-31,"ISO queue terminal status, observed in data/snapshots/",open,,
2026-09-02T12:03:35+00:00,interconnection,MISO:J3251||Genesee|THETFORD|2024-04-15T04:00:00+00:00,nan,0.155582,logistic-v1,"{""iso"":""MISO"",""fuel"":""storage"",""mw"":200.0,""queue_year"":2024}",,2032-12-31,"ISO queue terminal status, observed in data/snapshots/",open,,
2026-09-02T12:03:35+00:00,interconnection,MISO:S1164||MIssissippi|Dell - Manila 161 kV|2026-05-11T04:00:00+00:00,nan,0.130405,logistic-v1,"{""iso"":""MISO"",""fuel"":""unknown"",""mw"":200.0,""queue_year"":2026}",,2034-12-31,"ISO queue terminal status, observed in data/snapshots/",open,,
2026-09-02T12:03:35+00:00,interconnection,MISO:J3287||Osceola|Hersey Interconnection|2024-04-15T04:00:00+00:00,nan,0.338490,logistic-v1,"{""iso"":""MISO"",""fuel"":""solar"",""mw"":110.0,""queue_year"":2024}",,2032-12-31,"ISO queue terminal status, observed in data/snapshots/",open,,
2026-09-02T12:03:35+00:00,interconnection,MISO:J3232||Vermillion|CAYUGA STATION|2024-04-11T04:00:00+00:00,nan,0.142498,logistic-v1,"{""iso"":""MISO"",""fuel"":""gas"",""mw"":500.0,""queue_year"":2024}",,2032-12-31,"ISO queue terminal status, observed in data/snapshots/",open,,
2026-09-02T12:03:35+00:00,interconnection,MISO:J2322||Evangeline|Coughlin - Pine Prairie 138.0kV|2025-11-20T05:00:00+00:00,nan,0.285684,logistic-v1,"{""iso"":""MISO"",""fuel"":""solar"",""mw"":200.0,""queue_year"":2025}",,2033-12-31,"ISO queue terminal status, observed in data/snapshots/",open,,
2026-09-02T12:03:35+00:00,interconnection,MISO:J2099||Portage|Rocky Run to Werner West 345 kV|2022-06-22T04:00:00+00:00,nan,0.272454,logistic-v1,"{""iso"":""MISO"",""fuel"":""solar"",""mw"":399.04,""queue_year"":2022}",,2028-09-02,"ISO queue terminal status, observed in data/snapshots/",open,,
2026-09-02T12:03:35+00:00,interconnection,MISO:J2100||Van Buren|ARGENTA - PALISADES 345.0kV|2021-08-13T04:00:00+00:00,nan,0.179796,logistic-v1,"{""iso"":""MISO"",""fuel"":""storage"",""mw"":250.0,""queue_year"":2021}",,2029-07-12,"ISO queue terminal status, observed in data/snapshots/",open,,
2026-09-02T12:03:35+00:00,interconnection,MISO:J2219||Olmsted|ROCHESTER - WABACO    161.0kV|2021-07-22T04:00:00+00:00,nan,0.567747,logistic-v1,"{""iso"":""MISO"",""fuel"":""solar_storage"",""mw"":180.0,""queue_year"":2021}",,2028-12-15,"ISO queue terminal status, observed in data/snapshots/",open,,
2026-09-02T12:03:35+00:00,interconnection,MISO:J2104||Murray|Cedar Mountain - Lyon County 345.0kV|2025-09-17T04:00:00+00:00,nan,0.099374,logistic-v1,"{""iso"":""MISO"",""fuel"":""wind"",""mw"":230.0,""queue_year"":2025}",,2033-12-31,"ISO queue terminal status, observed in data/snapshots/",open,,
2026-09-02T12:03:35+00:00,interconnection,MISO:J2230||Sullivan|Gibson Sta - Merom (HED) 345.0kV|2022-03-24T04:00:00+00:00,nan,0.123842,logistic-v1,"{""iso"":""MISO"",""fuel"":""solar"",""mw"":200.0,""queue_year"":2022}",,2030-12-31,"ISO queue terminal status, observed in data/snapshots/",open,,
2026-09-02T12:03:35+00:00,interconnection,MISO:J2215||Lake|SCHAHFER GEN STA - ST. JOHN 345.0kV|2022-03-25T04:00:00+00:00,nan,0.232376,logistic-v1,"{""iso"":""MISO"",""fuel"":""storage"",""mw"":300.0,""queue_year"":2022}",,2028-09-02,"ISO queue terminal status, observed in data/snapshots/",open,,
2026-09-02T12:03:35+00:00,interconnection,MISO:J2213||Marshall|HIPLE|2022-03-25T04:00:00+00:00,nan,0.253323,logistic-v1,"{""iso"":""MISO"",""fuel"":""storage"",""mw"":200.0,""queue_year"":2022}",,2030-12-31,"ISO queue terminal status, observed in data/snapshots/",open,,
2026-09-02T12:03:35+00:00,interconnection,MISO:J2120||Linn|Fairfax|2021-08-04T04:00:00+00:00,nan,0.224695,logistic-v1,"{""iso"":""MISO"",""fuel"":""storage"",""mw"":100.0,""queue_year"":2021}",,2029-12-31,"ISO queue terminal status, observed in data/snapshots/",open,,
2026-09-02T12:03:35+00:00,interconnection,MISO:J2116||Cook|COVIL|2023-12-08T05:00:00+00:00,nan,0.466847,logistic-v1,"{""iso"":""MISO"",""fuel"":""other"",""mw"":18.0,""queue_year"":2023}",,2031-12-31,"ISO queue terminal status, observed in data/snapshots/",open,,
2026-09-02T12:03:35+00:00,interconnection,MISO:J2233||Vermilion|7BUNSONVILLE - 7SIDNEY   345.0kV|2022-06-14T04:00:00+00:00,nan,0.494968,logistic-v1,"{""iso"":""MISO"",""fuel"":""solar"",""mw"":100.0,""queue_year"":2022}",,2030-12-31,"ISO queue terminal status, observed in data/snapshots/",open,,
2026-09-02T12:03:35+00:00,interconnection,MISO:J2129||Barry|Bradley 138 kV Substation|2021-08-26T04:00:00+00:00,nan,0.580253,logistic-v1,"{""iso"":""MISO"",""fuel"":""solar_storage"",""mw"":150.0,""queue_year"":2021}",,2028-09-02,"ISO queue terminal status, observed in data/snapshots/",open,,
2026-09-02T12:03:35+00:00,interconnection,MISO:J2247||Marshall|Woodhall|2022-03-25T04:00:00+00:00,nan,0.384092,logistic-v1,"{""iso"":""MISO"",""fuel"":""wind"",""mw"":178.0,""queue_year"":2022}",,2030-12-31,"ISO queue terminal status, observed in data/snapshots/",open,,
2026-09-02T12:03:35+00:00,interconnection,MISO:J2107||Portage|Rocky Run to Werner West 345 kV line|2022-06-22T04:00:00+00:00,nan,0.272454,logistic-v1,"{""iso"":""MISO"",""fuel"":""solar"",""mw"":399.04,""queue_year"":2022}",,2028-09-02,"ISO queue terminal status, observed in data/snapshots/",open,,
2026-09-02T12:03:35+00:00,interconnection,MISO:J2227||Trempealeau|Independence - Bridge Creek 69.0kV|2025-07-14T04:00:00+00:00,nan,0.334110,logistic-v1,"{""iso"":""MISO"",""fuel"":""solar"",""mw"":89.0,""queue_year"":2025}",,2033-12-31,"ISO queue terminal status, observed in data/snapshots/",open,,
2026-09-02T12:03:35+00:00,interconnection,MISO:J2238||Maries|The Franks (Bus #300041) - Bland (Bus #344154) 345 kV Line|2025-07-16T04:00:00+00:00,nan,0.481962,logistic-v1,"{""iso"":""MISO"",""fuel"":""solar_storage"",""mw"":200.0,""queue_year"":2025}",,2033-12-31,"ISO queue terminal status, observed in data/snapshots/",open,,
2026-09-02T12:03:35+00:00,interconnection,MISO:J2128||Coles|7ARLAND - 7FARADAY 345.0kV|2021-08-13T04:00:00+00:00,nan,0.644451,logistic-v1,"{""iso"":""MISO"",""fuel"":""solar_storage"",""mw"":300.0,""queue_year"":2021}",,2028-09-02,"ISO queue terminal status, observed in data/snapshots/",open,,
2026-09-02T12:03:35+00:00,interconnection,MISO:J2136||Iroquois|Gilman South|2022-03-23T04:00:00+00:00,nan,0.449847,logistic-v1,"{""iso"":""MISO"",""fuel"":""solar"",""mw"":190.9,""queue_year"":2022}",,2030-12-31,"ISO queue terminal status, observed in data/snapshots/",open,,
2026-09-02T12:03:35+00:00,interconnection,MISO:J2142||Adair|Maywood - Zachary 345 kV line|2021-11-03T04:00:00+00:00,nan,0.580253,logistic-v1,"{""iso"":""MISO"",""fuel"":""solar_storage"",""mw"":150.0,""queue_year"":2021}",,2029-12-31,"ISO queue terminal status, observed in data/snapshots/",open,,
2026-09-02T12:03:35+00:00,interconnection,MISO:J2156||Johnson|Massac - Jordan 345kV|2022-06-28T04:00:00+00:00,nan,0.466640,logistic-v1,"{""iso"":""MISO"",""fuel"":""solar"",""mw"":150.0,""queue_year"":2022}",,2030-12-31,"ISO queue terminal status, observed in data/snapshots/",open,,
2026-09-02T12:03:35+00:00,interconnection,MISO:J2157||Morton|Tri-County 230 kV Substation|2021-08-25T04:00:00+00:00,nan,0.332367,logistic-v1,"{""iso"":""MISO"",""fuel"":""wind"",""mw"":100.0,""queue_year"":2021}",,2029-12-31,"ISO queue terminal status, observed in data/snapshots/",open,,
2026-09-02T12:03:35+00:00,interconnection,MISO:J2159||Clark|Hutsonville - Neoga 138KV|2021-08-24T04:00:00+00:00,nan,0.462711,logistic-v1,"{""iso"":""MISO"",""fuel"":""storage"",""mw"":50.0,""queue_year"":2021}",,2029-12-31,"ISO queue terminal status, observed in data/snapshots/",open,,
2026-09-02T12:03:35+00:00,interconnection,MISO:J2131||Jasper|7CASEY    - 7NEWTON   345.0kV|2021-08-16T04:00:00+00:00,nan,0.486298,logistic-v1,"{""iso"":""MISO"",""fuel"":""solar"",""mw"":150.0,""queue_year"":2021}",,2029-12-31,"ISO queue terminal status, observed in data/snapshots/",open,,
2026-09-02T12:03:35+00:00,interconnection,MISO:J2232||Tipton|Tipton West 230 kV|2021-08-06T04:00:00+00:00,nan,0.110616,logistic-v1,"{""iso"":""MISO"",""fuel"":""storage"",""mw"":100.0,""queue_year"":2021}",,2029-12-31,"ISO queue terminal status, observed in data/snapshots/",open,,
2026-09-02T12:03:35+00:00,interconnection,MISO:J2139||Livingston|BLACKFOOT - MADRID 345.0kV|2021-09-02T04:00:00+00:00,nan,0.518099,logistic-v1,"{""iso"":""MISO"",""fuel"":""solar_storage"",""mw"":250.0,""queue_year"":2021}",,2029-01-26,"ISO queue terminal status, observed in data/snapshots/",open,,
2026-09-02T12:03:35+00:00,interconnection,MISO:J2124||Champaign|Rising|2021-08-06T04:00:00+00:00,nan,0.285800,logistic-v1,"{""iso"":""MISO"",""fuel"":""storage"",""mw"":100.0,""queue_year"":2021}",,2029-12-31,"ISO queue terminal status, observed in data/snapshots/",open,,
2026-09-02T12:03:35+00:00,interconnection,MISO:J2250||Stutsman|Ellendale 345|2021-11-01T04:00:00+00:00,nan,0.290751,logistic-v1,"{""iso"":""MISO"",""fuel"":""wind"",""mw"":200.0,""queue_year"":2021}",,2029-12-31,"ISO queue terminal status, observed in data/snapshots/",open,,
2026-09-02T12:03:35+00:00,interconnection,MISO:J2151||Saline|Muddy to West Frankfort 138 kV line|2021-08-12T04:00:00+00:00,nan,0.687710,logistic-v1,"{""iso"":""MISO"",""fuel"":""solar_storage"",""mw"":150.0,""queue_year"":2021}",,2029-12-31,"ISO queue terminal status, observed in data/snapshots/",open,,
2026-09-02T12:03:35+00:00,interconnection,MISO:J2177||Tipton|Tipton West 230 kV|2021-08-09T04:00:00+00:00,nan,0.171957,logistic-v1,"{""iso"":""MISO"",""fuel"":""solar"",""mw"":67.0,""queue_year"":2021}",,2029-12-31,"ISO queue terminal status, observed in data/snapshots/",open,,
2026-09-02T12:03:35+00:00,interconnection,MISO:J2178||Sullivan|Merom 345 kV|2021-08-06T04:00:00+00:00,nan,0.308335,logistic-v1,"{""iso"":""MISO"",""fuel"":""storage"",""mw"":100.0,""queue_year"":2021}",,2029-12-31,"ISO queue terminal status, observed in data/snapshots/",open,,
2026-09-02T12:03:35+00:00,interconnection,MISO:J2185||Portage|Rocky Run to Werner West 345 kV line|2022-06-22T04:00:00+00:00,nan,0.272454,logistic-v1,"{""iso"":""MISO"",""fuel"":""solar"",""mw"":399.04,""queue_year"":2022}",,2028-09-02,"ISO queue terminal status, observed in data/snapshots/",open,,
2026-09-02T12:03:35+00:00,interconnection,MISO:J2197||Clay|Xenia|2025-01-10T05:00:00+00:00,nan,0.341289,logistic-v1,"{""iso"":""MISO"",""fuel"":""storage"",""mw"":100.0,""queue_year"":2025}",,2033-12-31,"ISO queue terminal status, observed in data/snapshots/",open,,
2026-09-02T12:03:35+00:00,interconnection,MISO:J2155||New Madrid|Other_|2022-03-28T04:00:00+00:00,nan,0.354513,logistic-v1,"{""iso"":""MISO"",""fuel"":""solar"",""mw"":150.0,""queue_year"":2022}",,2030-12-31,"ISO queue terminal status, observed in data/snapshots/",open,,
2026-09-02T12:03:35+00:00,interconnection,MISO:J2170||Clark|Snyder 345 kV (J1180/J1475 POI)|2022-04-05T04:00:00+00:00,nan,0.369441,logistic-v1,"{""iso"":""MISO"",""fuel"":""storage"",""mw"":150.0,""queue_year"":2022}",,2030-12-31,"ISO queue terminal status, observed in data/snapshots/",open,,
2026-09-02T12:03:35+00:00,interconnection,MISO:J2186||Fulton|Ipava-Maple Ridge 345kV (4573)|2022-06-22T04:00:00+00:00,nan,0.351658,logistic-v1,"{""iso"":""MISO"",""fuel"":""solar"",""mw"":820.6,""queue_year"":2022}",,2030-12-31,"ISO queue terminal status, observed in data/snapshots/",open,,
2026-09-02T12:03:35+00:00,interconnection,MISO:J2171||Perry|Aster to Commodore|2022-03-25T04:00:00+00:00,nan,0.384109,logistic-v1,"{""iso"":""MISO"",""fuel"":""solar"",""mw"":500.0,""queue_year"":2022}",,2030-12-31,"ISO queue terminal status, observed in data/snapshots/",open,,
2026-09-02T12:03:35+00:00,interconnection,MISO:J2179||Montgomery|MONTGOMERY|2021-08-06T04:00:00+00:00,nan,0.607621,logistic-v1,"{""iso"":""MISO"",""fuel"":""solar_storage"",""mw"":100.0,""queue_year"":2021}",,2029-12-31,"ISO queue terminal status, observed in data/snapshots/",open,,
2026-09-02T12:03:35+00:00,interconnection,MISO:J2189||McDonough|Hornsby Switching Station|2021-08-17T04:00:00+00:00,nan,0.569003,logistic-v1,"{""iso"":""MISO"",""fuel"":""wind"",""mw"":15.6,""queue_year"":2021}",,2029-12-31,"ISO queue terminal status, observed in data/snapshots/",open,,
2026-09-02T12:03:35+00:00,interconnection,MISO:J2193||Waushara|Sand Lake|2021-11-30T05:00:00+00:00,nan,0.581605,logistic-v1,"{""iso"":""MISO"",""fuel"":""solar_storage"",""mw"":100.0,""queue_year"":2021}",,2028-09-02,"ISO queue terminal status, observed in data/snapshots/",open,,
2026-09-02T12:03:35+00:00,interconnection,MISO:J2195||Fayette|Ramsey East 138 kV|2025-01-10T05:00:00+00:00,nan,0.341289,logistic-v1,"{""iso"":""MISO"",""fuel"":""storage"",""mw"":100.0,""queue_year"":2025}",,2033-12-31,"ISO queue terminal status, observed in data/snapshots/",open,,
2026-09-02T12:03:35+00:00,interconnection,MISO:J2203||Adams|East Quincy|2022-03-25T04:00:00+00:00,nan,0.369441,logistic-v1,"{""iso"":""MISO"",""fuel"":""storage"",""mw"":150.0,""queue_year"":2022}",,2028-09-02,"ISO queue terminal status, observed in data/snapshots/",open,,
2026-09-02T12:03:35+00:00,interconnection,MISO:J2205||Callaway|J1145 New 345kV POI Substation (Ameren Overton-Montgomery 345kV Line)|2021-08-12T04:00:00+00:00,nan,0.532233,logistic-v1,"{""iso"":""MISO"",""fuel"":""solar_storage"",""mw"":300.0,""queue_year"":2021}",,2029-12-31,"ISO queue terminal status, observed in data/snapshots/",open,,
2026-09-02T12:03:35+00:00,interconnection,MISO:J1944||Sanilac|GREENWOOD - RAPSON (BANNER) 345.0kV|2021-08-23T04:00:00+00:00,nan,0.334648,logistic-v1,"{""iso"":""MISO"",""fuel"":""solar"",""mw"":185.0,""queue_year"":2021}",,2028-09-02,"ISO queue terminal status, observed in data/snapshots/",open,,
2026-09-02T12:03:35+00:00,interconnection,MISO:J1967||Champaign|Rantoul East 138kV|2022-03-24T04:00:00+00:00,nan,0.395512,logistic-v1,"{""iso"":""MISO"",""fuel"":""wind"",""mw"":150.0,""queue_year"":2022}",,2030-12-31,"ISO queue terminal status, observed in data/snapshots/",open,,
2026-09-02T12:03:35+00:00,interconnection,MISO:J1948||Marion|HANNIBAL WEST|2022-03-23T04:00:00+00:00,nan,0.337852,logistic-v1,"{""iso"":""MISO"",""fuel"":""solar"",""mw"":195.0,""queue_year"":2022}",,2030-12-31,"ISO queue terminal status, observed in data/snapshots/",open,,
2026-09-02T12:03:35+00:00,interconnection,MISO:J1982||Gladwin|Other_|2021-11-30T05:00:00+00:00,nan,0.109412,logistic-v1,"{""iso"":""MISO"",""fuel"":""storage"",""mw"":25.0,""queue_year"":2021}",,2029-12-31,"ISO queue terminal status, observed in data/snapshots/",open,,
2026-09-02T12:03:35+00:00,interconnection,MISO:J1844||Washtenaw|19CVTRY|2020-12-31T05:00:00+00:00,nan,0.302156,logistic-v1,"{""iso"":""MISO"",""fuel"":""storage"",""mw"":100.0,""queue_year"":2020}",,2029-02-06,"ISO queue terminal status, observed in data/snapshots/",open,,
2026-09-02T12:03:35+00:00,interconnection,MISO:J1846||Renville|PANTHER|2021-07-22T04:00:00+00:00,nan,0.560473,logistic-v1,"{""iso"":""MISO"",""fuel"":""solar_storage"",""mw"":200.0,""queue_year"":2021}",,2029-12-31,"ISO queue terminal status, observed in data/snapshots/",open,,
2026-09-02T12:03:35+00:00,interconnection,MISO:J1861||LaPorte|STILLWELL - L.N.G. PLANT 138.0kV|2022-03-28T04:00:00+00:00,nan,0.339674,logistic-v1,"{""iso"":""MISO"",""fuel"":""storage"",""mw"":45.0,""queue_year"":2022}",,2030-12-31,"ISO queue terminal status, observed in data/snapshots/",open,,
2026-09-02T12:03:35+00:00,interconnection,MISO:J1863||Otsego|Vantyle 138kV|2021-08-16T04:00:00+00:00,nan,0.246296,logistic-v1,"{""iso"":""MISO"",""fuel"":""storage"",""mw"":60.0,""queue_year"":2021}",,2028-09-02,"ISO queue terminal status, observed in data/snapshots/",open,,
2026-09-02T12:03:35+00:00,interconnection,MISO:J1867||Franklin|Quinn|2021-11-22T05:00:00+00:00,nan,0.210430,logistic-v1,"{""iso"":""MISO"",""fuel"":""wind"",""mw"":200.0,""queue_year"":2021}",,2029-12-31,"ISO queue terminal status, observed in data/snapshots/",open,,
2026-09-02T12:03:35+00:00,interconnection,MISO:J1845||Calhoun|18BATTLC|2020-12-31T05:00:00+00:00,nan,0.234698,logistic-v1,"{""iso"":""MISO"",""fuel"":""storage"",""mw"":100.0,""queue_year"":2020}",,2028-09-02,"ISO queue terminal status, observed in data/snapshots/",open,,
2026-09-02T12:03:35+00:00,interconnection,MISO:J1895||Kenosha|Balsam|2023-10-03T04:00:00+00:00,nan,0.219644,logistic-v1,"{""iso"":""MISO"",""fuel"":""storage"",""mw"":200.0,""queue_year"":2023}",,2031-12-31,"ISO queue terminal status, observed in data/snapshots/",open,,
2026-09-02T12:03:35+00:00,interconnection,MISO:J1902||Wayne|IRONTON|2021-08-13T04:00:00+00:00,nan,0.247851,logistic-v1,"{""iso"":""MISO"",""fuel"":""storage"",""mw"":200.0,""queue_year"":2021}",,2028-09-02,"ISO queue terminal status, observed in data/snapshots/",open,,
2026-09-02T12:03:35+00:00,interconnection,MISO:J1889||Linn|Mount Vernon|2021-08-04T04:00:00+00:00,nan,0.332875,logistic-v1,"{""iso"":""MISO"",""fuel"":""solar"",""mw"":60.0,""queue_year"":2021}",,2029-12-31,"ISO queue terminal status, observed in data/snapshots/",open,,
2026-09-02T12:03:35+00:00,interconnection,MISO:J1880||Ottawa|Argenta to Tallmadge 345kV (33 miles from Argenta)|2021-08-16T04:00:00+00:00,nan,0.246296,logistic-v1,"{""iso"":""MISO"",""fuel"":""storage"",""mw"":60.0,""queue_year"":2021}",,2028-09-02,"ISO queue terminal status, observed in data/snapshots/",open,,
2026-09-02T12:03:35+00:00,interconnection,MISO:J1882||Tazewell|San Jose Rail 138kV|2022-03-28T04:00:00+00:00,nan,0.450383,logistic-v1,"{""iso"":""MISO"",""fuel"":""storage"",""mw"":45.0,""queue_year"":2022}",,2030-12-31,"ISO queue terminal status, observed in data/snapshots/",open,,
2026-09-02T12:03:35+00:00,interconnection,MISO:J1894||Kalamazoo|Jaguar 138 kV|2021-10-29T04:00:00+00:00,nan,0.189229,logistic-v1,"{""iso"":""MISO"",""fuel"":""storage"",""mw"":200.0,""queue_year"":2021}",,2029-02-08,"ISO queue terminal status, observed in data/snapshots/",open,,
2026-09-02T12:03:35+00:00,interconnection,MISO:J1900||Wayne|Brownstown 12  120kV|2021-08-13T04:00:00+00:00,nan,0.247851,logistic-v1,"{""iso"":""MISO"",""fuel"":""storage"",""mw"":200.0,""queue_year"":2021}",,2028-10-15,"ISO queue terminal status, observed in data/snapshots/",open,,
2026-09-02T12:03:35+00:00,interconnection,MISO:J1898||Olmsted|Byron 161 kV|2021-08-13T04:00:00+00:00,nan,0.268518,logistic-v1,"{""iso"":""MISO"",""fuel"":""storage"",""mw"":200.0,""queue_year"":2021}",,2028-09-02,"ISO queue terminal status, observed in data/snapshots/",open,,
2026-09-02T12:03:35+00:00,interconnection,MISO:J1929||Cheboygan|Other_|2021-08-24T04:00:00+00:00,nan,0.291842,logistic-v1,"{""iso"":""MISO"",""fuel"":""solar"",""mw"":110.0,""queue_year"":2021}",,2028-09-25,"ISO queue terminal status, observed in data/snapshots/",open,,
2026-09-02T12:03:35+00:00,interconnection,MISO:J1934||Kenosha|Lakeview 138kV|2021-08-24T04:00:00+00:00,nan,0.263205,logistic-v1,"{""iso"":""MISO"",""fuel"":""storage"",""mw"":150.0,""queue_year"":2021}",,2028-10-01,"ISO queue terminal status, observed in data/snapshots/",open,,
2026-09-02T12:03:35+00:00,interconnection,MISO:J1935||Dane|N. Madison 69kV|2021-11-29T05:00:00+00:00,nan,0.420181,logistic-v1,"{""iso"":""MISO"",""fuel"":""solar"",""mw"":50.0,""queue_year"":2021}",,2029-12-31,"ISO queue terminal status, observed in data/snapshots/",open,,
2026-09-02T12:03:35+00:00,interconnection,MISO:J1926||Tazewell|Mackinaw|2022-03-23T04:00:00+00:00,nan,0.376382,logistic-v1,"{""iso"":""MISO"",""fuel"":""wind"",""mw"":200.0,""queue_year"":2022}",,2030-12-31,"ISO queue terminal status, observed in data/snapshots/",open,,
2026-09-02T12:03:35+00:00,interconnection,MISO:J1931||Iowa|Hill Valley 345kV|2021-11-30T05:00:00+00:00,nan,0.365634,logistic-v1,"{""iso"":""MISO"",""fuel"":""wind"",""mw"":40.0,""queue_year"":2021}",,2028-09-02,"ISO queue terminal status, observed in data/snapshots/",open,,
2026-09-02T12:03:35+00:00,interconnection,MISO:J1927||Muscatine|Grandview Substation 69 kV|2021-12-03T05:00:00+00:00,nan,0.498502,logistic-v1,"{""iso"":""MISO"",""fuel"":""solar"",""mw"":23.4,""queue_year"":2021}",,2029-12-31,"ISO queue terminal status, observed in data/snapshots/",open,,
2026-09-02T12:03:35+00:00,interconnection,MISO:J1914||Presque Isle|PORT CALCITE - ROCKPORT 138.0kV|2023-10-05T04:00:00+00:00,nan,0.243986,logistic-v1,"{""iso"":""MISO"",""fuel"":""solar"",""mw"":150.0,""queue_year"":2023}",,2028-09-02,"ISO queue terminal status, observed in data/snapshots/",open,,
2026-09-02T12:03:35+00:00,interconnection,MISO:J1943||Columbia|Columbia - North Madison 345/138 kV 345.0kV|2021-08-23T04:00:00+00:00,nan,0.329791,logistic-v1,"{""iso"":""MISO"",""fuel"":""solar"",""mw"":200.0,""queue_year"":2021}",,2029-12-31,"ISO queue terminal status, observed in data/snapshots/",open,,
2026-09-02T12:03:35+00:00,interconnection,MISO:J1916||Branch|NEWTON|2023-10-19T04:00:00+00:00,nan,0.362491,logistic-v1,"{""iso"":""MISO"",""fuel"":""solar"",""mw"":100.0,""queue_year"":2023}",,2028-09-02,"ISO queue terminal status, observed in data/snapshots/",open,,
2026-09-02T12:03:35+00:00,interconnection,MISO:J1917||Livingston|MADRID - MAJESTIC 345.0kV|2021-08-19T04:00:00+00:00,nan,0.341834,logistic-v1,"{""iso"":""MISO"",""fuel"":""solar"",""mw"":165.0,""queue_year"":2021}",,2028-09-02,"ISO queue terminal status, observed in data/snapshots/",open,,
2026-09-02T12:03:35+00:00,interconnection,MISO:J1932||Gladwin|Other_|2021-08-24T04:00:00+00:00,nan,0.111175,logistic-v1,"{""iso"":""MISO"",""fuel"":""solar"",""mw"":100.0,""queue_year"":2021}",,2029-12-31,"ISO queue terminal status, observed in data/snapshots/",open,,
2026-09-02T12:03:35+00:00,interconnection,MISO:J1939||Saginaw|CORNELL - LAYTON 138.0kV|2023-10-18T04:00:00+00:00,nan,0.253532,logistic-v1,"{""iso"":""MISO"",""fuel"":""solar"",""mw"":125.0,""queue_year"":2023}",,2028-09-02,"ISO queue terminal status, observed in data/snapshots/",open,,
2026-09-02T12:03:35+00:00,interconnection,MISO:J1993||Columbia|Columbia - South Fond du Lac 345.0kV|2021-12-01T05:00:00+00:00,nan,0.374706,logistic-v1,"{""iso"":""MISO"",""fuel"":""solar"",""mw"":99.0,""queue_year"":2021}",,2029-12-31,"ISO queue terminal status, observed in data/snapshots/",open,,
2026-09-02T12:03:35+00:00,interconnection,MISO:J2002||Washington|SUB T HASKINS|2021-08-13T04:00:00+00:00,nan,0.354075,logistic-v1,"{""iso"":""MISO"",""fuel"":""solar"",""mw"":200.0,""queue_year"":2021}",,2028-09-02,"ISO queue terminal status, observed in data/snapshots/",open,,
2026-09-02T12:03:35+00:00,interconnection,MISO:J2026||Gratiot|REGAL|2021-11-15T05:00:00+00:00,nan,0.285800,logistic-v1,"{""iso"":""MISO"",""fuel"":""storage"",""mw"":100.0,""queue_year"":2021}",,2028-09-02,"ISO queue terminal status, observed in data/snapshots/",open,,
2026-09-02T12:03:35+00:00,interconnection,MISO:J2029||Marquette|Perch Lake|2021-11-30T05:00:00+00:00,nan,0.405186,logistic-v1,"{""iso"":""MISO"",""fuel"":""solar"",""mw"":62.5,""queue_year"":2021}",,2028-09-02,"ISO queue terminal status, observed in data/snapshots/",open,,
2026-09-02T12:03:35+00:00,interconnection,MISO:J2027||Dakota|CHUB LAKE - 304JB21/22 - HAMPTON - 8S50/51 345.0kV|2025-07-14T04:00:00+00:00,nan,0.302439,logistic-v1,"{""iso"":""MISO"",""fuel"":""solar"",""mw"":150.0,""queue_year"":2025}",,2033-12-31,"ISO queue terminal status, observed in data/snapshots/",open,,
2026-09-02T12:03:35+00:00,interconnection,MISO:J2031||Tama|Toledo|2021-08-13T04:00:00+00:00,nan,0.244513,logistic-v1,"{""iso"":""MISO"",""fuel"":""wind"",""mw"":100.0,""queue_year"":2021}",,2029-12-31,"ISO queue terminal status, observed in data/snapshots/",open,,
2026-09-02T12:03:35+00:00,interconnection,MISO:J2001||Newaygo|KENOWA - LUDINGTON 345.0kV|2021-08-16T04:00:00+00:00,nan,0.253351,logistic-v1,"{""iso"":""MISO"",""fuel"":""solar"",""mw"":220.0,""queue_year"":2021}",,2029-07-12,"ISO queue terminal status, observed in data/snapshots/",open,,
2026-09-02T12:03:35+00:00,interconnection,MISO:J2045||Newton|Goodland 138 kV|2022-03-28T04:00:00+00:00,nan,0.333172,logistic-v1,"{""iso"":""MISO"",""fuel"":""storage"",""mw"":50.0,""queue_year"":2022}",,2030-12-31,"ISO queue terminal status, observed in data/snapshots/",open,,
2026-09-02T12:03:35+00:00,interconnection,MISO:J2036||Cumberland|Hutsonville - Neoga 138 kV|2022-04-05T04:00:00+00:00,nan,0.707133,logistic-v1,"{""iso"":""MISO"",""fuel"":""storage"",""mw"":0.0,""queue_year"":2022}",,2030-12-31,"ISO queue terminal status, observed in data/snapshots/",open,,
2026-09-02T12:03:35+00:00,interconnection,MISO:J2053||Redwood|Cedar Mountain - Lyon County 345.0kV|2021-08-17T04:00:00+00:00,nan,0.307093,logistic-v1,"{""iso"":""MISO"",""fuel"":""wind"",""mw"":151.47,""queue_year"":2021}",,2029-12-31,"ISO queue terminal status, observed in data/snapshots/",open,,
2026-09-02T12:03:35+00:00,interconnection,MISO:J2033||Clay|7XENIA    - 7MTVERNW 345.0kV|2021-08-26T04:00:00+00:00,nan,0.466164,logistic-v1,"{""iso"":""MISO"",""fuel"":""solar"",""mw"":200.0,""queue_year"":2021}",,2029-12-31,"ISO queue terminal status, observed in data/snapshots/",open,,
2026-09-02T12:03:35+00:00,interconnection,MISO:J2048||Benton|GOODLAND - MORRISON DITCH 138.0kV|2022-03-25T04:00:00+00:00,nan,0.315114,logistic-v1,"{""iso"":""MISO"",""fuel"":""wind"",""mw"":100.0,""queue_year"":2022}",,2030-12-31,"ISO queue terminal status, observed in data/snapshots/",open,,
2026-09-02T12:03:35+00:00,interconnection,MISO:J2061||Saginaw|MURPHY|2021-08-12T04:00:00+00:00,nan,0.258449,logistic-v1,"{""iso"":""MISO"",""fuel"":""solar"",""mw"":200.0,""queue_year"":2021}",,2028-11-24,"ISO queue terminal status, observed in data/snapshots/",open,,
2026-09-02T12:03:35+00:00,interconnection,MISO:J2055||Sheboygan|Edgewater|2021-08-13T04:00:00+00:00,nan,0.374048,logistic-v1,"{""iso"":""MISO"",""fuel"":""solar"",""mw"":100.0,""queue_year"":2021}",,2028-09-02,"ISO queue terminal status, observed in data/snapshots/",open,,
2026-09-02T12:03:35+00:00,interconnection,MISO:J2064||Jackson|Tompkins 138 kV|2021-11-08T05:00:00+00:00,nan,0.220838,logistic-v1,"{""iso"":""MISO"",""fuel"":""storage"",""mw"":100.0,""queue_year"":2021}",,2028-09-02,"ISO queue terminal status, observed in data/snapshots/",open,,
2026-09-02T12:03:35+00:00,interconnection,MISO:J2044||Newton|Goodland 138 kV Substation|2022-03-29T04:00:00+00:00,nan,0.380895,logistic-v1,"{""iso"":""MISO"",""fuel"":""solar"",""mw"":100.0,""queue_year"":2022}",,2030-12-31,"ISO queue terminal status, observed in data/snapshots/",open,,
2026-09-02T12:03:35+00:00,interconnection,MISO:J2049||Shelby|Other_|2022-03-25T04:00:00+00:00,nan,0.376382,logistic-v1,"{""iso"":""MISO"",""fuel"":""wind"",""mw"":200.0,""queue_year"":2022}",,2030-12-31,"ISO queue terminal status, observed in data/snapshots/",open,,
2026-09-02T12:03:35+00:00,interconnection,MISO:J2050||Macon|Thomas Hill-Adair-1 161kV|2022-03-28T04:00:00+00:00,nan,0.333680,logistic-v1,"{""iso"":""MISO"",""fuel"":""solar"",""mw"":208.43,""queue_year"":2022}",,2030-12-31,"ISO queue terminal status, observed in data/snapshots/",open,,
2026-09-02T12:03:35+00:00,interconnection,MISO:J2066||Henry|Denmark|2021-08-17T04:00:00+00:00,nan,0.224695,logistic-v1,"{""iso"":""MISO"",""fuel"":""storage"",""mw"":100.0,""queue_year"":2021}",,2029-12-31,"ISO queue terminal status, observed in data/snapshots/",open,,
2026-09-02T12:03:35+00:00,interconnection,MISO:J2078||Story|Fernald|2021-08-13T04:00:00+00:00,nan,0.262741,logistic-v1,"{""iso"":""MISO"",""fuel"":""solar"",""mw"":200.0,""queue_year"":2021}",,2029-12-31,"ISO queue terminal status, observed in data/snapshots/",open,,
2026-09-02T12:03:35+00:00,interconnection,MISO:J2087||Renville|FRANKLIN|2025-08-19T04:00:00+00:00,nan,0.148989,logistic-v1,"{""iso"":""MISO"",""fuel"":""solar"",""mw"":125.0,""queue_year"":2025}",,2033-12-31,"ISO queue terminal status, observed in data/snapshots/",open,,
2026-09-02T12:03:35+00:00,interconnection,MISO:J2097||Morton|Tri-County 230 kV Substation|2021-08-25T04:00:00+00:00,nan,0.332367,logistic-v1,"{""iso"":""MISO"",""fuel"":""wind"",""mw"":100.0,""queue_year"":2021}",,2029-12-31,"ISO queue terminal status, observed in data/snapshots/",open,,
2026-09-02T12:03:35+00:00,interconnection,MISO:J2098||Calhoun|BATTLE CREEK - ONEIDA 345.0kV|2021-08-22T04:00:00+00:00,nan,0.235712,logistic-v1,"{""iso"":""MISO"",""fuel"":""solar"",""mw"":309.0,""queue_year"":2021}",,2028-09-02,"ISO queue terminal status, observed in data/snapshots/",open,,
2026-09-02T12:03:35+00:00,interconnection,MISO:J2258||Adams|East Quincy-Fishhook 138kV|2022-03-28T04:00:00+00:00,nan,0.455895,logistic-v1,"{""iso"":""MISO"",""fuel"":""solar"",""mw"":175.0,""queue_year"":2022}",,2030-12-31,"ISO queue terminal status, observed in data/snapshots/",open,,
2026-09-02T12:03:35+00:00,interconnection,MISO:J2260||Presque Isle|PORT CALCITE - RIGGSVILLE 138.0kV|2021-10-07T04:00:00+00:00,nan,0.196393,logistic-v1,"{""iso"":""MISO"",""fuel"":""wind"",""mw"":251.5,""queue_year"":2021}",,2029-12-31,"ISO queue terminal status, observed in data/snapshots/",open,,
2026-09-02T12:03:35+00:00,interconnection,MISO:J2265||Bollinger|St. Francois (Bus #345773) - Lutesville (Bus #344974) 345 kV Line|2025-07-16T04:00:00+00:00,nan,0.481962,logistic-v1,"{""iso"":""MISO"",""fuel"":""solar_storage"",""mw"":200.0,""queue_year"":2025}",,2033-12-31,"ISO queue terminal status, observed in data/snapshots/",open,,
2026-09-02T12:03:35+00:00,interconnection,MISO:J2266||Edgar|7KANSAS   - 08SUGCRK 345.0kV|2025-06-09T04:00:00+00:00,nan,0.606096,logistic-v1,"{""iso"":""MISO"",""fuel"":""solar_storage"",""mw"":175.0,""queue_year"":2025}",,2033-12-31,"ISO queue terminal status, observed in data/snapshots/",open,,
2026-09-02T12:03:35+00:00,interconnection,MISO:J2268||Linn|Duane Arnold|2021-08-11T04:00:00+00:00,nan,0.226758,logistic-v1,"{""iso"":""MISO"",""fuel"":""solar"",""mw"":400.0,""queue_year"":2021}",,2029-12-31,"ISO queue terminal status, observed in data/snapshots/",open,,
2026-09-02T12:03:35+00:00,interconnection,MISO:J2069||Montcalm|EUREKA - VESTABURG 138.0kV|2021-11-30T05:00:00+00:00,nan,0.581605,logistic-v1,"{""iso"":""MISO"",""fuel"":""solar_storage"",""mw"":100.0,""queue_year"":2021}",,2028-09-02,"ISO queue terminal status, observed in data/snapshots/",open,,
2026-09-02T12:03:35+00:00,interconnection,MISO:J2273||Clinton|Tabor|2025-07-03T04:00:00+00:00,nan,0.606096,logistic-v1,"{""iso"":""MISO"",""fuel"":""solar_storage"",""mw"":175.0,""queue_year"":2025}",,2033-12-31,"ISO queue terminal status, observed in data/snapshots/",open,,
2026-09-02T12:03:35+00:00,interconnection,MISO:J2272||Clinton|Calamus East|2021-07-22T04:00:00+00:00,nan,0.437771,logistic-v1,"{""iso"":""MISO"",""fuel"":""solar_storage"",""mw"":250.0,""queue_year"":2021}",,2028-09-02,"ISO queue terminal status, observed in data/snapshots/",open,,
2026-09-02T12:03:35+00:00,interconnection,MISO:J2276||Douglas|ALEXANDRIA|2022-04-11T04:00:00+00:00,nan,0.443288,logistic-v1,"{""iso"":""MISO"",""fuel"":""solar"",""mw"":39.5,""queue_year"":2022}",,2030-12-31,"ISO queue terminal status, observed in data/snapshots/",open,,
2026-09-02T12:03:35+00:00,interconnection,MISO:J2267||Williamson|345 kV Crab Orchard Substation|2022-03-24T04:00:00+00:00,nan,0.638114,logistic-v1,"{""iso"":""MISO"",""fuel"":""solar_storage"",""mw"":250.0,""queue_year"":2022}",,2030-12-31,"ISO queue terminal status, observed in data/snapshots/",open,,
2026-09-02T12:03:35+00:00,interconnection,MISO:J2296||Sullivan|Merom Gibson 345kV line Tap|2022-03-24T04:00:00+00:00,nan,0.146503,logistic-v1,"{""iso"":""MISO"",""fuel"":""solar"",""mw"":100.0,""queue_year"":2022}",,2030-12-31,"ISO queue terminal status, observed in data/snapshots/",open,,
2026-09-02T12:03:35+00:00,interconnection,MISO:J2275||Peoria|Fargo to Sandburg 345kV|2022-03-22T04:00:00+00:00,nan,0.242098,logistic-v1,"{""iso"":""MISO"",""fuel"":""wind"",""mw"":250.0,""queue_year"":2022}",,2030-12-31,"ISO queue terminal status, observed in data/snapshots/",open,,
2026-09-02T12:03:35+00:00,interconnection,MISO:J2280|||GREENWOOD CLARK TOWNSHIP|2022-03-28T04:00:00+00:00,nan,0.086693,logistic-v1,"{""iso"":""MISO"",""fuel"":""storage"",""mw"":198.0,""queue_year"":2022}",,2030-12-31,"ISO queue terminal status, observed in data/snapshots/",open,,
2026-09-02T12:03:35+00:00,interconnection,MISO:J2288||Ralls|SPENCER CREEK|2025-01-27T05:00:00+00:00,nan,0.293395,logistic-v1,"{""iso"":""MISO"",""fuel"":""solar"",""mw"":175.0,""queue_year"":2025}",,2033-12-31,"ISO queue terminal status, observed in data/snapshots/",open,,
2026-09-02T12:03:35+00:00,interconnection,MISO:J2309||Murray|Chanarambie - ELLSBOROUGH (GRE) 115.0kV|2021-09-07T04:00:00+00:00,nan,0.203451,logistic-v1,"{""iso"":""MISO"",""fuel"":""solar"",""mw"":100.0,""queue_year"":2021}",,2029-12-31,"ISO queue terminal status, observed in data/snapshots/",open,,
2026-09-02T12:03:35+00:00,interconnection,MISO:J2270||Sullivan|Merom 345 kV|2021-08-16T04:00:00+00:00,nan,0.328462,logistic-v1,"{""iso"":""MISO"",""fuel"":""solar"",""mw"":300.0,""queue_year"":2021}",,2029-12-31,"ISO queue terminal status, observed in data/snapshots/",open,,
2026-09-02T12:03:35+00:00,interconnection,MISO:J2283||Hillsdale|18Knowles (MISO node #256632)|2021-11-19T05:00:00+00:00,nan,0.343195,logistic-v1,"{""iso"":""MISO"",""fuel"":""wind"",""mw"":16.1,""queue_year"":2021}",,2028-09-02,"ISO queue terminal status, observed in data/snapshots/",open,,
2026-09-02T12:03:35+00:00,interconnection,MISO:J2311||Putnam|Putnam|2024-10-18T04:00:00+00:00,nan,0.360699,logistic-v1,"{""iso"":""MISO"",""fuel"":""wind"",""mw"":145.0,""queue_year"":2024}",,2032-12-31,"ISO queue terminal status, observed in data/snapshots/",open,,
2026-09-02T12:03:35+00:00,interconnection,MISO:J2301||Vigo|Other_|2022-03-28T04:00:00+00:00,nan,0.285357,logistic-v1,"{""iso"":""MISO"",""fuel"":""solar_storage"",""mw"":100.0,""queue_year"":2022}",,2030-12-31,"ISO queue terminal status, observed in data/snapshots/",open,,
2026-09-02T12:03:35+00:00,interconnection,MISO:J2307||Miami|Greentown  - Walton. 230.0kV|2022-03-23T04:00:00+00:00,nan,0.137560,logistic-v1,"{""iso"":""MISO"",""fuel"":""solar"",""mw"":130.0,""queue_year"":2022}",,2030-12-31,"ISO queue terminal status, observed in data/snapshots/",open,,
2026-09-02T12:03:35+00:00,interconnection,MISO:J2304||Columbia|Columbia - Rockdale 345.0kV|2021-12-02T05:00:00+00:00,nan,0.213317,logistic-v1,"{""iso"":""MISO"",""fuel"":""storage"",""mw"":400.0,""queue_year"":2021}",,2028-12-31,"ISO queue terminal status, observed in data/snapshots/",open,,
2026-09-02T12:03:35+00:00,interconnection,MISO:J2312||Putnam|Putnam|2024-10-18T04:00:00+00:00,nan,0.434479,logistic-v1,"{""iso"":""MISO"",""fuel"":""wind"",""mw"":47.9,""queue_year"":2024}",,2032-12-31,"ISO queue terminal status, observed in data/snapshots/",open,,
2026-09-02T12:03:35+00:00,interconnection,MISO:J2334||Montgomery|Redhawk|2022-09-14T04:00:00+00:00,nan,0.448371,logistic-v1,"{""iso"":""MISO"",""fuel"":""solar"",""mw"":195.0,""queue_year"":2022}",,2030-12-31,"ISO queue terminal status, observed in data/snapshots/",open,,
2026-09-02T12:03:35+00:00,interconnection,MISO:J3838||Ingham|DELHI - TOMPKINS 138.0kV|2024-04-18T04:00:00+00:00,nan,0.210223,logistic-v1,"{""iso"":""MISO"",""fuel"":""solar"",""mw"":225.0,""queue_year"":2024}",,2032-12-31,"ISO queue terminal status, observed in data/snapshots/",open,,
2026-09-02T12:03:35+00:00,interconnection,MISO:J3848||Wabasha|Wabaco|2024-12-31T05:00:00+00:00,nan,0.213946,logistic-v1,"{""iso"":""MISO"",""fuel"":""storage"",""mw"":250.0,""queue_year"":2024}",,2032-12-31,"ISO queue terminal status, observed in data/snapshots/",open,,
2026-09-02T12:03:35+00:00,interconnection,MISO:J3532||Roseau|Riel (MH) - Roseau County North 500.0kV|2024-04-18T04:00:00+00:00,nan,0.113716,logistic-v1,"{""iso"":""MISO"",""fuel"":""solar"",""mw"":500.0,""queue_year"":2024}",,2032-12-31,"ISO queue terminal status, observed in data/snapshots/",open,,
2026-09-02T12:03:35+00:00,interconnection,MISO:J3545||Ionia|BINGHAM - MARQUETTE 138.0kV|2024-04-15T04:00:00+00:00,nan,0.215769,logistic-v1,"{""iso"":""MISO"",""fuel"":""solar"",""mw"":200.0,""queue_year"":2024}",,2032-12-31,"ISO queue terminal status, observed in data/snapshots/",open,,
2026-09-02T12:03:35+00:00,interconnection,MISO:J3525||Rock Island|SUB 47|2024-04-17T04:00:00+00:00,nan,0.205450,logistic-v1,"{""iso"":""MISO"",""fuel"":""storage"",""mw"":300.0,""queue_year"":2024}",,2032-12-31,"ISO queue terminal status, observed in data/snapshots/",open,,
2026-09-02T12:03:35+00:00,interconnection,MISO:J3853||Iroquois|Other_|2024-12-26T05:00:00+00:00,nan,0.315067,logistic-v1,"{""iso"":""MISO"",""fuel"":""wind"",""mw"":300.0,""queue_year"":2024}",,2032-12-31,"ISO queue terminal status, observed in data/snapshots/",open,,
2026-09-02T12:03:35+00:00,interconnection,MISO:J3623||Sunflower|INDIANOLA 230/115 SUB - TILLATOBA 230.0kV|2024-04-17T04:00:00+00:00,nan,0.216609,logistic-v1,"{""iso"":""MISO"",""fuel"":""wind"",""mw"":350.0,""queue_year"":2024}",,2032-12-31,"ISO queue terminal status, observed in data/snapshots/",open,,
2026-09-02T12:03:35+00:00,interconnection,MISO:J2316||Dickinson|Nordic 138kV Substation|2021-09-16T04:00:00+00:00,nan,0.390846,logistic-v1,"{""iso"":""MISO"",""fuel"":""solar"",""mw"":77.5,""queue_year"":2021}",,2028-09-02,"ISO queue terminal status, observed in data/snapshots/",open,,
2026-09-02T12:03:35+00:00,interconnection,MISO:J3849||Winnebago|Bison - Colby 345kV|2024-12-31T05:00:00+00:00,nan,0.173821,logistic-v1,"{""iso"":""MISO"",""fuel"":""wind"",""mw"":200.0,""queue_year"":2024}",,2032-12-31,"ISO queue terminal status, observed in data/snapshots/",open,,
2026-09-02T12:03:35+00:00,interconnection,MISO:J3546||Lincoln|Yankee - Brookings CO. 115.0kV|2024-04-18T04:00:00+00:00,nan,0.125333,logistic-v1,"{""iso"":""MISO"",""fuel"":""wind"",""mw"":120.0,""queue_year"":2024}",,2032-12-31,"ISO queue terminal status, observed in data/snapshots/",open,,
2026-09-02T12:03:35+00:00,interconnection,MISO:J3619||Mississippi|MONETTE JUNCTION - PARAGOULD 161.0kV|2024-04-16T04:00:00+00:00,nan,0.159232,logistic-v1,"{""iso"":""MISO"",""fuel"":""solar"",""mw"":150.0,""queue_year"":2024}",,2032-12-31,"ISO queue terminal status, observed in data/snapshots/",open,,
2026-09-02T12:03:35+00:00,interconnection,MISO:J4017||Blue Earth|Wilmarth - Fieldon 345.0kV|2025-05-15T04:00:00+00:00,nan,0.120532,logistic-v1,"{""iso"":""MISO"",""fuel"":""solar"",""mw"":299.0,""queue_year"":2025}",,2033-12-31,"ISO queue terminal status, observed in data/snapshots/",open,,
2026-09-02T12:03:35+00:00,interconnection,MISO:J4021||Sullivan|Petersburg - Sullivan (AEP/PJM) 345.0kV|2025-05-27T04:00:00+00:00,nan,0.359038,logistic-v1,"{""iso"":""MISO"",""fuel"":""gas"",""mw"":470.0,""queue_year"":2025}",,2033-12-31,"ISO queue terminal status, observed in data/snapshots/",open,,
2026-09-02T12:03:35+00:00,interconnection,MISO:J3949||Scott|7MEREDOSIA - 7TURNER 345.0kV|2025-04-07T04:00:00+00:00,nan,0.253238,logistic-v1,"{""iso"":""MISO"",""fuel"":""solar"",""mw"":245.0,""queue_year"":2025}",,2033-12-31,"ISO queue terminal status, observed in data/snapshots/",open,,
2026-09-02T12:03:35+00:00,interconnection,MISO:J3946||Tazewell|Tazewell|2025-03-31T04:00:00+00:00,nan,0.275725,logistic-v1,"{""iso"":""MISO"",""fuel"":""storage"",""mw"":300.0,""queue_year"":2025}",,2033-12-31,"ISO queue terminal status, observed in data/snapshots/",open,,
2026-09-02T12:03:35+00:00,interconnection,MISO:J4019||Calhoun|BATTLE CREEK - ONEIDA 345.0kV|2025-05-07T04:00:00+00:00,nan,0.145506,logistic-v1,"{""iso"":""MISO"",""fuel"":""storage"",""mw"":200.0,""queue_year"":2025}",,2033-12-31,"ISO queue terminal status, observed in data/snapshots/",open,,
2026-09-02T12:03:35+00:00,interconnection,MISO:S1085||Nobles|NOBLES COUNTY|2025-01-14T05:00:00+00:00,nan,0.093185,logistic-v1,"{""iso"":""MISO"",""fuel"":""storage"",""mw"":200.0,""queue_year"":2025}",,2028-09-02,"ISO queue terminal status, observed in data/snapshots/",open,,
2026-09-02T12:03:35+00:00,interconnection,MISO:J4018||Ford|Other_|2025-05-02T04:00:00+00:00,nan,0.309153,logistic-v1,"{""iso"":""MISO"",""fuel"":""wind"",""mw"":250.0,""queue_year"":2025}",,2033-12-31,"ISO queue terminal status, observed in data/snapshots/",open,,
2026-09-02T12:03:35+00:00,interconnection,MISO:J4031||Scott|7MEREDOSIA - 7TURNER 345.0kV|2025-05-12T04:00:00+00:00,nan,0.253238,logistic-v1,"{""iso"":""MISO"",""fuel"":""solar"",""mw"":245.0,""queue_year"":2025}",,2033-12-31,"ISO queue terminal status, observed in data/snapshots/",open,,
2026-09-02T12:03:35+00:00,interconnection,MISO:J3947||Shelby|7FARADAY - 7PANA 345.0kV|2025-03-25T04:00:00+00:00,nan,0.193821,logistic-v1,"{""iso"":""MISO"",""fuel"":""storage"",""mw"":200.0,""queue_year"":2025}",,2033-12-31,"ISO queue terminal status, observed in data/snapshots/",open,,
2026-09-02T12:03:35+00:00,interconnection,MISO:J3980||Sullivan|Gibson Sta - Merom (HED) 345.0kV|2025-04-08T04:00:00+00:00,nan,0.206078,logistic-v1,"{""iso"":""MISO"",""fuel"":""solar_storage"",""mw"":200.0,""queue_year"":2025}",,2033-12-31,"ISO queue terminal status, observed in data/snapshots/",open,,
2026-09-02T12:03:35+00:00,interconnection,MISO:S1111||Adair|ORIENT|2025-07-31T04:00:00+00:00,nan,0.462785,logistic-v1,"{""iso"":""MISO"",""fuel"":""solar_storage"",""mw"":263.0,""queue_year"":2025}",,2033-12-31,"ISO queue terminal status, observed in data/snapshots/",open,,
2026-09-02T12:03:35+00:00,interconnection,MISO:J3923||Washtenaw|Majestic-Milan 345 kV Line|2025-02-28T05:00:00+00:00,nan,0.269340,logistic-v1,"{""iso"":""MISO"",""fuel"":""gas"",""mw"":1414.0,""queue_year"":2025}",,2033-12-31,"ISO queue terminal status, observed in data/snapshots/",open,,
2026-09-02T12:03:35+00:00,interconnection,MISO:J3975||Rusk|Stone Lake - Gardner Park 345.0kV|2025-03-10T04:00:00+00:00,nan,0.226057,logistic-v1,"{""iso"":""MISO"",""fuel"":""solar"",""mw"":416.5,""queue_year"":2025}",,2033-12-31,"ISO queue terminal status, observed in data/snapshots/",open,,
2026-09-02T12:03:35+00:00,interconnection,MISO:J3973||Branch|COLDWATER - MOORE ROAD 138.0kV|2025-03-05T05:00:00+00:00,nan,0.171355,logistic-v1,"{""iso"":""MISO"",""fuel"":""storage"",""mw"":100.0,""queue_year"":2025}",,2033-12-31,"ISO queue terminal status, observed in data/snapshots/",open,,
2026-09-02T12:03:35+00:00,interconnection,MISO:J3976||Fayette|7COFFEN N - 7RAMSEY   345.0kV|2025-03-25T04:00:00+00:00,nan,0.393017,logistic-v1,"{""iso"":""MISO"",""fuel"":""wind"",""mw"":66.8,""queue_year"":2025}",,2033-12-31,"ISO queue terminal status, observed in data/snapshots/",open,,
2026-09-02T12:03:35+00:00,interconnection,MISO:J3896||Knox|Gibson Sta - Bedford 345 345.0kV|2025-02-07T05:00:00+00:00,nan,0.130191,logistic-v1,"{""iso"":""MISO"",""fuel"":""solar"",""mw"":70.0,""queue_year"":2025}",,2033-12-31,"ISO queue terminal status, observed in data/snapshots/",open,,
2026-09-02T12:03:35+00:00,interconnection,MISO:J3922||Branch|HIPLE|2025-03-04T05:00:00+00:00,nan,0.206032,logistic-v1,"{""iso"":""MISO"",""fuel"":""gas"",""mw"":1445.0,""queue_year"":2025}",,2033-12-31,"ISO queue terminal status, observed in data/snapshots/",open,,
2026-09-02T12:03:35+00:00,interconnection,MISO:J3924||Branch|COLDWATER - MOORE ROAD 138.0kV|2025-03-05T05:00:00+00:00,nan,0.180381,logistic-v1,"{""iso"":""MISO"",""fuel"":""storage"",""mw"":80.0,""queue_year"":2025}",,2033-12-31,"ISO queue terminal status, observed in data/snapshots/",open,,
2026-09-02T12:03:35+00:00,interconnection,MISO:J4099||Jackson|Fox Lake - Jackson North 161kV|2025-10-07T04:00:00+00:00,nan,0.162792,logistic-v1,"{""iso"":""MISO"",""fuel"":""wind"",""mw"":200.0,""queue_year"":2025}",,2033-12-31,"ISO queue terminal status, observed in data/snapshots/",open,,
2026-09-02T12:03:35+00:00,interconnection,MISO:J4120||Lenawee|Other_|2025-09-16T04:00:00+00:00,nan,0.159779,logistic-v1,"{""iso"":""MISO"",""fuel"":""wind"",""mw"":200.0,""queue_year"":2025}",,2033-12-31,"ISO queue terminal status, observed in data/snapshots/",open,,
2026-09-02T12:03:35+00:00,interconnection,MISO:S1081||Muskegon|DU PONT - WHITE LAKE 138.0kV|2025-01-13T05:00:00+00:00,nan,0.171355,logistic-v1,"{""iso"":""MISO"",""fuel"":""storage"",""mw"":100.0,""queue_year"":2025}",,2029-05-12,"ISO queue terminal status, observed in data/snapshots/",open,,
2026-09-02T12:03:35+00:00,interconnection,MISO:S1080||Martin|Rutland|2025-01-14T05:00:00+00:00,nan,0.225013,logistic-v1,"{""iso"":""MISO"",""fuel"":""storage"",""mw"":150.0,""queue_year"":2025}",,2033-12-31,"ISO queue terminal status, observed in data/snapshots/",open,,
2026-09-02T12:03:35+00:00,interconnection,MISO:J3898||Howard|MITCHELL COUNTY (ITCM) - HAZLETON (ITCM) 345.0kV|2025-02-14T05:00:00+00:00,nan,0.172778,logistic-v1,"{""iso"":""MISO"",""fuel"":""wind"",""mw"":155.0,""queue_year"":2025}",,2033-12-31,"ISO queue terminal status, observed in data/snapshots/",open,,
2026-09-02T12:03:35+00:00,interconnection,MISO:J4097||Rock|New J1377 ATC Switching Station|2025-10-06T04:00:00+00:00,nan,0.323752,logistic-v1,"{""iso"":""MISO"",""fuel"":""solar"",""mw"":71.5,""queue_year"":2025}",,2033-12-31,"ISO queue terminal status, observed in data/snapshots/",open,,
2026-09-02T12:03:35+00:00,interconnection,MISO:J4122||Shiawassee|Goss|2025-09-19T04:00:00+00:00,nan,0.155834,logistic-v1,"{""iso"":""MISO"",""fuel"":""storage"",""mw"":150.0,""queue_year"":2025}",,2033-12-31,"ISO queue terminal status, observed in data/snapshots/",open,,
2026-09-02T12:03:35+00:00,interconnection,MISO:J3981||Sullivan|Gibson Sta - Merom (HED) 345.0kV|2025-04-08T04:00:00+00:00,nan,0.206078,logistic-v1,"{""iso"":""MISO"",""fuel"":""solar_storage"",""mw"":200.0,""queue_year"":2025}",,2033-12-31,"ISO queue terminal status, observed in data/snapshots/",open,,
2026-09-02T12:03:35+00:00,interconnection,MISO:S1113||Franklin|Quinn|2025-08-26T04:00:00+00:00,nan,0.148298,logistic-v1,"{""iso"":""MISO"",""fuel"":""storage"",""mw"":200.0,""queue_year"":2025}",,2033-12-31,"ISO queue terminal status, observed in data/snapshots/",open,,
2026-09-02T12:03:35+00:00,interconnection,MISO:S1117||New Madrid|Marston 161 kV|2025-08-31T04:00:00+00:00,nan,0.097574,logistic-v1,"{""iso"":""MISO"",""fuel"":""storage"",""mw"":200.0,""queue_year"":2025}",,2028-09-02,"ISO queue terminal status, observed in data/snapshots/",open,,
2026-09-02T12:03:35+00:00,interconnection,MISO:J3925||Knox|Gibson Sta - Bedford 345 345.0kV|2025-02-07T05:00:00+00:00,nan,0.130191,logistic-v1,"{""iso"":""MISO"",""fuel"":""solar"",""mw"":70.0,""queue_year"":2025}",,2033-12-31,"ISO queue terminal status, observed in data/snapshots/",open,,
2026-09-02T12:03:35+00:00,interconnection,MISO:J4098||Lafayette|Rork - Sellers Road 230.0kV|2025-10-06T04:00:00+00:00,nan,0.192882,logistic-v1,"{""iso"":""MISO"",""fuel"":""storage"",""mw"":300.0,""queue_year"":2025}",,2033-12-31,"ISO queue terminal status, observed in data/snapshots/",open,,
2026-09-02T12:03:35+00:00,interconnection,MISO:J4152||Redwood|Cedar Mountain - Lyon County 345.0kV|2025-10-06T04:00:00+00:00,nan,0.273062,logistic-v1,"{""iso"":""MISO"",""fuel"":""solar"",""mw"":250.0,""queue_year"":2025}",,2033-12-31,"ISO queue terminal status, observed in data/snapshots/",open,,
2026-09-02T12:03:35+00:00,interconnection,MISO:J4153||Grant|Big Stone South 345 kV substation|2025-10-07T04:00:00+00:00,nan,0.200990,logistic-v1,"{""iso"":""MISO"",""fuel"":""storage"",""mw"":250.0,""queue_year"":2025}",,2033-12-31,"ISO queue terminal status, observed in data/snapshots/",open,,
2026-09-02T12:03:35+00:00,interconnection,MISO:J4159||Ottawa|ROOSEVELT|2025-08-13T04:00:00+00:00,nan,0.244204,logistic-v1,"{""iso"":""MISO"",""fuel"":""gas"",""mw"":664.0,""queue_year"":2025}",,2033-12-31,"ISO queue terminal status, observed in data/snapshots/",open,,
2026-09-02T12:03:35+00:00,interconnection,MISO:J4151||Redwood|Cedar Mountain - Lyon County 345.0kV|2025-10-06T04:00:00+00:00,nan,0.278980,logistic-v1,"{""iso"":""MISO"",""fuel"":""solar"",""mw"":225.0,""queue_year"":2025}",,2033-12-31,"ISO queue terminal status, observed in data/snapshots/",open,,
2026-09-02T12:03:35+00:00,interconnection,MISO:J4158||De Witt|4TABOR - 4SCLINTON TP 138.0kV|2025-10-02T04:00:00+00:00,nan,0.436205,logistic-v1,"{""iso"":""MISO"",""fuel"":""solar"",""mw"":100.0,""queue_year"":2025}",,2033-12-31,"ISO queue terminal status, observed in data/snapshots/",open,,
2026-09-02T12:03:35+00:00,interconnection,MISO:J4123||Branch|WAGNER|2025-09-19T04:00:00+00:00,nan,0.145506,logistic-v1,"{""iso"":""MISO"",""fuel"":""storage"",""mw"":200.0,""queue_year"":2025}",,2033-12-31,"ISO queue terminal status, observed in data/snapshots/",open,,
2026-09-02T12:03:35+00:00,interconnection,MISO:J4154||Madison|Andes Substation|2025-10-07T04:00:00+00:00,nan,0.211248,logistic-v1,"{""iso"":""MISO"",""fuel"":""storage"",""mw"":200.0,""queue_year"":2025}",,2033-12-31,"ISO queue terminal status, observed in data/snapshots/",open,,
2026-09-02T12:03:35+00:00,interconnection,MISO:J4157||Morrison|Iron Ridge - Benton 345kV|2025-10-03T04:00:00+00:00,nan,0.244849,logistic-v1,"{""iso"":""MISO"",""fuel"":""wind"",""mw"":150.0,""queue_year"":2025}",,2033-12-31,"ISO queue terminal status, observed in data/snapshots/",open,,
2026-09-02T12:03:35+00:00,interconnection,MISO:J4205||Orleans|Suillivan Station (Entergy0|2025-11-17T05:00:00+00:00,nan,0.806069,logistic-v1,"{""iso"":""MISO"",""fuel"":""solar_storage"",""mw"":0.0,""queue_year"":2025}",,2033-12-31,"ISO queue terminal status, observed in data/snapshots/",open,,
2026-09-02T12:03:35+00:00,interconnection,MISO:J4160||Ottawa|ROOSEVELT|2025-08-13T04:00:00+00:00,nan,0.393800,logistic-v1,"{""iso"":""MISO"",""fuel"":""gas"",""mw"":55.0,""queue_year"":2025}",,2028-09-02,"ISO queue terminal status, observed in data/snapshots/",open,,
2026-09-02T12:03:35+00:00,interconnection,MISO:J4194||Meeker|SHERBURNE CO|2025-10-07T04:00:00+00:00,nan,0.073568,logistic-v1,"{""iso"":""MISO"",""fuel"":""storage"",""mw"":500.0,""queue_year"":2025}",,2033-12-31,"ISO queue terminal status, observed in data/snapshots/",open,,
2026-09-02T12:03:35+00:00,interconnection,MISO:S1134||DeSoto|TWINKLETOWN|2025-12-24T21:51:10+00:00,nan,0.245422,logistic-v1,"{""iso"":""MISO"",""fuel"":""storage"",""mw"":100.0,""queue_year"":2025}",,2033-12-31,"ISO queue terminal status, observed in data/snapshots/",open,,
2026-09-02T12:03:35+00:00,interconnection,MISO:R5076||Lake|SCHAHFER GEN STA - ST. JOHN 345.0kV|2025-10-15T04:00:00+00:00,nan,0.047912,logistic-v1,"{""iso"":""MISO"",""fuel"":""storage"",""mw"":200.0,""queue_year"":2025}",,2033-12-31,"ISO queue terminal status, observed in data/snapshots/",open,,
2026-09-02T12:03:35+00:00,interconnection,MISO:S1169||Washington|BOGALUSA - TALISHEEK (LAGEN) 230.0kV|2026-02-11T01:56:02+00:00,nan,0.231120,logistic-v1,"{""iso"":""MISO"",""fuel"":""storage"",""mw"":100.0,""queue_year"":2026}",,2034-12-31,"ISO queue terminal status, observed in data/snapshots/",open,,
2026-09-02T12:03:35+00:00,interconnection,MISO:R5081||Mower|Adams|2025-12-22T21:54:30+00:00,nan,0.057593,logistic-v1,"{""iso"":""MISO"",""fuel"":""storage"",""mw"":100.0,""queue_year"":2025}",,2033-12-31,"ISO queue terminal status, observed in data/snapshots/",open,,
2026-09-02T12:03:35+00:00,interconnection,MISO:S1155||||2026-03-13T23:38:42+00:00,nan,0.130405,logistic-v1,"{""iso"":""MISO"",""fuel"":""unknown"",""mw"":200.0,""queue_year"":2026}",,2034-12-31,"ISO queue terminal status, observed in data/snapshots/",open,,
2026-09-02T12:03:35+00:00,interconnection,MISO:S1140||Clinton|Calamus East|2026-03-07T03:12:54+00:00,nan,0.130405,logistic-v1,"{""iso"":""MISO"",""fuel"":""unknown"",""mw"":200.0,""queue_year"":2026}",,2034-12-31,"ISO queue terminal status, observed in data/snapshots/",open,,
2026-09-02T12:03:35+00:00,interconnection,MISO:R5079||||2025-11-25T05:41:17+00:00,nan,0.420257,logistic-v1,"{""iso"":""MISO"",""fuel"":""unknown"",""mw"":0.0,""queue_year"":2025}",,2033-12-31,"ISO queue terminal status, observed in data/snapshots/",open,,
2026-09-02T12:03:35+00:00,interconnection,MISO:S1160||||2026-03-28T02:47:28+00:00,nan,0.139836,logistic-v1,"{""iso"":""MISO"",""fuel"":""unknown"",""mw"":150.0,""queue_year"":2026}",,2034-12-31,"ISO queue terminal status, observed in data/snapshots/",open,,
2026-09-02T12:03:35+00:00,interconnection,MISO:S1137||||2025-12-05T20:43:06+00:00,nan,0.149588,logistic-v1,"{""iso"":""MISO"",""fuel"":""unknown"",""mw"":150.0,""queue_year"":2025}",,2033-12-31,"ISO queue terminal status, observed in data/snapshots/",open,,
2026-09-02T12:03:35+00:00,interconnection,MISO:J4208||||2025-12-20T03:36:56+00:00,nan,0.111333,logistic-v1,"{""iso"":""MISO"",""fuel"":""unknown"",""mw"":100.0,""queue_year"":2025}",,2033-12-31,"ISO queue terminal status, observed in data/snapshots/",open,,
2026-09-02T12:03:35+00:00,interconnection,MISO:S1143||||2026-01-20T22:17:08+00:00,nan,0.210570,logistic-v1,"{""iso"":""MISO"",""fuel"":""unknown"",""mw"":135.0,""queue_year"":2026}",,2034-12-31,"ISO queue terminal status, observed in data/snapshots/",open,,
2026-09-02T12:03:35+00:00,interconnection,MISO:J3650||Genesee|BEVERIDGE|2024-04-15T04:00:00+00:00,nan,0.166485,logistic-v1,"{""iso"":""MISO"",""fuel"":""storage"",""mw"":150.0,""queue_year"":2024}",,2032-12-31,"ISO queue terminal status, observed in data/snapshots/",open,,
2026-09-02T12:03:35+00:00,interconnection,MISO:R5075||||2025-12-15T08:35:54+00:00,nan,0.420257,logistic-v1,"{""iso"":""MISO"",""fuel"":""unknown"",""mw"":0.0,""queue_year"":2025}",,2033-12-31,"ISO queue terminal status, observed in data/snapshots/",open,,
2026-09-02T12:03:35+00:00,interconnection,MISO:R5080|||Crooked Lake|2025-12-19T02:34:46+00:00,nan,0.420257,logistic-v1,"{""iso"":""MISO"",""fuel"":""unknown"",""mw"":0.0,""queue_year"":2025}",,2033-12-31,"ISO queue terminal status, observed in data/snapshots/",open,,
2026-09-02T12:03:35+00:00,interconnection,MISO:R5095||||2026-01-03T08:24:32+00:00,nan,0.111809,logistic-v1,"{""iso"":""MISO"",""fuel"":""unknown"",""mw"":0.0,""queue_year"":2026}",,2034-12-31,"ISO queue terminal status, observed in data/snapshots/",open,,
2026-09-02T12:03:35+00:00,interconnection,MISO:J4198||Christian|Pana 138 kV|2025-09-03T04:00:00+00:00,nan,0.184211,logistic-v1,"{""iso"":""MISO"",""fuel"":""storage"",""mw"":250.0,""queue_year"":2025}",,2033-12-31,"ISO queue terminal status, observed in data/snapshots/",open,,
2026-09-02T12:03:35+00:00,interconnection,MISO:J3644||Bay|Other_|2024-04-18T04:00:00+00:00,nan,0.229743,logistic-v1,"{""iso"":""MISO"",""fuel"":""solar"",""mw"":150.0,""queue_year"":2024}",,2032-12-31,"ISO queue terminal status, observed in data/snapshots/",open,,
2026-09-02T12:03:35+00:00,interconnection,MISO:J3002||Pine|Arrowhead - Bear Creek (GRE) 230kV|2022-09-15T04:00:00+00:00,nan,0.515439,logistic-v1,"{""iso"":""MISO"",""fuel"":""solar_storage"",""mw"":288.0,""queue_year"":2022}",,2030-12-31,"ISO queue terminal status, observed in data/snapshots/",open,,
2026-09-02T12:03:35+00:00,interconnection,MISO:J3882||Crawford|4HUTSONVL - 4HEATH 138.0kV|2025-02-10T05:00:00+00:00,nan,0.374370,logistic-v1,"{""iso"":""MISO"",""fuel"":""solar"",""mw"":250.0,""queue_year"":2025}",,2033-12-31,"ISO queue terminal status, observed in data/snapshots/",open,,
2026-09-02T12:03:35+00:00,interconnection,MISO:J3879||Jackson|Cayuga  - Hillsdale North 230.0kV|2024-05-28T04:00:00+00:00,nan,0.219272,logistic-v1,"{""iso"":""MISO"",""fuel"":""solar_storage"",""mw"":200.0,""queue_year"":2024}",,2032-12-31,"ISO queue terminal status, observed in data/snapshots/",open,,
2026-09-02T12:03:35+00:00,interconnection,MISO:J4164||Dane|North Madison 345/138 kV|2025-09-29T04:00:00+00:00,nan,0.278403,logistic-v1,"{""iso"":""MISO"",""fuel"":""gas"",""mw"":1203.0,""queue_year"":2025}",,2033-12-31,"ISO queue terminal status, observed in data/snapshots/",open,,
2026-09-02T12:03:35+00:00,interconnection,MISO:R5078||||2025-12-19T02:33:54+00:00,nan,0.315487,logistic-v1,"{""iso"":""MISO"",""fuel"":""unknown"",""mw"":0.0,""queue_year"":2025}",,2033-12-31,"ISO queue terminal status, observed in data/snapshots/",open,,
2026-09-02T12:03:35+00:00,interconnection,MISO:J4210||||2026-02-06T05:56:29+00:00,nan,0.112243,logistic-v1,"{""iso"":""MISO"",""fuel"":""unknown"",""mw"":250.0,""queue_year"":2026}",,2034-12-31,"ISO queue terminal status, observed in data/snapshots/",open,,
2026-09-02T12:03:35+00:00,interconnection,MISO:J3519||Mason|Quiver|2024-04-17T04:00:00+00:00,nan,0.340195,logistic-v1,"{""iso"":""MISO"",""fuel"":""wind"",""mw"":199.9,""queue_year"":2024}",,2032-12-31,"ISO queue terminal status, observed in data/snapshots/",open,,
2026-09-02T12:03:35+00:00,interconnection,MISO:J3646||St. Clair|ST. CLAIR|2024-04-17T04:00:00+00:00,nan,0.202082,logistic-v1,"{""iso"":""MISO"",""fuel"":""storage"",""mw"":220.0,""queue_year"":2024}",,2032-12-31,"ISO queue terminal status, observed in data/snapshots/",open,,
2026-09-02T12:03:35+00:00,interconnection,MISO:J3341||Vermilion|J2192 POI|2024-04-18T04:00:00+00:00,nan,0.385013,logistic-v1,"{""iso"":""MISO"",""fuel"":""wind"",""mw"":100.0,""queue_year"":2024}",,2032-12-31,"ISO queue terminal status, observed in data/snapshots/",open,,
2026-09-02T12:03:35+00:00,interconnection,MISO:R5077||||2025-12-02T06:30:09+00:00,nan,0.394205,logistic-v1,"{""iso"":""MISO"",""fuel"":""unknown"",""mw"":0.0,""queue_year"":2025}",,2033-12-31,"ISO queue terminal status, observed in data/snapshots/",open,,
2026-09-02T12:03:35+00:00,interconnection,MISO:S1161||||2026-03-24T00:28:33+00:00,nan,0.042084,logistic-v1,"{""iso"":""MISO"",""fuel"":""unknown"",""mw"":625.0,""queue_year"":2026}",,2034-12-31,"ISO queue terminal status, observed in data/snapshots/",open,,
2026-09-02T12:03:35+00:00,interconnection,MISO:J3497||Pulaski|Other_|2024-04-17T04:00:00+00:00,nan,0.315835,logistic-v1,"{""iso"":""MISO"",""fuel"":""storage"",""mw"":200.0,""queue_year"":2024}",,2032-12-31,"ISO queue terminal status, observed in data/snapshots/",open,,
2026-09-02T12:03:35+00:00,interconnection,MISO:J3394||St. Landry|Ville Platte - West Fork 230.0kV|2024-04-16T04:00:00+00:00,nan,0.257742,logistic-v1,"{""iso"":""MISO"",""fuel"":""wind"",""mw"":155.6,""queue_year"":2024}",,2032-12-31,"ISO queue terminal status, observed in data/snapshots/",open,,
2026-09-02T12:03:35+00:00,interconnection,MISO:J2930||Henderson|AB Brown 345 - Reid EHV (BREC Terminal) 345.0kV|2022-09-14T04:00:00+00:00,nan,0.066458,logistic-v1,"{""iso"":""MISO"",""fuel"":""wind"",""mw"":200.0,""queue_year"":2022}",,2030-12-31,"ISO queue terminal status, observed in data/snapshots/",open,,
2026-09-02T12:03:35+00:00,interconnection,MISO:J2920||Sabine|1673  Interconnection Substation|2022-09-15T04:00:00+00:00,nan,0.386402,logistic-v1,"{""iso"":""MISO"",""fuel"":""solar"",""mw"":92.0,""queue_year"":2022}",,2030-12-31,"ISO queue terminal status, observed in data/snapshots/",open,,
2026-09-02T12:03:35+00:00,interconnection,MISO:J3401||Mississippi|DELL EHV - SAN SOUCI 500.0kV|2024-04-18T04:00:00+00:00,nan,0.118945,logistic-v1,"{""iso"":""MISO"",""fuel"":""solar"",""mw"":500.0,""queue_year"":2024}",,2032-12-31,"ISO queue terminal status, observed in data/snapshots/",open,,
2026-09-02T12:03:35+00:00,interconnection,MISO:J2947||Rock|Rock River 138 kV Substations 1 (6 RICE) and 2 (5 RICE)|2022-09-15T04:00:00+00:00,nan,0.445806,logistic-v1,"{""iso"":""MISO"",""fuel"":""gas"",""mw"":205.0,""queue_year"":2022}",,2030-12-31,"ISO queue terminal status, observed in data/snapshots/",open,,
2026-09-02T12:03:35+00:00,interconnection,MISO:J3518||Gasconade|BLAND|2024-04-19T04:00:00+00:00,nan,0.205450,logistic-v1,"{""iso"":""MISO"",""fuel"":""storage"",""mw"":300.0,""queue_year"":2024}",,2032-12-31,"ISO queue terminal status, observed in data/snapshots/",open,,
2026-09-02T12:03:35+00:00,interconnection,MISO:J2921||Calhoun|Other_|2022-09-15T04:00:00+00:00,nan,0.082070,logistic-v1,"{""iso"":""MISO"",""fuel"":""solar"",""mw"":250.0,""queue_year"":2022}",,2030-12-31,"ISO queue terminal status, observed in data/snapshots/",open,,
2026-09-02T12:03:35+00:00,interconnection,MISO:J2987||Greene|Merom Primary - Worthington Primary 345.0kV|2022-09-14T04:00:00+00:00,nan,0.336263,logistic-v1,"{""iso"":""MISO"",""fuel"":""solar"",""mw"":200.0,""queue_year"":2022}",,2030-12-31,"ISO queue terminal status, observed in data/snapshots/",open,,
2026-09-02T12:03:35+00:00,interconnection,MISO:J3454||Morehouse|BAXTER WILSON SES SWYD - PERRYVILLE 500 SWYD 500.0kV|2024-04-13T04:00:00+00:00,nan,0.278564,logistic-v1,"{""iso"":""MISO"",""fuel"":""solar"",""mw"":300.0,""queue_year"":2024}",,2032-12-31,"ISO queue terminal status, observed in data/snapshots/",open,,
2026-09-02T12:03:35+00:00,interconnection,MISO:J2946||Dubuque|Salem - Hickory Creek 345 kV line|2022-09-15T04:00:00+00:00,nan,0.384449,logistic-v1,"{""iso"":""MISO"",""fuel"":""gas"",""mw"":160.0,""queue_year"":2022}",,2030-12-31,"ISO queue terminal status, observed in data/snapshots/",open,,
2026-09-02T12:03:35+00:00,interconnection,MISO:J2997||Livingston|COLFAX - MADRID 120.0kV|2022-09-14T04:00:00+00:00,nan,0.244846,logistic-v1,"{""iso"":""MISO"",""fuel"":""storage"",""mw"":160.0,""queue_year"":2022}",,2030-12-31,"ISO queue terminal status, observed in data/snapshots/",open,,
2026-09-02T12:03:35+00:00,interconnection,MISO:J3006||Milwaukee|Granville345kV Substation|2025-07-29T04:00:00+00:00,nan,0.176630,logistic-v1,"{""iso"":""MISO"",""fuel"":""storage"",""mw"":300.0,""queue_year"":2025}",,2033-12-31,"ISO queue terminal status, observed in data/snapshots/",open,,
2026-09-02T12:03:35+00:00,interconnection,MISO:J3009||Washtenaw|VOYAGER|2022-08-25T04:00:00+00:00,nan,0.248208,logistic-v1,"{""iso"":""MISO"",""fuel"":""storage"",""mw"":150.0,""queue_year"":2022}",,2030-12-31,"ISO queue terminal status, observed in data/snapshots/",open,,
2026-09-02T12:03:35+00:00,interconnection,MISO:J2944||Portage|Rocky Run - Gardner Park 345.0kV|2022-09-15T04:00:00+00:00,nan,0.409013,logistic-v1,"{""iso"":""MISO"",""fuel"":""gas"",""mw"":350.0,""queue_year"":2022}",,2030-12-31,"ISO queue terminal status, observed in data/snapshots/",open,,
2026-09-02T12:03:35+00:00,interconnection,MISO:J2985||Chicot|AECC CHICOT - EUDORA 115.0kV|2022-09-15T04:00:00+00:00,nan,0.096077,logistic-v1,"{""iso"":""MISO"",""fuel"":""solar"",""mw"":135.0,""queue_year"":2022}",,2030-12-31,"ISO queue terminal status, observed in data/snapshots/",open,,
2026-09-02T12:03:35+00:00,interconnection,MISO:J3012||Coles|Mattoon East|2022-09-14T04:00:00+00:00,nan,0.079193,logistic-v1,"{""iso"":""MISO"",""fuel"":""solar"",""mw"":287.0,""queue_year"":2022}",,2030-12-31,"ISO queue terminal status, observed in data/snapshots/",open,,
2026-09-02T12:03:35+00:00,interconnection,MISO:J3021||Lyon|Lake Yankton to Lyon County 115kV|2022-09-14T04:00:00+00:00,nan,0.156669,logistic-v1,"{""iso"":""MISO"",""fuel"":""solar"",""mw"":235.0,""queue_year"":2022}",,2030-12-31,"ISO queue terminal status, observed in data/snapshots/",open,,
2026-09-02T12:03:35+00:00,interconnection,MISO:J3058||Arkansas|TARLETON|2025-07-28T04:00:00+00:00,nan,0.273042,logistic-v1,"{""iso"":""MISO"",""fuel"":""solar_storage"",""mw"":200.0,""queue_year"":2025}",,2033-12-31,"ISO queue terminal status, observed in data/snapshots/",open,,
2026-09-02T12:03:35+00:00,interconnection,MISO:J3063||Perry|7JORD - 7CMDR 345.0kV|2022-09-15T04:00:00+00:00,nan,0.372567,logistic-v1,"{""iso"":""MISO"",""fuel"":""storage"",""mw"":143.0,""queue_year"":2022}",,2030-12-31,"ISO queue terminal status, observed in data/snapshots/",open,,
2026-09-02T12:03:35+00:00,interconnection,MISO:J3066||Osceola|Hersey Interconnection|2022-09-15T04:00:00+00:00,nan,0.427296,logistic-v1,"{""iso"":""MISO"",""fuel"":""solar"",""mw"":50.0,""queue_year"":2022}",,2030-12-31,"ISO queue terminal status, observed in data/snapshots/",open,,
2026-09-02T12:03:35+00:00,interconnection,MISO:J3050||Calhoun|MAJESTIC - ONEIDA 345.0kV|2025-07-29T04:00:00+00:00,nan,0.191920,logistic-v1,"{""iso"":""MISO"",""fuel"":""solar"",""mw"":255.0,""queue_year"":2025}",,2033-12-31,"ISO queue terminal status, observed in data/snapshots/",open,,
2026-09-02T12:03:35+00:00,interconnection,MISO:J2974||Adams|4HULL     - 4HERLEMAN 138.0kV|2022-09-15T04:00:00+00:00,nan,0.443184,logistic-v1,"{""iso"":""MISO"",""fuel"":""storage"",""mw"":50.0,""queue_year"":2022}",,2030-12-31,"ISO queue terminal status, observed in data/snapshots/",open,,
2026-09-02T12:03:35+00:00,interconnection,MISO:J3053||Madison|LAKEOVER EHV - MCADAMS EHV 500.0kV|2022-09-15T04:00:00+00:00,nan,0.346896,logistic-v1,"{""iso"":""MISO"",""fuel"":""solar"",""mw"":169.0,""queue_year"":2022}",,2030-12-31,"ISO queue terminal status, observed in data/snapshots/",open,,
2026-09-02T12:03:35+00:00,interconnection,MISO:J3645||Huron|RAPSON|2024-04-17T04:00:00+00:00,nan,0.239502,logistic-v1,"{""iso"":""MISO"",""fuel"":""wind"",""mw"":150.0,""queue_year"":2024}",,2032-12-31,"ISO queue terminal status, observed in data/snapshots/",open,,
2026-09-02T12:03:35+00:00,interconnection,MISO:J3651||Lenawee|BEECHER - KNOWLES 138.0kV|2024-04-16T04:00:00+00:00,nan,0.166485,logistic-v1,"{""iso"":""MISO"",""fuel"":""storage"",""mw"":150.0,""queue_year"":2024}",,2032-12-31,"ISO queue terminal status, observed in data/snapshots/",open,,
2026-09-02T12:03:35+00:00,interconnection,MISO:J3047||Adair|ORIENT - NORTHBORO 345.0kV|2022-09-15T04:00:00+00:00,nan,0.455196,logistic-v1,"{""iso"":""MISO"",""fuel"":""gas"",""mw"":263.0,""queue_year"":2022}",,2030-12-31,"ISO queue terminal status, observed in data/snapshots/",open,,
2026-09-02T12:03:35+00:00,interconnection,MISO:J3827||Mackinac|Indian Lake - Hiawatha 138.0kV|2024-04-18T04:00:00+00:00,nan,0.292568,logistic-v1,"{""iso"":""MISO"",""fuel"":""solar"",""mw"":160.0,""queue_year"":2024}",,2032-12-31,"ISO queue terminal status, observed in data/snapshots/",open,,
2026-09-02T12:03:35+00:00,interconnection,MISO:J3075||Sullivan|Merom Primary - Worthington Primary 345.0kV|2022-09-15T04:00:00+00:00,nan,0.468682,logistic-v1,"{""iso"":""MISO"",""fuel"":""solar_storage"",""mw"":560.0,""queue_year"":2022}",,2030-12-31,"ISO queue terminal status, observed in data/snapshots/",open,,
2026-09-02T12:03:35+00:00,interconnection,MISO:J3076||Wabash|08GIBSON (PSI) - 7ALBION   345.0kV|2022-09-15T04:00:00+00:00,nan,0.591970,logistic-v1,"{""iso"":""MISO"",""fuel"":""solar_storage"",""mw"":500.0,""queue_year"":2022}",,2030-12-31,"ISO queue terminal status, observed in data/snapshots/",open,,
2026-09-02T12:03:35+00:00,interconnection,MISO:J2938||Knox|4MONM BLVD W - 4CASTRO_JCT 138.0kV|2022-09-15T04:00:00+00:00,nan,0.376382,logistic-v1,"{""iso"":""MISO"",""fuel"":""wind"",""mw"":200.0,""queue_year"":2022}",,2030-12-31,"ISO queue terminal status, observed in data/snapshots/",open,,
2026-09-02T12:03:35+00:00,interconnection,MISO:J2951||Union|Creston Roadhouse|2022-09-05T04:00:00+00:00,nan,0.326625,logistic-v1,"{""iso"":""MISO"",""fuel"":""solar"",""mw"":50.0,""queue_year"":2022}",,2030-12-31,"ISO queue terminal status, observed in data/snapshots/",open,,
2026-09-02T12:03:35+00:00,interconnection,MISO:J3077||Gibson|Francisco 345/138kV|2022-09-15T04:00:00+00:00,nan,0.525370,logistic-v1,"{""iso"":""MISO"",""fuel"":""solar_storage"",""mw"":250.0,""queue_year"":2022}",,2030-12-31,"ISO queue terminal status, observed in data/snapshots/",open,,
2026-09-02T12:03:35+00:00,interconnection,"MISO:J3122||Crittenden|Marked Tree â€“ Marion 161kV Tap at 35.3902, -90.3372|2022-09-14T04:00:00+00:00",nan,0.322394,logistic-v1,"{""iso"":""MISO"",""fuel"":""solar_storage"",""mw"":200.0,""queue_year"":2022}",,2030-12-31,"ISO queue terminal status, observed in data/snapshots/",open,,
2026-09-02T12:03:35+00:00,interconnection,MISO:J2998||St. Clair|Fayetteville Bee Hollow Road 138kV Substation|2022-09-14T04:00:00+00:00,nan,0.350841,logistic-v1,"{""iso"":""MISO"",""fuel"":""storage"",""mw"":200.0,""queue_year"":2022}",,2030-12-31,"ISO queue terminal status, observed in data/snapshots/",open,,
2026-09-02T12:03:35+00:00,interconnection,MISO:J3155||Winnebago|Neevin|2022-09-15T04:00:00+00:00,nan,0.467554,logistic-v1,"{""iso"":""MISO"",""fuel"":""gas"",""mw"":150.0,""queue_year"":2022}",,2030-12-31,"ISO queue terminal status, observed in data/snapshots/",open,,
2026-09-02T12:03:35+00:00,interconnection,MISO:J3035||Desha|REED SS - ROHWER 115.0kV|2022-09-15T04:00:00+00:00,nan,0.198959,logistic-v1,"{""iso"":""MISO"",""fuel"":""solar"",""mw"":100.0,""queue_year"":2022}",,2030-12-31,"ISO queue terminal status, observed in data/snapshots/",open,,
2026-09-02T12:03:35+00:00,interconnection,MISO:J2966||Quitman|Batesville to Moon Lake ss 230kV Line|2022-09-08T04:00:00+00:00,nan,0.287390,logistic-v1,"{""iso"":""MISO"",""fuel"":""solar"",""mw"":450.0,""queue_year"":2022}",,2030-12-31,"ISO queue terminal status, observed in data/snapshots/",open,,
2026-09-02T12:03:35+00:00,interconnection,MISO:J3049||Madison|LAKEOVER EHV - MCADAMS EHV 500.0kV|2022-09-15T04:00:00+00:00,nan,0.340152,logistic-v1,"{""iso"":""MISO"",""fuel"":""solar"",""mw"":188.0,""queue_year"":2022}",,2030-12-31,"ISO queue terminal status, observed in data/snapshots/",open,,
2026-09-02T12:03:35+00:00,interconnection,MISO:J3064||Perry|7JORD - 7CMDR 345.0kV|2022-09-15T04:00:00+00:00,nan,0.092464,logistic-v1,"{""iso"":""MISO"",""fuel"":""solar"",""mw"":157.0,""queue_year"":2022}",,2030-12-31,"ISO queue terminal status, observed in data/snapshots/",open,,
2026-09-02T12:03:35+00:00,interconnection,MISO:J3065||Oceana|DONALDSON CREEK|2022-09-15T04:00:00+00:00,nan,0.378640,logistic-v1,"{""iso"":""MISO"",""fuel"":""solar"",""mw"":20.0,""queue_year"":2022}",,2030-12-31,"ISO queue terminal status, observed in data/snapshots/",open,,
2026-09-02T12:03:35+00:00,interconnection,MISO:J3156||Rock|Townline Road|2022-09-15T04:00:00+00:00,nan,0.495885,logistic-v1,"{""iso"":""MISO"",""fuel"":""gas"",""mw"":100.0,""queue_year"":2022}",,2030-12-31,"ISO queue terminal status, observed in data/snapshots/",open,,
2026-09-02T12:03:35+00:00,interconnection,MISO:J3159||Dubuque|Gardner 69 kV substation|2022-09-14T04:00:00+00:00,nan,0.211263,logistic-v1,"{""iso"":""MISO"",""fuel"":""storage"",""mw"":100.0,""queue_year"":2022}",,2030-12-31,"ISO queue terminal status, observed in data/snapshots/",open,,
2026-09-02T12:03:35+00:00,interconnection,MISO:J3074||Randolph|4TIBBS - 4STEELEVLE N 138.0kV|2022-09-15T04:00:00+00:00,nan,0.638114,logistic-v1,"{""iso"":""MISO"",""fuel"":""solar_storage"",""mw"":250.0,""queue_year"":2022}",,2030-12-31,"ISO queue terminal status, observed in data/snapshots/",open,,
2026-09-02T12:03:35+00:00,interconnection,MISO:J3045||Orange|Chisholm RD- Hartburg 230kV|2022-09-14T04:00:00+00:00,nan,0.311318,logistic-v1,"{""iso"":""MISO"",""fuel"":""solar"",""mw"":300.0,""queue_year"":2022}",,2030-12-31,"ISO queue terminal status, observed in data/snapshots/",open,,
2026-09-02T12:03:35+00:00,interconnection,MISO:J3208||Dubois|Patoka Valley|2022-09-08T04:00:00+00:00,nan,0.534957,logistic-v1,"{""iso"":""MISO"",""fuel"":""solar"",""mw"":10.0,""queue_year"":2022}",,2030-12-31,"ISO queue terminal status, observed in data/snapshots/",open,,
2026-09-02T12:03:35+00:00,interconnection,MISO:J3154||Franklin|Blackhawk (MEC) - Quinn 345 (shared POI with J2892)|2022-09-15T04:00:00+00:00,nan,0.384449,logistic-v1,"{""iso"":""MISO"",""fuel"":""gas"",""mw"":160.0,""queue_year"":2022}",,2030-12-31,"ISO queue terminal status, observed in data/snapshots/",open,,
2026-09-02T12:03:35+00:00,interconnection,MISO:J3207||Starke|J3578|2022-03-10T05:00:00+00:00,nan,0.380895,logistic-v1,"{""iso"":""MISO"",""fuel"":""solar"",""mw"":100.0,""queue_year"":2022}",,2030-12-31,"ISO queue terminal status, observed in data/snapshots/",open,,
2026-09-02T12:03:35+00:00,interconnection,MISO:J3093||Madison|LAKEOVER EHV - MCADAMS EHV 500.0kV|2022-09-15T04:00:00+00:00,nan,0.291785,logistic-v1,"{""iso"":""MISO"",""fuel"":""storage"",""mw"":100.0,""queue_year"":2022}",,2030-12-31,"ISO queue terminal status, observed in data/snapshots/",open,,
2026-09-02T12:03:35+00:00,interconnection,MISO:J3158||Cerro Gordo|Colby 345 kV Substation|2022-09-14T04:00:00+00:00,nan,0.211263,logistic-v1,"{""iso"":""MISO"",""fuel"":""storage"",""mw"":100.0,""queue_year"":2022}",,2030-12-31,"ISO queue terminal status, observed in data/snapshots/",open,,
2026-09-02T12:03:35+00:00,interconnection,MISO:J3111||Craighead|AECC TRUMANN WEST - POWERLINE ROAD 161kv|2022-09-15T04:00:00+00:00,nan,0.366200,logistic-v1,"{""iso"":""MISO"",""fuel"":""solar_storage"",""mw"":100.0,""queue_year"":2022}",,2030-12-31,"ISO queue terminal status, observed in data/snapshots/",open,,
2026-09-02T12:03:35+00:00,interconnection,MISO:J3112||Phillips|Barton - West Helena 115kV|2022-09-15T04:00:00+00:00,nan,0.366200,logistic-v1,"{""iso"":""MISO"",""fuel"":""solar_storage"",""mw"":100.0,""queue_year"":2022}",,2030-12-31,"ISO queue terminal status, observed in data/snapshots/",open,,
2026-09-02T12:03:35+00:00,interconnection,MISO:J3082||Franklin|Taping the 'Gilbert / 3GILBERT_LA (303322)' to 'Winnsboro / 3WINNSBORO! (337330)' 115kV line.|2022-09-15T04:00:00+00:00,nan,0.198239,logistic-v1,"{""iso"":""MISO"",""fuel"":""solar_storage"",""mw"":135.0,""queue_year"":2022}",,2030-12-31,"ISO queue terminal status, observed in data/snapshots/",open,,
2026-09-02T12:03:35+00:00,interconnection,MISO:J3165||Breckinridge|New Hardinsburg|2022-09-14T04:00:00+00:00,nan,0.380895,logistic-v1,"{""iso"":""MISO"",""fuel"":""solar"",""mw"":100.0,""queue_year"":2022}",,2030-12-31,"ISO queue terminal status, observed in data/snapshots/",open,,
2026-09-02T12:03:35+00:00,interconnection,MISO:J3166||Knox|Edwardsport Station IGCC|2022-09-14T04:00:00+00:00,nan,0.103097,logistic-v1,"{""iso"":""MISO"",""fuel"":""storage"",""mw"":100.0,""queue_year"":2022}",,2030-12-31,"ISO queue terminal status, observed in data/snapshots/",open,,
2026-09-02T12:03:35+00:00,interconnection,MISO:J3168||White|REYNOLDS|2022-09-14T04:00:00+00:00,nan,0.368945,logistic-v1,"{""iso"":""MISO"",""fuel"":""solar"",""mw"":120.0,""queue_year"":2022}",,2030-12-31,"ISO queue terminal status, observed in data/snapshots/",open,,
2026-09-02T12:03:35+00:00,interconnection,MISO:J3120||Jackson|Taping 'Newport AB / NEWPORTSOLAR (338177)' to 'Cash / 5CASH (338171)' 161kV Line.|2022-09-15T04:00:00+00:00,nan,0.322394,logistic-v1,"{""iso"":""MISO"",""fuel"":""solar_storage"",""mw"":200.0,""queue_year"":2022}",,2030-12-31,"ISO queue terminal status, observed in data/snapshots/",open,,
2026-09-02T12:03:35+00:00,interconnection,MISO:J3198||Barron|Barron|2022-09-15T04:00:00+00:00,nan,0.603672,logistic-v1,"{""iso"":""MISO"",""fuel"":""solar_storage"",""mw"":80.0,""queue_year"":2022}",,2030-12-31,"ISO queue terminal status, observed in data/snapshots/",open,,
2026-09-02T12:03:35+00:00,interconnection,MISO:J3230||Crittenden|PARKIN - GILMORE 161.0kV|2022-09-14T04:00:00+00:00,nan,0.322394,logistic-v1,"{""iso"":""MISO"",""fuel"":""solar_storage"",""mw"":200.0,""queue_year"":2022}",,2030-12-31,"ISO queue terminal status, observed in data/snapshots/",open,,
2026-09-02T12:03:35+00:00,interconnection,MISO:J2619||Montcalm|Kenowa to Nelson Rd. 345kV|2022-09-15T04:00:00+00:00,nan,0.453005,logistic-v1,"{""iso"":""MISO"",""fuel"":""solar_storage"",""mw"":140.0,""queue_year"":2022}",,2030-12-31,"ISO queue terminal status, observed in data/snapshots/",open,,
2026-09-02T12:03:35+00:00,interconnection,MISO:J2629||Newton|Leach to Newton Bulk 138 kV Line|2022-09-14T04:00:00+00:00,nan,0.344681,logistic-v1,"{""iso"":""MISO"",""fuel"":""solar"",""mw"":175.0,""queue_year"":2022}",,2030-12-31,"ISO queue terminal status, observed in data/snapshots/",open,,
2026-09-02T12:03:35+00:00,interconnection,MISO:J2578||Tuscola|KARN - THETFORD (ATLANTA) 138.0kV|2022-09-13T04:00:00+00:00,nan,0.249126,logistic-v1,"{""iso"":""MISO"",""fuel"":""solar"",""mw"":180.0,""queue_year"":2022}",,2030-12-31,"ISO queue terminal status, observed in data/snapshots/",open,,
2026-09-02T12:03:35+00:00,interconnection,MISO:J2567||Oceana|KENOWA - LUDINGTON 345.0kV|2022-09-15T04:00:00+00:00,nan,0.170079,logistic-v1,"{""iso"":""MISO"",""fuel"":""storage"",""mw"":240.0,""queue_year"":2022}",,2030-12-31,"ISO queue terminal status, observed in data/snapshots/",open,,
2026-09-02T12:03:35+00:00,interconnection,MISO:J3107||Johnson|Enron Substation|2025-10-23T04:00:00+00:00,nan,0.302439,logistic-v1,"{""iso"":""MISO"",""fuel"":""solar"",""mw"":150.0,""queue_year"":2025}",,2033-12-31,"ISO queue terminal status, observed in data/snapshots/",open,,
2026-09-02T12:03:35+00:00,interconnection,MISO:J2659||Sangamon|Turner|2025-10-27T04:00:00+00:00,nan,0.280161,logistic-v1,"{""iso"":""MISO"",""fuel"":""solar"",""mw"":150.0,""queue_year"":2025}",,2033-12-31,"ISO queue terminal status, observed in data/snapshots/",open,,
2026-09-02T12:03:35+00:00,interconnection,MISO:J3163||Cass|BISON|2022-07-26T04:00:00+00:00,nan,0.261048,logistic-v1,"{""iso"":""MISO"",""fuel"":""solar_storage"",""mw"":481.0,""queue_year"":2022}",,2030-12-31,"ISO queue terminal status, observed in data/snapshots/",open,,
2026-09-02T12:03:35+00:00,interconnection,MISO:J3151||Sheboygan|Sheboygan Falls|2022-09-15T04:00:00+00:00,nan,0.467554,logistic-v1,"{""iso"":""MISO"",""fuel"":""gas"",""mw"":150.0,""queue_year"":2022}",,2030-12-31,"ISO queue terminal status, observed in data/snapshots/",open,,
2026-09-02T12:03:35+00:00,interconnection,MISO:J3152||Green|North Monroe|2022-09-15T04:00:00+00:00,nan,0.463051,logistic-v1,"{""iso"":""MISO"",""fuel"":""gas"",""mw"":160.0,""queue_year"":2022}",,2030-12-31,"ISO queue terminal status, observed in data/snapshots/",open,,
2026-09-02T12:03:35+00:00,interconnection,MISO:J3153||Clinton|Beaver Channel 161 kV Substation|2022-09-15T04:00:00+00:00,nan,0.384449,logistic-v1,"{""iso"":""MISO"",""fuel"":""gas"",""mw"":160.0,""queue_year"":2022}",,2030-12-31,"ISO queue terminal status, observed in data/snapshots/",open,,
2026-09-02T12:03:35+00:00,interconnection,MISO:J3157||Winnebago|Bison|2022-09-15T04:00:00+00:00,nan,0.230248,logistic-v1,"{""iso"":""MISO"",""fuel"":""wind"",""mw"":100.0,""queue_year"":2022}",,2030-12-31,"ISO queue terminal status, observed in data/snapshots/",open,,
2026-09-02T12:03:35+00:00,interconnection,MISO:J3204||Clark|Stone Lake - Gardner Park 345.0kV|2022-09-14T04:00:00+00:00,nan,0.256525,logistic-v1,"{""iso"":""MISO"",""fuel"":""wind"",""mw"":190.0,""queue_year"":2022}",,2030-12-31,"ISO queue terminal status, observed in data/snapshots/",open,,
2026-09-02T12:03:35+00:00,interconnection,MISO:J3167||Fulton|Ipava 138 kV Substation|2022-09-15T04:00:00+00:00,nan,0.319002,logistic-v1,"{""iso"":""MISO"",""fuel"":""solar"",""mw"":180.0,""queue_year"":2022}",,2030-12-31,"ISO queue terminal status, observed in data/snapshots/",open,,
2026-09-02T12:03:35+00:00,interconnection,MISO:J3114||Greene|Sandborn Primary - Worthington Primary 161.0kV|2025-11-13T05:00:00+00:00,nan,0.453595,logistic-v1,"{""iso"":""MISO"",""fuel"":""solar_storage"",""mw"":300.0,""queue_year"":2025}",,2033-12-31,"ISO queue terminal status, observed in data/snapshots/",open,,
2026-09-02T12:03:35+00:00,interconnection,MISO:J2656||Macon|4LATHAM-4N DEC E 138 kV|2022-09-15T04:00:00+00:00,nan,0.038258,logistic-v1,"{""iso"":""MISO"",""fuel"":""unknown"",""mw"":180.0,""queue_year"":2022}",,2030-12-31,"ISO queue terminal status, observed in data/snapshots/",open,,
2026-09-02T12:03:35+00:00,interconnection,MISO:J2657||White|REYNOLDS - BURR OAK 345.0kV|2022-09-15T04:00:00+00:00,nan,0.273514,logistic-v1,"{""iso"":""MISO"",""fuel"":""storage"",""mw"":138.0,""queue_year"":2022}",,2030-12-31,"ISO queue terminal status, observed in data/snapshots/",open,,
2026-09-02T12:03:35+00:00,interconnection,MISO:J3080||Pulaski|Ameren owned Kelso - Joppa (Massac) 345 kV Tie-Line|2022-09-15T04:00:00+00:00,nan,0.652465,logistic-v1,"{""iso"":""MISO"",""fuel"":""solar_storage"",""mw"":200.0,""queue_year"":2022}",,2030-12-31,"ISO queue terminal status, observed in data/snapshots/",open,,
2026-09-02T12:03:35+00:00,interconnection,MISO:J3118||Morehouse|Taping the 'Galion / 3GALION (337444)' to 'Oak Grove / 3OAK_GROVE! (337445)' 115kV line|2022-09-15T04:00:00+00:00,nan,0.190778,logistic-v1,"{""iso"":""MISO"",""fuel"":""solar_storage"",""mw"":160.0,""queue_year"":2022}",,2030-12-31,"ISO queue terminal status, observed in data/snapshots/",open,,
2026-09-02T12:03:35+00:00,interconnection,MISO:J2563||Cottonwood|crandal|2022-09-15T04:00:00+00:00,nan,0.126918,logistic-v1,"{""iso"":""MISO"",""fuel"":""wind"",""mw"":200.0,""queue_year"":2022}",,2030-12-31,"ISO queue terminal status, observed in data/snapshots/",open,,
2026-09-02T12:03:35+00:00,interconnection,MISO:J2662||Cumberland|7CASEY    - 7NEWTON   345.0kV|2022-09-15T04:00:00+00:00,nan,0.082070,logistic-v1,"{""iso"":""MISO"",""fuel"":""solar"",""mw"":250.0,""queue_year"":2022}",,2030-12-31,"ISO queue terminal status, observed in data/snapshots/",open,,
2026-09-02T12:03:35+00:00,interconnection,MISO:J2581||Ripley|Batesville 138kV Substation|2022-09-15T04:00:00+00:00,nan,0.081644,logistic-v1,"{""iso"":""MISO"",""fuel"":""storage"",""mw"":250.0,""queue_year"":2022}",,2030-12-31,"ISO queue terminal status, observed in data/snapshots/",open,,
2026-09-02T12:03:35+00:00,interconnection,MISO:J2614||Henry|Mercer 161kV|2022-09-15T04:00:00+00:00,nan,0.376382,logistic-v1,"{""iso"":""MISO"",""fuel"":""wind"",""mw"":200.0,""queue_year"":2022}",,2030-12-31,"ISO queue terminal status, observed in data/snapshots/",open,,
2026-09-02T12:03:35+00:00,interconnection,MISO:J2663||White|Reynolds - Burr Oak 345 kV Line|2022-09-15T04:00:00+00:00,nan,0.253323,logistic-v1,"{""iso"":""MISO"",""fuel"":""storage"",""mw"":200.0,""queue_year"":2022}",,2030-12-31,"ISO queue terminal status, observed in data/snapshots/",open,,
2026-09-02T12:03:35+00:00,interconnection,MISO:J2618||Macomb|Lenox 120kV|2022-09-15T04:00:00+00:00,nan,0.269988,logistic-v1,"{""iso"":""MISO"",""fuel"":""storage"",""mw"":100.0,""queue_year"":2022}",,2030-12-31,"ISO queue terminal status, observed in data/snapshots/",open,,
2026-09-02T12:03:35+00:00,interconnection,MISO:J2666||Walworth|Brick Church 138 kV|2024-01-09T05:00:00+00:00,nan,0.320530,logistic-v1,"{""iso"":""MISO"",""fuel"":""solar"",""mw"":100.0,""queue_year"":2024}",,2032-12-31,"ISO queue terminal status, observed in data/snapshots/",open,,
2026-09-02T12:03:35+00:00,interconnection,MISO:J2647||Franklin|West Frankfort East 345 kV (7E W FKFT)|2022-09-14T04:00:00+00:00,nan,0.325344,logistic-v1,"{""iso"":""MISO"",""fuel"":""storage"",""mw"":300.0,""queue_year"":2022}",,2030-12-31,"ISO queue terminal status, observed in data/snapshots/",open,,
2026-09-02T12:03:35+00:00,interconnection,MISO:J2572||Hamilton|Noblesville (Duke) - Hortonville (Duke) 345.0kV|2022-09-15T04:00:00+00:00,nan,0.253323,logistic-v1,"{""iso"":""MISO"",""fuel"":""storage"",""mw"":200.0,""queue_year"":2022}",,2030-12-31,"ISO queue terminal status, observed in data/snapshots/",open,,
2026-09-02T12:03:35+00:00,interconnection,MISO:J2586||Clark|SPEED 345|2022-09-15T04:00:00+00:00,nan,0.086470,logistic-v1,"{""iso"":""MISO"",""fuel"":""storage"",""mw"":200.0,""queue_year"":2022}",,2030-12-31,"ISO queue terminal status, observed in data/snapshots/",open,,
2026-09-02T12:03:35+00:00,interconnection,MISO:J2685||Sharkey|ROLLING FORK|2025-08-21T04:00:00+00:00,nan,0.315788,logistic-v1,"{""iso"":""MISO"",""fuel"":""solar"",""mw"":120.0,""queue_year"":2025}",,2033-12-31,"ISO queue terminal status, observed in data/snapshots/",open,,
2026-09-02T12:03:35+00:00,interconnection,MISO:J2588||Jackson|TOMPKINS - VROOMAN 138.0kV|2022-09-15T04:00:00+00:00,nan,0.199312,logistic-v1,"{""iso"":""MISO"",""fuel"":""storage"",""mw"":120.0,""queue_year"":2022}",,2030-12-31,"ISO queue terminal status, observed in data/snapshots/",open,,
2026-09-02T12:03:35+00:00,interconnection,MISO:J2589||Jackson|TOMPKINS - VROOMAN 138.0kV|2022-09-15T04:00:00+00:00,nan,0.189523,logistic-v1,"{""iso"":""MISO"",""fuel"":""storage"",""mw"":150.0,""queue_year"":2022}",,2030-12-31,"ISO queue terminal status, observed in data/snapshots/",open,,
2026-09-02T12:03:35+00:00,interconnection,MISO:J2590||Huron|Stein - Rapson 345 kV line|2022-09-15T04:00:00+00:00,nan,0.190510,logistic-v1,"{""iso"":""MISO"",""fuel"":""storage"",""mw"":500.0,""queue_year"":2022}",,2030-12-31,"ISO queue terminal status, observed in data/snapshots/",open,,
2026-09-02T12:03:35+00:00,interconnection,MISO:J2587||Edgar|Sugar Creek - Cayuga CT  345.0kV|2022-09-15T04:00:00+00:00,nan,0.086470,logistic-v1,"{""iso"":""MISO"",""fuel"":""storage"",""mw"":200.0,""queue_year"":2022}",,2030-12-31,"ISO queue terminal status, observed in data/snapshots/",open,,
2026-09-02T12:03:35+00:00,interconnection,MISO:J2693||Franklin|WISNER|2022-09-14T04:00:00+00:00,nan,0.102362,logistic-v1,"{""iso"":""MISO"",""fuel"":""solar"",""mw"":105.0,""queue_year"":2022}",,2030-12-31,"ISO queue terminal status, observed in data/snapshots/",open,,
2026-09-02T12:03:35+00:00,interconnection,MISO:J2715||Acadia|ACADIA - COLONIAL ACADEMY CO 138.0kV|2022-09-14T04:00:00+00:00,nan,0.368945,logistic-v1,"{""iso"":""MISO"",""fuel"":""solar"",""mw"":120.0,""queue_year"":2022}",,2030-12-31,"ISO queue terminal status, observed in data/snapshots/",open,,
2026-09-02T12:03:35+00:00,interconnection,MISO:J2752||Montgomery|ELLIOTT SS - SAWYER SS (CE) 115.0kV|2022-09-15T04:00:00+00:00,nan,0.374631,logistic-v1,"{""iso"":""MISO"",""fuel"":""solar"",""mw"":110.0,""queue_year"":2022}",,2030-12-31,"ISO queue terminal status, observed in data/snapshots/",open,,
2026-09-02T12:03:35+00:00,interconnection,MISO:J2754||Polk|138kV Bragg - SHECO Menard Line|2022-09-15T04:00:00+00:00,nan,0.346521,logistic-v1,"{""iso"":""MISO"",""fuel"":""solar"",""mw"":170.0,""queue_year"":2022}",,2030-12-31,"ISO queue terminal status, observed in data/snapshots/",open,,
2026-09-02T12:03:35+00:00,interconnection,MISO:J2690||Washington|Other_|2022-09-15T04:00:00+00:00,nan,0.146119,logistic-v1,"{""iso"":""MISO"",""fuel"":""solar_storage"",""mw"":500.0,""queue_year"":2022}",,2030-12-31,"ISO queue terminal status, observed in data/snapshots/",open,,
2026-09-02T12:03:35+00:00,interconnection,MISO:J2701||Jefferson Davis|COLONIAL WELSH 138|2022-09-14T04:00:00+00:00,nan,0.380895,logistic-v1,"{""iso"":""MISO"",""fuel"":""solar"",""mw"":100.0,""queue_year"":2022}",,2030-12-31,"ISO queue terminal status, observed in data/snapshots/",open,,
2026-09-02T12:03:35+00:00,interconnection,MISO:J2728||Freeborn|Glenworth|2022-09-14T04:00:00+00:00,nan,0.192968,logistic-v1,"{""iso"":""MISO"",""fuel"":""storage"",""mw"":150.0,""queue_year"":2022}",,2030-12-31,"ISO queue terminal status, observed in data/snapshots/",open,,
2026-09-02T12:03:35+00:00,interconnection,MISO:J2881||Jefferson|AECC PINEBERGEN - AECC GLENDALE 115.0kV|2022-09-14T04:00:00+00:00,nan,0.097965,logistic-v1,"{""iso"":""MISO"",""fuel"":""solar"",""mw"":125.0,""queue_year"":2022}",,2030-12-31,"ISO queue terminal status, observed in data/snapshots/",open,,
2026-09-02T12:03:35+00:00,interconnection,MISO:J2731||Olmsted|Maple Leaf|2022-09-15T04:00:00+00:00,nan,0.268894,logistic-v1,"{""iso"":""MISO"",""fuel"":""storage"",""mw"":150.0,""queue_year"":2022}",,2030-12-31,"ISO queue terminal status, observed in data/snapshots/",open,,
2026-09-02T12:03:35+00:00,interconnection,MISO:J2750||Phillips|RITCHIE SWYD - TARLETON 230.0kV|2025-08-21T04:00:00+00:00,nan,0.070125,logistic-v1,"{""iso"":""MISO"",""fuel"":""solar"",""mw"":197.5,""queue_year"":2025}",,2033-12-31,"ISO queue terminal status, observed in data/snapshots/",open,,
2026-09-02T12:03:35+00:00,interconnection,MISO:J2875||Presque Isle|Hagensville 138 kV Substation|2022-09-14T04:00:00+00:00,nan,0.093543,logistic-v1,"{""iso"":""MISO"",""fuel"":""solar"",""mw"":150.0,""queue_year"":2022}",,2030-12-31,"ISO queue terminal status, observed in data/snapshots/",open,,
2026-09-02T12:03:35+00:00,interconnection,MISO:J2877||Midland|MURPHY - TITTABAWASSEE 345.0kV|2022-09-14T04:00:00+00:00,nan,0.267006,logistic-v1,"{""iso"":""MISO"",""fuel"":""solar"",""mw"":129.0,""queue_year"":2022}",,2030-12-31,"ISO queue terminal status, observed in data/snapshots/",open,,
2026-09-02T12:03:35+00:00,interconnection,MISO:J2720||Yazoo|MIDWAY SS (CE) - YAZOO CITY SS 115.0kV|2022-09-14T04:00:00+00:00,nan,0.354513,logistic-v1,"{""iso"":""MISO"",""fuel"":""solar"",""mw"":150.0,""queue_year"":2022}",,2030-12-31,"ISO queue terminal status, observed in data/snapshots/",open,,
2026-09-02T12:03:35+00:00,interconnection,MISO:J2696||Mississippi|Sandy Bayou|2022-09-15T04:00:00+00:00,nan,0.281351,logistic-v1,"{""iso"":""MISO"",""fuel"":""solar"",""mw"":500.0,""queue_year"":2022}",,2030-12-31,"ISO queue terminal status, observed in data/snapshots/",open,,
2026-09-02T12:03:35+00:00,interconnection,MISO:J2704||Ouachita|Cargas|2022-09-14T04:00:00+00:00,nan,0.068521,logistic-v1,"{""iso"":""MISO"",""fuel"":""solar"",""mw"":500.0,""queue_year"":2022}",,2030-12-31,"ISO queue terminal status, observed in data/snapshots/",open,,
2026-09-02T12:03:35+00:00,interconnection,MISO:J2844||Henderson|AB Brown 345 - Reid EHV (BREC Terminal) 345.0kV|2022-09-14T04:00:00+00:00,nan,0.059927,logistic-v1,"{""iso"":""MISO"",""fuel"":""storage"",""mw"":200.0,""queue_year"":2022}",,2030-12-31,"ISO queue terminal status, observed in data/snapshots/",open,,
2026-09-02T12:03:35+00:00,interconnection,MISO:J2893||Holmes|DURANT - BOWLING GREEN SS 115.0kV|2022-09-15T04:00:00+00:00,nan,0.540975,logistic-v1,"{""iso"":""MISO"",""fuel"":""solar_storage"",""mw"":200.0,""queue_year"":2022}",,2030-12-31,"ISO queue terminal status, observed in data/snapshots/",open,,
2026-09-02T12:03:35+00:00,interconnection,MISO:J2708||Ouachita|Cargas|2022-09-14T04:00:00+00:00,nan,0.068521,logistic-v1,"{""iso"":""MISO"",""fuel"":""solar"",""mw"":500.0,""queue_year"":2022}",,2030-12-31,"ISO queue terminal status, observed in data/snapshots/",open,,
2026-09-02T12:03:35+00:00,interconnection,MISO:J2730||Jackson|Jackson North 161kV Substation|2022-09-15T04:00:00+00:00,nan,0.192968,logistic-v1,"{""iso"":""MISO"",""fuel"":""storage"",""mw"":150.0,""queue_year"":2022}",,2030-12-31,"ISO queue terminal status, observed in data/snapshots/",open,,
2026-09-02T12:03:35+00:00,interconnection,MISO:J2734||Crittenden|GILMORE - WILSON 161.0kV|2025-07-28T04:00:00+00:00,nan,0.289356,logistic-v1,"{""iso"":""MISO"",""fuel"":""solar_storage"",""mw"":150.0,""queue_year"":2025}",,2033-12-31,"ISO queue terminal status, observed in data/snapshots/",open,,
2026-09-02T12:03:35+00:00,interconnection,MISO:J2889||Allegan|Argenta 138kV|2022-09-14T04:00:00+00:00,nan,0.177432,logistic-v1,"{""iso"":""MISO"",""fuel"":""storage"",""mw"":200.0,""queue_year"":2022}",,2030-12-31,"ISO queue terminal status, observed in data/snapshots/",open,,
2026-09-02T12:03:35+00:00,interconnection,MISO:J2751||Bolivar|STRINGTOWN|2022-09-14T04:00:00+00:00,nan,0.366288,logistic-v1,"{""iso"":""MISO"",""fuel"":""solar"",""mw"":125.0,""queue_year"":2022}",,2030-12-31,"ISO queue terminal status, observed in data/snapshots/",open,,
2026-09-02T12:03:35+00:00,interconnection,MISO:J2753||East Carroll|DARNELL - TALLULAH 115.0kV|2025-08-21T04:00:00+00:00,nan,0.069895,logistic-v1,"{""iso"":""MISO"",""fuel"":""solar"",""mw"":200.0,""queue_year"":2025}",,2033-12-31,"ISO queue terminal status, observed in data/snapshots/",open,,
2026-09-02T12:03:35+00:00,interconnection,MISO:J2818||Ouachita|AECC CAMDEN SOUTH - STEPHENS 115.0kV|2025-10-27T04:00:00+00:00,nan,0.297672,logistic-v1,"{""iso"":""MISO"",""fuel"":""solar_storage"",""mw"":130.0,""queue_year"":2025}",,2033-12-31,"ISO queue terminal status, observed in data/snapshots/",open,,
2026-09-02T12:03:35+00:00,interconnection,MISO:J2864||Nevada|McNeil EHV to Etta EHV 500kV|2022-09-13T04:00:00+00:00,nan,0.146313,logistic-v1,"{""iso"":""MISO"",""fuel"":""solar"",""mw"":375.0,""queue_year"":2022}",,2030-12-31,"ISO queue terminal status, observed in data/snapshots/",open,,
2026-09-02T12:03:35+00:00,interconnection,MISO:J2819||Red River|RINGGOLD - CARROLL (CLECO) 115.0kV|2025-10-27T04:00:00+00:00,nan,0.545955,logistic-v1,"{""iso"":""MISO"",""fuel"":""solar_storage"",""mw"":80.0,""queue_year"":2025}",,2033-12-31,"ISO queue terminal status, observed in data/snapshots/",open,,
2026-09-02T12:03:35+00:00,interconnection,MISO:J2714||St. Landry|Eunice|2022-09-14T04:00:00+00:00,nan,0.349590,logistic-v1,"{""iso"":""MISO"",""fuel"":""solar"",""mw"":162.0,""queue_year"":2022}",,2030-12-31,"ISO queue terminal status, observed in data/snapshots/",open,,
2026-09-02T12:03:35+00:00,interconnection,MISO:J2865||Ouachita|El Dorado EHV - McNeil EHV 500kV|2022-09-13T04:00:00+00:00,nan,0.146313,logistic-v1,"{""iso"":""MISO"",""fuel"":""solar"",""mw"":375.0,""queue_year"":2022}",,2030-12-31,"ISO queue terminal status, observed in data/snapshots/",open,,
2026-09-02T12:03:35+00:00,interconnection,MISO:J2822||Van Buren|PALISADES - VERGENNES 345.0kV|2022-09-08T04:00:00+00:00,nan,0.177432,logistic-v1,"{""iso"":""MISO"",""fuel"":""storage"",""mw"":200.0,""queue_year"":2022}",,2030-12-31,"ISO queue terminal status, observed in data/snapshots/",open,,
2026-09-02T12:03:35+00:00,interconnection,MISO:J2791||Lafayette|Doc Bonin 69kV|2022-09-13T04:00:00+00:00,nan,0.460687,logistic-v1,"{""iso"":""MISO"",""fuel"":""gas"",""mw"":243.1,""queue_year"":2022}",,2030-12-31,"ISO queue terminal status, observed in data/snapshots/",open,,
2026-09-02T12:03:35+00:00,interconnection,MISO:J2861||Mower|Rochester 161kV (A) to Adams 161kV (B)|2022-09-13T04:00:00+00:00,nan,0.355810,logistic-v1,"{""iso"":""MISO"",""fuel"":""solar"",""mw"":147.0,""queue_year"":2022}",,2030-12-31,"ISO queue terminal status, observed in data/snapshots/",open,,
2026-09-02T12:03:35+00:00,interconnection,MISO:J2867||Wabasha|Lake City (A) to Zumbro Falls (B)|2022-09-12T04:00:00+00:00,nan,0.427296,logistic-v1,"{""iso"":""MISO"",""fuel"":""solar"",""mw"":50.0,""queue_year"":2022}",,2030-12-31,"ISO queue terminal status, observed in data/snapshots/",open,,
2026-09-02T12:03:35+00:00,interconnection,MISO:J2816||Ouachita|RILLA - RIVERTON 115.0kV|2022-09-08T04:00:00+00:00,nan,0.103622,logistic-v1,"{""iso"":""MISO"",""fuel"":""solar"",""mw"":100.0,""queue_year"":2022}",,2030-12-31,"ISO queue terminal status, observed in data/snapshots/",open,,
2026-09-02T12:03:35+00:00,interconnection,MISO:J2866||Nevada|McNeil 500kV (A) to Etta 500kV (B)|2022-09-13T04:00:00+00:00,nan,0.146313,logistic-v1,"{""iso"":""MISO"",""fuel"":""solar"",""mw"":375.0,""queue_year"":2022}",,2030-12-31,"ISO queue terminal status, observed in data/snapshots/",open,,
2026-09-02T12:03:35+00:00,interconnection,MISO:J2871||Mississippi|AECC Dell 161kV - Nucor-Yamato 161kV Switching Station 161.0kV|2025-10-27T04:00:00+00:00,nan,0.189951,logistic-v1,"{""iso"":""MISO"",""fuel"":""solar_storage"",""mw"":70.0,""queue_year"":2025}",,2033-12-31,"ISO queue terminal status, observed in data/snapshots/",open,,
2026-09-02T12:03:35+00:00,interconnection,MISO:J2885||Red Lake|Plummer Pipe|2022-09-06T04:00:00+00:00,nan,0.363742,logistic-v1,"{""iso"":""MISO"",""fuel"":""solar"",""mw"":130.0,""queue_year"":2022}",,2030-12-31,"ISO queue terminal status, observed in data/snapshots/",open,,
2026-09-02T12:03:35+00:00,interconnection,MISO:J2838||Richland|DUNN - OAK RIDGE (LA) 115.0kV|2025-10-27T04:00:00+00:00,nan,0.159317,logistic-v1,"{""iso"":""MISO"",""fuel"":""solar_storage"",""mw"":150.0,""queue_year"":2025}",,2033-12-31,"ISO queue terminal status, observed in data/snapshots/",open,,
2026-09-02T12:03:35+00:00,interconnection,MISO:J2763||Sunflower|CLEVELAND/SOUTH - STEINER (CE) 115.0kV|2022-09-14T04:00:00+00:00,nan,0.588679,logistic-v1,"{""iso"":""MISO"",""fuel"":""solar_storage"",""mw"":100.0,""queue_year"":2022}",,2030-12-31,"ISO queue terminal status, observed in data/snapshots/",open,,
2026-09-02T12:03:35+00:00,interconnection,MISO:J2907||Grant|Sheridan 500 kV|2022-09-15T04:00:00+00:00,nan,0.281359,logistic-v1,"{""iso"":""MISO"",""fuel"":""solar_storage"",""mw"":400.0,""queue_year"":2022}",,2030-12-31,"ISO queue terminal status, observed in data/snapshots/",open,,
2026-09-02T12:03:35+00:00,interconnection,MISO:J2806||Warren|Warrenton 161kV Substation|2022-09-13T04:00:00+00:00,nan,0.086918,logistic-v1,"{""iso"":""MISO"",""fuel"":""solar"",""mw"":200.0,""queue_year"":2022}",,2030-12-31,"ISO queue terminal status, observed in data/snapshots/",open,,
2026-09-02T12:03:35+00:00,interconnection,MISO:J2870||Sawyer|STONE LAKE|2022-09-15T04:00:00+00:00,nan,0.300828,logistic-v1,"{""iso"":""MISO"",""fuel"":""solar"",""mw"":243.6,""queue_year"":2022}",,2030-12-31,"ISO queue terminal status, observed in data/snapshots/",open,,
2026-09-02T12:03:35+00:00,interconnection,MISO:J2764||Craighead|JONESBORO (APL) - CASH 161.0kV|2025-07-24T04:00:00+00:00,nan,0.289356,logistic-v1,"{""iso"":""MISO"",""fuel"":""solar_storage"",""mw"":150.0,""queue_year"":2025}",,2033-12-31,"ISO queue terminal status, observed in data/snapshots/",open,,
2026-09-02T12:03:35+00:00,interconnection,MISO:J2759||Arkansas|STUTTGART RICUSKEY - WOODWARD 230 SUB 230.0kV|2023-09-12T04:00:00+00:00,nan,0.084320,logistic-v1,"{""iso"":""MISO"",""fuel"":""solar"",""mw"":170.0,""queue_year"":2023}",,2031-12-31,"ISO queue terminal status, observed in data/snapshots/",open,,
2026-09-02T12:03:35+00:00,interconnection,MISO:J2815||Calhoun|ARGENTA - VERONA 138.0kV|2022-08-30T04:00:00+00:00,nan,0.262543,logistic-v1,"{""iso"":""MISO"",""fuel"":""solar"",""mw"":140.0,""queue_year"":2022}",,2028-09-02,"ISO queue terminal status, observed in data/snapshots/",open,,
2026-09-02T12:03:35+00:00,interconnection,MISO:J2880||Jefferson|STUTTGART RICUSKEY - WOODWARD 230 SUB 230.0kV|2022-09-14T04:00:00+00:00,nan,0.340276,logistic-v1,"{""iso"":""MISO"",""fuel"":""solar_storage"",""mw"":150.0,""queue_year"":2022}",,2030-12-31,"ISO queue terminal status, observed in data/snapshots/",open,,
2026-09-02T12:03:35+00:00,interconnection,MISO:J2874||Bay|HAMPTON|2022-08-31T04:00:00+00:00,nan,0.290440,logistic-v1,"{""iso"":""MISO"",""fuel"":""solar"",""mw"":85.0,""queue_year"":2022}",,2028-09-02,"ISO queue terminal status, observed in data/snapshots/",open,,
2026-09-02T12:03:35+00:00,interconnection,MISO:J2797||White|Norris City North|2025-10-25T04:00:00+00:00,nan,0.616371,logistic-v1,"{""iso"":""MISO"",""fuel"":""solar_storage"",""mw"":150.0,""queue_year"":2025}",,2033-12-31,"ISO queue terminal status, observed in data/snapshots/",open,,
2026-09-02T12:03:35+00:00,interconnection,MISO:J2840||Olmsted|Byron 161 kV|2022-09-15T04:00:00+00:00,nan,0.253323,logistic-v1,"{""iso"":""MISO"",""fuel"":""storage"",""mw"":200.0,""queue_year"":2022}",,2030-12-31,"ISO queue terminal status, observed in data/snapshots/",open,,
2026-09-02T12:03:35+00:00,interconnection,MISO:J2794||Fayette|A Tap on Kinmundy-Otego 138kv line|2022-08-23T04:00:00+00:00,nan,0.502325,logistic-v1,"{""iso"":""MISO"",""fuel"":""solar"",""mw"":90.0,""queue_year"":2022}",,2030-12-31,"ISO queue terminal status, observed in data/snapshots/",open,,
2026-09-02T12:03:35+00:00,interconnection,MISO:J2886||Sangamon|4Auburn N-4Jacksnvl 138kV|2022-09-15T04:00:00+00:00,nan,0.205472,logistic-v1,"{""iso"":""MISO"",""fuel"":""solar_storage"",""mw"":115.0,""queue_year"":2022}",,2030-12-31,"ISO queue terminal status, observed in data/snapshots/",open,,
2026-09-02T12:03:35+00:00,interconnection,MISO:J2812||Hillsdale|MOORE ROAD|2022-09-14T04:00:00+00:00,nan,0.262543,logistic-v1,"{""iso"":""MISO"",""fuel"":""solar"",""mw"":140.0,""queue_year"":2022}",,2030-12-31,"ISO queue terminal status, observed in data/snapshots/",open,,
2026-09-02T12:03:35+00:00,interconnection,MISO:J2793||Saline|Muddy|2022-09-14T04:00:00+00:00,nan,0.431173,logistic-v1,"{""iso"":""MISO"",""fuel"":""solar"",""mw"":250.0,""queue_year"":2022}",,2030-12-31,"ISO queue terminal status, observed in data/snapshots/",open,,
2026-09-02T12:03:35+00:00,interconnection,MISO:J2757||Cherokee|LITTLE SIOUX - CLIPPER 161.0kV|2025-10-17T04:00:00+00:00,nan,0.298525,logistic-v1,"{""iso"":""MISO"",""fuel"":""solar"",""mw"":160.3,""queue_year"":2025}",,2033-12-31,"ISO queue terminal status, observed in data/snapshots/",open,,
2026-09-02T12:03:36+00:00,interconnection,MISO:J2799||Van Buren|ARGENTA - PALISADES 345.0kV|2025-10-25T04:00:00+00:00,nan,0.145506,logistic-v1,"{""iso"":""MISO"",""fuel"":""storage"",""mw"":200.0,""queue_year"":2025}",,2033-12-31,"ISO queue terminal status, observed in data/snapshots/",open,,
2026-09-02T12:03:36+00:00,interconnection,MISO:J2906||Kalamazoo|Jaguar 138kV substation|2022-09-15T04:00:00+00:00,nan,0.177432,logistic-v1,"{""iso"":""MISO"",""fuel"":""storage"",""mw"":200.0,""queue_year"":2022}",,2030-12-31,"ISO queue terminal status, observed in data/snapshots/",open,,
2026-09-02T12:03:36+00:00,interconnection,MISO:J2814||Kalamazoo|ARGENTA - MORROW 138.0kV|2022-09-07T04:00:00+00:00,nan,0.238733,logistic-v1,"{""iso"":""MISO"",""fuel"":""solar"",""mw"":220.0,""queue_year"":2022}",,2028-09-02,"ISO queue terminal status, observed in data/snapshots/",open,,
2026-09-02T12:03:36+00:00,interconnection,MISO:J2891||Kenosha|Other_|2024-01-09T05:00:00+00:00,nan,0.363899,logistic-v1,"{""iso"":""MISO"",""fuel"":""solar"",""mw"":50.0,""queue_year"":2024}",,2032-12-31,"ISO queue terminal status, observed in data/snapshots/",open,,
2026-09-02T12:03:36+00:00,interconnection,MISO:J2846||Pulaski|Reynolds--Burr Oak 345kV line|2022-09-15T04:00:00+00:00,nan,0.262585,logistic-v1,"{""iso"":""MISO"",""fuel"":""solar"",""mw"":700.0,""queue_year"":2022}",,2030-12-31,"ISO queue terminal status, observed in data/snapshots/",open,,
2026-09-02T12:03:36+00:00,interconnection,MISO:J2848||Hamilton|Noblesville  - Fall Creek (AEP) 345.0kV|2025-11-19T05:00:00+00:00,nan,0.285684,logistic-v1,"{""iso"":""MISO"",""fuel"":""solar"",""mw"":200.0,""queue_year"":2025}",,2033-12-31,"ISO queue terminal status, observed in data/snapshots/",open,,
2026-09-02T12:03:36+00:00,interconnection,MISO:J2908||Morgan|Jacksonville North|2022-07-27T04:00:00+00:00,nan,0.577677,logistic-v1,"{""iso"":""MISO"",""fuel"":""solar"",""mw"":30.0,""queue_year"":2022}",,2030-12-31,"ISO queue terminal status, observed in data/snapshots/",open,,
2026-09-02T12:03:36+00:00,interconnection,MISO:J2917||Ouachita|PRAIRIE ROAD|2022-09-14T04:00:00+00:00,nan,0.109551,logistic-v1,"{""iso"":""MISO"",""fuel"":""solar"",""mw"":80.0,""queue_year"":2022}",,2030-12-31,"ISO queue terminal status, observed in data/snapshots/",open,,
2026-09-02T12:03:36+00:00,interconnection,MISO:J2918||Jasper|4EFFINGHM N - 4NEWTON 138kV|2022-09-14T04:00:00+00:00,nan,0.104415,logistic-v1,"{""iso"":""MISO"",""fuel"":""solar"",""mw"":97.0,""queue_year"":2022}",,2030-12-31,"ISO queue terminal status, observed in data/snapshots/",open,,
2026-09-02T12:03:36+00:00,interconnection,MISO:J2761||Marion|Columbia|2022-09-15T04:00:00+00:00,nan,0.380895,logistic-v1,"{""iso"":""MISO"",""fuel"":""solar"",""mw"":100.0,""queue_year"":2022}",,2030-12-31,"ISO queue terminal status, observed in data/snapshots/",open,,
2026-09-02T12:03:36+00:00,interconnection,MISO:J2849||Pulaski|Reynolds--Burr Oak 345kV line|2022-09-15T04:00:00+00:00,nan,0.323658,logistic-v1,"{""iso"":""MISO"",""fuel"":""solar"",""mw"":245.0,""queue_year"":2022}",,2030-12-31,"ISO queue terminal status, observed in data/snapshots/",open,,
2026-09-02T12:03:36+00:00,interconnection,MISO:J2756||Livingston|Burna Tap - Joy 69.0kV|2022-09-09T04:00:00+00:00,nan,0.439120,logistic-v1,"{""iso"":""MISO"",""fuel"":""solar"",""mw"":42.0,""queue_year"":2022}",,2030-12-31,"ISO queue terminal status, observed in data/snapshots/",open,,
2026-09-02T12:03:36+00:00,interconnection,MISO:S1168||Marion|Finks 138 kV|2026-07-02T04:00:00+00:00,nan,0.225358,logistic-v1,"{""iso"":""MISO"",""fuel"":""unknown"",""mw"":99.0,""queue_year"":2026}",,2034-12-31,"ISO queue terminal status, observed in data/snapshots/",open,,
2026-09-02T12:03:36+00:00,interconnection,MISO:J3231||Amite|GLOSTER - LIBERTY 115.0kV|2022-09-14T04:00:00+00:00,nan,0.588679,logistic-v1,"{""iso"":""MISO"",""fuel"":""solar_storage"",""mw"":100.0,""queue_year"":2022}",,2030-12-31,"ISO queue terminal status, observed in data/snapshots/",open,,
2026-09-02T12:03:36+00:00,interconnection,MISO:J2847||Starke|Reynolds--Burr Oak 345kV Line|2022-09-15T04:00:00+00:00,nan,0.342897,logistic-v1,"{""iso"":""MISO"",""fuel"":""solar"",""mw"":180.0,""queue_year"":2022}",,2030-12-31,"ISO queue terminal status, observed in data/snapshots/",open,,
2026-09-02T12:03:36+00:00,interconnection,MISO:J2786||Allegan|ARGENTA - TALLMADGE 345.0kV|2022-09-15T04:00:00+00:00,nan,0.439551,logistic-v1,"{""iso"":""MISO"",""fuel"":""solar_storage"",""mw"":170.0,""queue_year"":2022}",,2030-12-31,"ISO queue terminal status, observed in data/snapshots/",open,,
2026-09-02T12:03:36+00:00,interconnection,MISO:J2990||Pottawattamie|Overland - J1859 POI 345kV Line Tap|2022-09-14T04:00:00+00:00,nan,0.274770,logistic-v1,"{""iso"":""MISO"",""fuel"":""wind"",""mw"":200.0,""queue_year"":2022}",,2030-12-31,"ISO queue terminal status, observed in data/snapshots/",open,,
2026-09-02T12:03:36+00:00,interconnection,MISO:J2937||Montgomery|4PANA - 4OAKLEY 138.0kV|2022-09-15T04:00:00+00:00,nan,0.088549,logistic-v1,"{""iso"":""MISO"",""fuel"":""solar"",""mw"":186.0,""queue_year"":2022}",,2030-12-31,"ISO queue terminal status, observed in data/snapshots/",open,,
2026-09-02T12:03:36+00:00,interconnection,MISO:J2988||Humboldt|J2256 POI - Irvington 345kV line|2022-09-14T04:00:00+00:00,nan,0.282303,logistic-v1,"{""iso"":""MISO"",""fuel"":""wind"",""mw"":175.0,""queue_year"":2022}",,2030-12-31,"ISO queue terminal status, observed in data/snapshots/",open,,
2026-09-02T12:03:36+00:00,interconnection,MISO:J3041||Olmsted|Byron 161kV|2022-09-13T04:00:00+00:00,nan,0.336263,logistic-v1,"{""iso"":""MISO"",""fuel"":""solar"",""mw"":200.0,""queue_year"":2022}",,2030-12-31,"ISO queue terminal status, observed in data/snapshots/",open,,
2026-09-02T12:03:36+00:00,interconnection,MISO:J3030||Jefferson|White Bluff to Sheridan 500kV|2022-09-14T04:00:00+00:00,nan,0.274702,logistic-v1,"{""iso"":""MISO"",""fuel"":""solar_storage"",""mw"":450.0,""queue_year"":2022}",,2030-12-31,"ISO queue terminal status, observed in data/snapshots/",open,,
2026-09-02T12:03:36+00:00,interconnection,MISO:J3003||Mason|4HAVANA2 - 4CINCINATTI 138.0kV|2022-09-15T04:00:00+00:00,nan,0.185727,logistic-v1,"{""iso"":""MISO"",""fuel"":""solar_storage"",""mw"":180.0,""queue_year"":2022}",,2030-12-31,"ISO queue terminal status, observed in data/snapshots/",open,,
2026-09-02T12:03:36+00:00,interconnection,MISO:J2747||Greene|Edwardsport IGCC - Amo 345.0kV|2022-09-15T04:00:00+00:00,nan,0.130800,logistic-v1,"{""iso"":""MISO"",""fuel"":""solar"",""mw"":160.0,""queue_year"":2022}",,2030-12-31,"ISO queue terminal status, observed in data/snapshots/",open,,
2026-09-02T12:03:36+00:00,interconnection,MISO:J2949||Marshall|Marshalltown 161 kV Substation|2022-09-14T04:00:00+00:00,nan,0.211263,logistic-v1,"{""iso"":""MISO"",""fuel"":""storage"",""mw"":100.0,""queue_year"":2022}",,2030-12-31,"ISO queue terminal status, observed in data/snapshots/",open,,
2026-09-02T12:03:36+00:00,interconnection,MISO:J2999||Perry|Hintonville|2022-09-15T04:00:00+00:00,nan,0.082070,logistic-v1,"{""iso"":""MISO"",""fuel"":""solar"",""mw"":250.0,""queue_year"":2022}",,2030-12-31,"ISO queue terminal status, observed in data/snapshots/",open,,
2026-09-02T12:03:36+00:00,interconnection,MISO:J2922||Jasper|7CASEY    - 7NEWTON   345.0kV|2022-09-14T04:00:00+00:00,nan,0.431173,logistic-v1,"{""iso"":""MISO"",""fuel"":""solar"",""mw"":250.0,""queue_year"":2022}",,2030-12-31,"ISO queue terminal status, observed in data/snapshots/",open,,
2026-09-02T12:03:36+00:00,interconnection,MISO:J3042||St. John the Baptist|WATERFORD 230 SWYD - VACHERIE 230.0kV|2022-09-15T04:00:00+00:00,nan,0.093543,logistic-v1,"{""iso"":""MISO"",""fuel"":""solar"",""mw"":150.0,""queue_year"":2022}",,2030-12-31,"ISO queue terminal status, observed in data/snapshots/",open,,
2026-09-02T12:03:36+00:00,interconnection,MISO:J3004||Mason|Cane|2022-09-15T04:00:00+00:00,nan,0.195997,logistic-v1,"{""iso"":""MISO"",""fuel"":""solar_storage"",""mw"":142.0,""queue_year"":2022}",,2030-12-31,"ISO queue terminal status, observed in data/snapshots/",open,,
2026-09-02T12:03:36+00:00,interconnection,MISO:J2749||Polk|Winger 115kV|2022-09-15T04:00:00+00:00,nan,0.354513,logistic-v1,"{""iso"":""MISO"",""fuel"":""solar"",""mw"":150.0,""queue_year"":2022}",,2030-12-31,"ISO queue terminal status, observed in data/snapshots/",open,,
2026-09-02T12:03:36+00:00,interconnection,MISO:J2952||Chambers|Crooked Bayou to Stowell 138 kV Line|2022-09-14T04:00:00+00:00,nan,0.380895,logistic-v1,"{""iso"":""MISO"",""fuel"":""solar"",""mw"":100.0,""queue_year"":2022}",,2030-12-31,"ISO queue terminal status, observed in data/snapshots/",open,,
2026-09-02T12:03:36+00:00,interconnection,MISO:J2970||Posey|AB Brown 345 - Gibson (Duke Terminal) 345.0kV|2022-09-15T04:00:00+00:00,nan,0.322416,logistic-v1,"{""iso"":""MISO"",""fuel"":""solar"",""mw"":250.0,""queue_year"":2022}",,2030-12-31,"ISO queue terminal status, observed in data/snapshots/",open,,
2026-09-02T12:03:36+00:00,interconnection,MISO:J2965||Morehouse|OAK GROVE 115 SUB|2022-09-15T04:00:00+00:00,nan,0.280704,logistic-v1,"{""iso"":""MISO"",""fuel"":""wind"",""mw"":180.0,""queue_year"":2022}",,2030-12-31,"ISO queue terminal status, observed in data/snapshots/",open,,
2026-09-02T12:03:36+00:00,interconnection,MISO:J2931||Henderson|AB Brown 345 - Reid EHV (BREC Terminal) 345.0kV|2022-09-14T04:00:00+00:00,nan,0.072642,logistic-v1,"{""iso"":""MISO"",""fuel"":""solar"",""mw"":400.0,""queue_year"":2022}",,2030-12-31,"ISO queue terminal status, observed in data/snapshots/",open,,
2026-09-02T12:03:36+00:00,interconnection,MISO:J2967||Jefferson Davis|Lowe Grout Rd to Jennings 138kV Line|2022-09-09T04:00:00+00:00,nan,0.086918,logistic-v1,"{""iso"":""MISO"",""fuel"":""solar"",""mw"":200.0,""queue_year"":2022}",,2030-12-31,"ISO queue terminal status, observed in data/snapshots/",open,,
2026-09-02T12:03:36+00:00,interconnection,MISO:J2945||Washington|SUB T  3 - HILLS  3 345.0kV|2022-09-15T04:00:00+00:00,nan,0.126534,logistic-v1,"{""iso"":""MISO"",""fuel"":""gas"",""mw"":350.0,""queue_year"":2022}",,2030-12-31,"ISO queue terminal status, observed in data/snapshots/",open,,
2026-09-02T12:03:36+00:00,interconnection,MISO:J2948||Marshall|Marshalltown|2022-09-15T04:00:00+00:00,nan,0.435651,logistic-v1,"{""iso"":""MISO"",""fuel"":""gas"",""mw"":75.0,""queue_year"":2022}",,2030-12-31,"ISO queue terminal status, observed in data/snapshots/",open,,
2026-09-02T12:03:36+00:00,interconnection,MISO:J2983||Grant|WOODWARD 115 SUB - AECC GRAPEVINE 115.0kV|2022-09-15T04:00:00+00:00,nan,0.184375,logistic-v1,"{""iso"":""MISO"",""fuel"":""solar"",""mw"":140.0,""queue_year"":2022}",,2030-12-31,"ISO queue terminal status, observed in data/snapshots/",open,,
2026-09-02T12:03:36+00:00,interconnection,MISO:J2991||Wayne|Dayton 120kV Substation|2022-09-14T04:00:00+00:00,nan,0.233451,logistic-v1,"{""iso"":""MISO"",""fuel"":""storage"",""mw"":200.0,""queue_year"":2022}",,2030-12-31,"ISO queue terminal status, observed in data/snapshots/",open,,
2026-09-02T12:03:36+00:00,interconnection,MISO:J2954||Clay|AECC CORNING NORTH Ã¢?? DATTO 161 KV|2022-09-14T04:00:00+00:00,nan,0.198959,logistic-v1,"{""iso"":""MISO"",""fuel"":""solar"",""mw"":100.0,""queue_year"":2022}",,2030-12-31,"ISO queue terminal status, observed in data/snapshots/",open,,
2026-09-02T12:03:36+00:00,interconnection,MISO:J3039||Olmsted|Byron 161kV|2022-09-13T04:00:00+00:00,nan,0.336263,logistic-v1,"{""iso"":""MISO"",""fuel"":""solar"",""mw"":200.0,""queue_year"":2022}",,2030-12-31,"ISO queue terminal status, observed in data/snapshots/",open,,
2026-09-02T12:03:36+00:00,interconnection,MISO:J2982||Warren|Line 6629 Monmouth 69 kV Switching Station|2022-09-14T04:00:00+00:00,nan,0.133953,logistic-v1,"{""iso"":""MISO"",""fuel"":""solar"",""mw"":35.0,""queue_year"":2022}",,2030-12-31,"ISO queue terminal status, observed in data/snapshots/",open,,
2026-09-02T12:03:36+00:00,interconnection,MISO:J2973||Christian|7FARADAY - 7PANA 345.0kV|2022-09-15T04:00:00+00:00,nan,0.299297,logistic-v1,"{""iso"":""MISO"",""fuel"":""solar"",""mw"":250.0,""queue_year"":2022}",,2030-12-31,"ISO queue terminal status, observed in data/snapshots/",open,,
2026-09-02T12:03:36+00:00,interconnection,MISO:J3031||Jefferson|4WLTNVL TP 138 kV|2022-09-14T04:00:00+00:00,nan,0.350841,logistic-v1,"{""iso"":""MISO"",""fuel"":""storage"",""mw"":200.0,""queue_year"":2022}",,2030-12-31,"ISO queue terminal status, observed in data/snapshots/",open,,
2026-09-02T12:03:36+00:00,interconnection,MISO:J2955||Saline|WRIGHTSVILLE Ã¢?? WHITE BLUFF EHV 115 KV|2023-11-07T05:00:00+00:00,nan,0.170069,logistic-v1,"{""iso"":""MISO"",""fuel"":""solar"",""mw"":150.0,""queue_year"":2023}",,2031-12-31,"ISO queue terminal status, observed in data/snapshots/",open,,
2026-09-02T12:03:36+00:00,interconnection,MISO:J2969||Kalkaska|Kalkaska Gen|2022-09-12T04:00:00+00:00,nan,0.655044,logistic-v1,"{""iso"":""MISO"",""fuel"":""gas"",""mw"":13.4,""queue_year"":2022}",,2030-12-31,"ISO queue terminal status, observed in data/snapshots/",open,,
2026-09-02T12:03:36+00:00,interconnection,MISO:J3007||Mason|PERE MARQUETTE - LINDEMAN 138.0kV|2022-08-25T04:00:00+00:00,nan,0.207575,logistic-v1,"{""iso"":""MISO"",""fuel"":""storage"",""mw"":100.0,""queue_year"":2022}",,2030-12-31,"ISO queue terminal status, observed in data/snapshots/",open,,
2026-09-02T12:03:36+00:00,interconnection,MISO:J2972||Adams|4HULL     - 4HERLEMAN 138.0kV|2022-09-15T04:00:00+00:00,nan,0.471457,logistic-v1,"{""iso"":""MISO"",""fuel"":""solar"",""mw"":140.0,""queue_year"":2022}",,2030-12-31,"ISO queue terminal status, observed in data/snapshots/",open,,
2026-09-02T12:03:36+00:00,interconnection,MISO:J2956||Morehouse|Galion 115 kV Substation|2022-09-15T04:00:00+00:00,nan,0.211925,logistic-v1,"{""iso"":""MISO"",""fuel"":""solar_storage"",""mw"":100.0,""queue_year"":2022}",,2030-12-31,"ISO queue terminal status, observed in data/snapshots/",open,,
2026-09-02T12:03:36+00:00,interconnection,MISO:J2986||Arkansas|AECC DELUCE - GILLETT 115.0kV|2022-09-15T04:00:00+00:00,nan,0.109551,logistic-v1,"{""iso"":""MISO"",""fuel"":""solar"",""mw"":80.0,""queue_year"":2022}",,2030-12-31,"ISO queue terminal status, observed in data/snapshots/",open,,
2026-09-02T12:03:36+00:00,interconnection,MISO:J3014||Rapides|Cooper - Leesville 138.0kV|2022-09-15T04:00:00+00:00,nan,0.315494,logistic-v1,"{""iso"":""MISO"",""fuel"":""solar"",""mw"":280.0,""queue_year"":2022}",,2030-12-31,"ISO queue terminal status, observed in data/snapshots/",open,,
2026-09-02T12:03:36+00:00,interconnection,MISO:J3027||Stark|7FARGO - 7SANDBURG 345.0kV|2022-09-14T04:00:00+00:00,nan,0.164988,logistic-v1,"{""iso"":""MISO"",""fuel"":""solar_storage"",""mw"":300.0,""queue_year"":2022}",,2030-12-31,"ISO queue terminal status, observed in data/snapshots/",open,,
2026-09-02T12:03:36+00:00,interconnection,MISO:J2924||Columbia|EL DORADO EHV - SAREPTA 345/115 SS 345.0kV|2022-09-15T04:00:00+00:00,nan,0.316023,logistic-v1,"{""iso"":""MISO"",""fuel"":""solar_storage"",""mw"":222.0,""queue_year"":2022}",,2030-12-31,"ISO queue terminal status, observed in data/snapshots/",open,,
2026-09-02T12:03:36+00:00,interconnection,MISO:J2957||Panola|Como - Crenshaw 115 kV Line|2022-09-15T04:00:00+00:00,nan,0.588679,logistic-v1,"{""iso"":""MISO"",""fuel"":""solar_storage"",""mw"":100.0,""queue_year"":2022}",,2030-12-31,"ISO queue terminal status, observed in data/snapshots/",open,,
2026-09-02T12:03:36+00:00,interconnection,MISO:J2989||Hardin|Blackhawk (MEC)- Quinn 345 KV|2022-09-14T04:00:00+00:00,nan,0.274770,logistic-v1,"{""iso"":""MISO"",""fuel"":""wind"",""mw"":200.0,""queue_year"":2022}",,2030-12-31,"ISO queue terminal status, observed in data/snapshots/",open,,
2026-09-02T12:03:36+00:00,interconnection,MISO:J2963||Mason|Puro|2022-09-14T04:00:00+00:00,nan,0.066458,logistic-v1,"{""iso"":""MISO"",""fuel"":""wind"",""mw"":200.0,""queue_year"":2022}",,2030-12-31,"ISO queue terminal status, observed in data/snapshots/",open,,
2026-09-02T12:03:36+00:00,interconnection,MISO:J3139||Holmes|Pickens 230 kV Substation|2022-09-13T04:00:00+00:00,nan,0.328919,logistic-v1,"{""iso"":""MISO"",""fuel"":""solar"",""mw"":225.0,""queue_year"":2022}",,2030-12-31,"ISO queue terminal status, observed in data/snapshots/",open,,
2026-09-02T12:03:36+00:00,interconnection,MISO:J3059||Midland|Other_|2022-09-15T04:00:00+00:00,nan,0.320722,logistic-v1,"{""iso"":""MISO"",""fuel"":""solar"",""mw"":175.0,""queue_year"":2022}",,2030-12-31,"ISO queue terminal status, observed in data/snapshots/",open,,
2026-09-02T12:03:36+00:00,interconnection,MISO:J3070||Morton|Square Butte 230 kV Substation East|2022-09-15T04:00:00+00:00,nan,0.315114,logistic-v1,"{""iso"":""MISO"",""fuel"":""wind"",""mw"":100.0,""queue_year"":2022}",,2030-12-31,"ISO queue terminal status, observed in data/snapshots/",open,,
2026-09-02T12:03:36+00:00,interconnection,MISO:J3051||Chisago|Rush City 230 kV|2024-01-09T05:00:00+00:00,nan,0.319321,logistic-v1,"{""iso"":""MISO"",""fuel"":""solar"",""mw"":150.0,""queue_year"":2024}",,2032-12-31,"ISO queue terminal status, observed in data/snapshots/",open,,
2026-09-02T12:03:36+00:00,interconnection,MISO:J3130||Marion|Kinmundy to Salem 138 kV|2022-09-09T04:00:00+00:00,nan,0.494968,logistic-v1,"{""iso"":""MISO"",""fuel"":""solar"",""mw"":100.0,""queue_year"":2022}",,2030-12-31,"ISO queue terminal status, observed in data/snapshots/",open,,
2026-09-02T12:03:36+00:00,interconnection,MISO:J3131||Columbia|El Dorado EHV - Sarepta 345/115KV SW STA 345 kV|2022-09-14T04:00:00+00:00,nan,0.154332,logistic-v1,"{""iso"":""MISO"",""fuel"":""solar"",""mw"":300.0,""queue_year"":2022}",,2030-12-31,"ISO queue terminal status, observed in data/snapshots/",open,,
2026-09-02T12:03:36+00:00,interconnection,MISO:J3134||Otsego|Gaylord Interconnection|2022-09-15T04:00:00+00:00,nan,0.354513,logistic-v1,"{""iso"":""MISO"",""fuel"":""solar"",""mw"":150.0,""queue_year"":2022}",,2030-12-31,"ISO queue terminal status, observed in data/snapshots/",open,,
2026-09-02T12:03:36+00:00,interconnection,MISO:J3213||Hennepin|Riverside 115kV Substation|2022-09-01T04:00:00+00:00,nan,0.331818,logistic-v1,"{""iso"":""MISO"",""fuel"":""gas"",""mw"":55.0,""queue_year"":2022}",,2030-12-31,"ISO queue terminal status, observed in data/snapshots/",open,,
2026-09-02T12:03:36+00:00,interconnection,MISO:J3133||Saginaw|Murphy to Nelson Road 345 kV|2022-09-14T04:00:00+00:00,nan,0.068524,logistic-v1,"{""iso"":""MISO"",""fuel"":""storage"",""mw"":120.0,""queue_year"":2022}",,2030-12-31,"ISO queue terminal status, observed in data/snapshots/",open,,
2026-09-02T12:03:36+00:00,interconnection,MISO:J3172||Dakota|GRE-NININGR7 115 kV|2022-09-14T04:00:00+00:00,nan,0.291785,logistic-v1,"{""iso"":""MISO"",""fuel"":""storage"",""mw"":100.0,""queue_year"":2022}",,2030-12-31,"ISO queue terminal status, observed in data/snapshots/",open,,
2026-09-02T12:03:36+00:00,interconnection,MISO:J3216||Peoria|Bloomington Brokaw|2022-09-15T04:00:00+00:00,nan,0.325344,logistic-v1,"{""iso"":""MISO"",""fuel"":""storage"",""mw"":300.0,""queue_year"":2022}",,2030-12-31,"ISO queue terminal status, observed in data/snapshots/",open,,
2026-09-02T12:03:36+00:00,interconnection,MISO:J3090||Crittenden|West Memphis EHV|2022-09-09T04:00:00+00:00,nan,0.336263,logistic-v1,"{""iso"":""MISO"",""fuel"":""solar"",""mw"":200.0,""queue_year"":2022}",,2030-12-31,"ISO queue terminal status, observed in data/snapshots/",open,,
2026-09-02T12:03:36+00:00,interconnection,MISO:J3140||Porter|South Valparaiso 138 kV Substation|2022-09-14T04:00:00+00:00,nan,0.333172,logistic-v1,"{""iso"":""MISO"",""fuel"":""storage"",""mw"":50.0,""queue_year"":2022}",,2030-12-31,"ISO queue terminal status, observed in data/snapshots/",open,,
2026-09-02T12:03:36+00:00,interconnection,MISO:J3169||Hardin|Cypress 138 kV Substation|2022-09-14T04:00:00+00:00,nan,0.253323,logistic-v1,"{""iso"":""MISO"",""fuel"":""storage"",""mw"":200.0,""queue_year"":2022}",,2030-12-31,"ISO queue terminal status, observed in data/snapshots/",open,,
2026-09-02T12:03:36+00:00,interconnection,MISO:J3170||Avoyelles|Eola-Marksville 138 kV|2022-09-13T04:00:00+00:00,nan,0.336263,logistic-v1,"{""iso"":""MISO"",""fuel"":""solar"",""mw"":200.0,""queue_year"":2022}",,2030-12-31,"ISO queue terminal status, observed in data/snapshots/",open,,
2026-09-02T12:03:36+00:00,interconnection,MISO:J3040||Ouachita|EL DORADO EHV - MCNEIL EHV 500.0kV|2022-09-13T04:00:00+00:00,nan,0.155580,logistic-v1,"{""iso"":""MISO"",""fuel"":""solar"",""mw"":290.0,""queue_year"":2022}",,2030-12-31,"ISO queue terminal status, observed in data/snapshots/",open,,
2026-09-02T12:03:36+00:00,interconnection,MISO:J3015||Iroquois|Gilman - Watseka 138kV|2022-09-14T04:00:00+00:00,nan,0.154135,logistic-v1,"{""iso"":""MISO"",""fuel"":""solar_storage"",""mw"":400.0,""queue_year"":2022}",,2030-12-31,"ISO queue terminal status, observed in data/snapshots/",open,,
2026-09-02T12:03:36+00:00,interconnection,MISO:J3028||Perry|Waynesboro 161 - Hintonville 161 161.0kV|2022-09-14T04:00:00+00:00,nan,0.211925,logistic-v1,"{""iso"":""MISO"",""fuel"":""solar_storage"",""mw"":100.0,""queue_year"":2022}",,2030-12-31,"ISO queue terminal status, observed in data/snapshots/",open,,
2026-09-02T12:03:36+00:00,interconnection,MISO:J3124||Saginaw|Murphy 345 kV Substation|2022-09-14T04:00:00+00:00,nan,0.098980,logistic-v1,"{""iso"":""MISO"",""fuel"":""solar"",""mw"":120.0,""queue_year"":2022}",,2030-12-31,"ISO queue terminal status, observed in data/snapshots/",open,,
2026-09-02T12:03:36+00:00,interconnection,MISO:J3095||Ford|4PAXTON - 4J845POI 138.0kV|2022-09-13T04:00:00+00:00,nan,0.086918,logistic-v1,"{""iso"":""MISO"",""fuel"":""solar"",""mw"":200.0,""queue_year"":2022}",,2030-12-31,"ISO queue terminal status, observed in data/snapshots/",open,,
2026-09-02T12:03:36+00:00,interconnection,MISO:J3144||Putnam|Edwardsport IGCC - Amo 345.0kV|2022-09-14T04:00:00+00:00,nan,0.132871,logistic-v1,"{""iso"":""MISO"",""fuel"":""solar"",""mw"":150.0,""queue_year"":2022}",,2030-12-31,"ISO queue terminal status, observed in data/snapshots/",open,,
2026-09-02T12:03:36+00:00,interconnection,MISO:J3145||Putnam|Edwardsport IGCC - Amo 345.0kV|2022-09-14T04:00:00+00:00,nan,0.132871,logistic-v1,"{""iso"":""MISO"",""fuel"":""solar"",""mw"":150.0,""queue_year"":2022}",,2030-12-31,"ISO queue terminal status, observed in data/snapshots/",open,,
2026-09-02T12:03:36+00:00,interconnection,MISO:J3081||Hot Spring|DEGRAY DAM - H.S. EHV 115.0kV|2025-07-28T04:00:00+00:00,nan,0.162071,logistic-v1,"{""iso"":""MISO"",""fuel"":""solar"",""mw"":105.0,""queue_year"":2025}",,2033-12-31,"ISO queue terminal status, observed in data/snapshots/",open,,
2026-09-02T12:03:36+00:00,interconnection,MISO:J3078||Peoria|Fargo to Sandburg 345kV|2022-09-12T04:00:00+00:00,nan,0.242098,logistic-v1,"{""iso"":""MISO"",""fuel"":""wind"",""mw"":250.0,""queue_year"":2022}",,2030-12-31,"ISO queue terminal status, observed in data/snapshots/",open,,
2026-09-02T12:03:36+00:00,interconnection,MISO:J3184||St. Clair|Turkey Hill 138 kV|2022-09-15T04:00:00+00:00,nan,0.672635,logistic-v1,"{""iso"":""MISO"",""fuel"":""solar_storage"",""mw"":145.0,""queue_year"":2022}",,2030-12-31,"ISO queue terminal status, observed in data/snapshots/",open,,
2026-09-02T12:03:36+00:00,interconnection,MISO:J3185||Effingham|Effingham - Newton 138KV (4EFFINGHM 347025 -4NEWTON 347831)|2022-09-15T04:00:00+00:00,nan,0.193587,logistic-v1,"{""iso"":""MISO"",""fuel"":""solar_storage"",""mw"":150.0,""queue_year"":2022}",,2030-12-31,"ISO queue terminal status, observed in data/snapshots/",open,,
2026-09-02T12:03:36+00:00,interconnection,MISO:J3186||Bolivar|Rosedale - Delta 115 kV|2022-09-15T04:00:00+00:00,nan,0.211925,logistic-v1,"{""iso"":""MISO"",""fuel"":""solar_storage"",""mw"":100.0,""queue_year"":2022}",,2030-12-31,"ISO queue terminal status, observed in data/snapshots/",open,,
2026-09-02T12:03:36+00:00,interconnection,MISO:J3181||Logan|4FOGARTY - 4LIMIT 138.0kV|2022-09-15T04:00:00+00:00,nan,0.211925,logistic-v1,"{""iso"":""MISO"",""fuel"":""solar_storage"",""mw"":100.0,""queue_year"":2022}",,2030-12-31,"ISO queue terminal status, observed in data/snapshots/",open,,
2026-09-02T12:03:36+00:00,interconnection,MISO:J3219||Dakota|CANNON FALLS TRANSM.|2022-09-14T04:00:00+00:00,nan,0.694004,logistic-v1,"{""iso"":""MISO"",""fuel"":""hydro"",""mw"":3.0,""queue_year"":2022}",,2030-12-31,"ISO queue terminal status, observed in data/snapshots/",open,,
2026-09-02T12:03:36+00:00,interconnection,MISO:J3109||Lonoke|Taping the 'Carlisle / 3CARISLE! (338003)' to 'Screeton / 3SCREETON (338005)' 115kV line|2022-09-15T04:00:00+00:00,nan,0.354447,logistic-v1,"{""iso"":""MISO"",""fuel"":""solar_storage"",""mw"":120.0,""queue_year"":2022}",,2030-12-31,"ISO queue terminal status, observed in data/snapshots/",open,,
2026-09-02T12:03:36+00:00,interconnection,MISO:J3084||Sullivan|Merom (HED) -  Dresser 345.0kV|2025-08-12T04:00:00+00:00,nan,0.125224,logistic-v1,"{""iso"":""MISO"",""fuel"":""gas"",""mw"":641.8,""queue_year"":2025}",,2033-12-31,"ISO queue terminal status, observed in data/snapshots/",open,,
2026-09-02T12:03:36+00:00,interconnection,MISO:J3199||Adair|Zachary 345kV|2022-09-15T04:00:00+00:00,nan,0.485589,logistic-v1,"{""iso"":""MISO"",""fuel"":""solar_storage"",""mw"":300.0,""queue_year"":2022}",,2030-12-31,"ISO queue terminal status, observed in data/snapshots/",open,,
2026-09-02T12:03:36+00:00,interconnection,MISO:J3209||Rapides|Hineston|2022-09-15T04:00:00+00:00,nan,0.302096,logistic-v1,"{""iso"":""MISO"",""fuel"":""solar"",""mw"":350.0,""queue_year"":2022}",,2030-12-31,"ISO queue terminal status, observed in data/snapshots/",open,,
2026-09-02T12:03:36+00:00,interconnection,MISO:J3162||Rock|Beloit Gateway|2022-09-14T04:00:00+00:00,nan,0.269988,logistic-v1,"{""iso"":""MISO"",""fuel"":""storage"",""mw"":100.0,""queue_year"":2022}",,2030-12-31,"ISO queue terminal status, observed in data/snapshots/",open,,
2026-09-02T12:03:36+00:00,interconnection,MISO:J3188||Marshall|Hallock 138 kV|2022-09-14T04:00:00+00:00,nan,0.133953,logistic-v1,"{""iso"":""MISO"",""fuel"":""solar"",""mw"":35.0,""queue_year"":2022}",,2030-12-31,"ISO queue terminal status, observed in data/snapshots/",open,,
2026-09-02T12:03:36+00:00,interconnection,MISO:J3137||Pocahontas|Sac - Pocahontas 161 kV|2025-10-17T04:00:00+00:00,nan,0.300011,logistic-v1,"{""iso"":""MISO"",""fuel"":""solar"",""mw"":156.3,""queue_year"":2025}",,2033-12-31,"ISO queue terminal status, observed in data/snapshots/",open,,
2026-09-02T12:03:36+00:00,interconnection,MISO:J3160||Fond du Lac|South Fond du Lac 345 kV|2022-09-14T04:00:00+00:00,nan,0.269988,logistic-v1,"{""iso"":""MISO"",""fuel"":""storage"",""mw"":100.0,""queue_year"":2022}",,2030-12-31,"ISO queue terminal status, observed in data/snapshots/",open,,
2026-09-02T12:03:36+00:00,interconnection,MISO:J3128||East Feliciana|Starhill Substation 138 kV|2022-09-15T04:00:00+00:00,nan,0.380895,logistic-v1,"{""iso"":""MISO"",""fuel"":""solar"",""mw"":100.0,""queue_year"":2022}",,2030-12-31,"ISO queue terminal status, observed in data/snapshots/",open,,
2026-09-02T12:03:36+00:00,interconnection,MISO:J2643||Washington|BOGALUSA - DEXTER SS (CE) 115.0kV|2022-09-12T04:00:00+00:00,nan,0.354513,logistic-v1,"{""iso"":""MISO"",""fuel"":""solar"",""mw"":150.0,""queue_year"":2022}",,2030-12-31,"ISO queue terminal status, observed in data/snapshots/",open,,
2026-09-02T12:03:36+00:00,interconnection,MISO:J3192||Jackson|Mallory 161 kV Substation|2022-09-15T04:00:00+00:00,nan,0.136481,logistic-v1,"{""iso"":""MISO"",""fuel"":""solar"",""mw"":500.0,""queue_year"":2022}",,2030-12-31,"ISO queue terminal status, observed in data/snapshots/",open,,
2026-09-02T12:03:36+00:00,interconnection,MISO:J3141||Phillips|Ritchie Plant Substation 230kV|2022-09-14T04:00:00+00:00,nan,0.198959,logistic-v1,"{""iso"":""MISO"",""fuel"":""solar"",""mw"":100.0,""queue_year"":2022}",,2030-12-31,"ISO queue terminal status, observed in data/snapshots/",open,,
2026-09-02T12:03:36+00:00,interconnection,MISO:J3229||Maries|4DILLON - 4LKSIDE TP2 138.0kV|2022-09-14T04:00:00+00:00,nan,0.565702,logistic-v1,"{""iso"":""MISO"",""fuel"":""solar_storage"",""mw"":140.0,""queue_year"":2022}",,2030-12-31,"ISO queue terminal status, observed in data/snapshots/",open,,
2026-09-02T12:03:36+00:00,interconnection,MISO:J2667||Sanilac|GREENWOOD - RAPSON 345.0kV|2022-09-14T04:00:00+00:00,nan,0.336778,logistic-v1,"{""iso"":""MISO"",""fuel"":""solar"",""mw"":135.0,""queue_year"":2022}",,2030-12-31,"ISO queue terminal status, observed in data/snapshots/",open,,
2026-09-02T12:03:36+00:00,interconnection,MISO:J3175||Tunica|Robinsonville 230kV|2022-09-14T04:00:00+00:00,nan,0.350382,logistic-v1,"{""iso"":""MISO"",""fuel"":""solar"",""mw"":160.0,""queue_year"":2022}",,2030-12-31,"ISO queue terminal status, observed in data/snapshots/",open,,
2026-09-02T12:03:36+00:00,interconnection,MISO:J2593||Gasconade|Bland 138 kV Substation|2022-09-14T04:00:00+00:00,nan,0.565702,logistic-v1,"{""iso"":""MISO"",""fuel"":""solar_storage"",""mw"":140.0,""queue_year"":2022}",,2030-12-31,"ISO queue terminal status, observed in data/snapshots/",open,,
2026-09-02T12:03:36+00:00,interconnection,MISO:J3223||Edwards|Olney (4JASPER 347868) - Albion (4ALBION N 346510) 138 kV|2022-09-15T04:00:00+00:00,nan,0.702625,logistic-v1,"{""iso"":""MISO"",""fuel"":""solar_storage"",""mw"":88.0,""queue_year"":2022}",,2030-12-31,"ISO queue terminal status, observed in data/snapshots/",open,,
2026-09-02T12:03:36+00:00,interconnection,MISO:J3224||Marion|4KINMUNDY-4TANNER 138kv|2022-09-15T04:00:00+00:00,nan,0.193587,logistic-v1,"{""iso"":""MISO"",""fuel"":""solar_storage"",""mw"":150.0,""queue_year"":2022}",,2030-12-31,"ISO queue terminal status, observed in data/snapshots/",open,,
2026-09-02T12:03:36+00:00,interconnection,MISO:J2653||Polk|Army Post 161kV Substation|2022-09-15T04:00:00+00:00,nan,0.262049,logistic-v1,"{""iso"":""MISO"",""fuel"":""storage"",""mw"":170.0,""queue_year"":2022}",,2030-12-31,"ISO queue terminal status, observed in data/snapshots/",open,,
2026-09-02T12:03:36+00:00,interconnection,MISO:J2669||Mason|Lake County - Pere Marquette (METC) 138.0kV|2022-09-14T04:00:00+00:00,nan,0.368945,logistic-v1,"{""iso"":""MISO"",""fuel"":""solar"",""mw"":120.0,""queue_year"":2022}",,2030-12-31,"ISO queue terminal status, observed in data/snapshots/",open,,
2026-09-02T12:03:36+00:00,interconnection,MISO:J2556||Whiteside|SUB 39 - CORDOVA 345.0kV|2022-09-14T04:00:00+00:00,nan,0.311318,logistic-v1,"{""iso"":""MISO"",""fuel"":""solar"",""mw"":300.0,""queue_year"":2022}",,2030-12-31,"ISO queue terminal status, observed in data/snapshots/",open,,
2026-09-02T12:03:36+00:00,interconnection,MISO:J2675||Gladwin|BARD ROAD - GALLAGHER 138.0kV|2022-09-14T04:00:00+00:00,nan,0.287164,logistic-v1,"{""iso"":""MISO"",""fuel"":""solar"",""mw"":90.0,""queue_year"":2022}",,2030-12-31,"ISO queue terminal status, observed in data/snapshots/",open,,
2026-09-02T12:03:36+00:00,interconnection,MISO:J2676||Huron|RAPSON - STEIN 345.0kV|2022-09-14T04:00:00+00:00,nan,0.312610,logistic-v1,"{""iso"":""MISO"",""fuel"":""solar"",""mw"":200.0,""queue_year"":2022}",,2028-09-02,"ISO queue terminal status, observed in data/snapshots/",open,,
2026-09-02T12:03:36+00:00,interconnection,MISO:J2561||Yellow Medicine|HAZEL CREEK|2022-09-15T04:00:00+00:00,nan,0.173254,logistic-v1,"{""iso"":""MISO"",""fuel"":""solar"",""mw"":153.0,""queue_year"":2022}",,2030-12-31,"ISO queue terminal status, observed in data/snapshots/",open,,
2026-09-02T12:03:36+00:00,interconnection,MISO:J2651||East Baton Rouge|MOLER - COLFEL 230.0kV|2022-09-15T04:00:00+00:00,nan,0.092019,logistic-v1,"{""iso"":""MISO"",""fuel"":""solar"",""mw"":160.0,""queue_year"":2022}",,2030-12-31,"ISO queue terminal status, observed in data/snapshots/",open,,
2026-09-02T12:03:36+00:00,interconnection,MISO:J2565||Iroquois|4GILMAN-4PAXTON E 138kV|2022-09-14T04:00:00+00:00,nan,0.080844,logistic-v1,"{""iso"":""MISO"",""fuel"":""solar"",""mw"":265.0,""queue_year"":2022}",,2030-12-31,"ISO queue terminal status, observed in data/snapshots/",open,,
2026-09-02T12:03:36+00:00,interconnection,MISO:J2611||Alcona|IOSCO - SPRUCE ROAD 138.0kV|2022-09-14T04:00:00+00:00,nan,0.239909,logistic-v1,"{""iso"":""MISO"",""fuel"":""solar"",""mw"":215.0,""queue_year"":2022}",,2030-12-31,"ISO queue terminal status, observed in data/snapshots/",open,,
2026-09-02T12:03:36+00:00,interconnection,MISO:J2571||Tunica|J866 Six Mile Lake Substation|2022-09-15T04:00:00+00:00,nan,0.281786,logistic-v1,"{""iso"":""MISO"",""fuel"":""wind"",""mw"":176.6,""queue_year"":2022}",,2030-12-31,"ISO queue terminal status, observed in data/snapshots/",open,,
2026-09-02T12:03:36+00:00,interconnection,MISO:J2655||Polk|Army Post 161 kV Substation|2022-09-15T04:00:00+00:00,nan,0.262049,logistic-v1,"{""iso"":""MISO"",""fuel"":""storage"",""mw"":170.0,""queue_year"":2022}",,2030-12-31,"ISO queue terminal status, observed in data/snapshots/",open,,
2026-09-02T12:03:36+00:00,interconnection,MISO:J2576||Louisa|Denmark - Newport 161kV|2022-09-15T04:00:00+00:00,nan,0.285973,logistic-v1,"{""iso"":""MISO"",""fuel"":""wind"",""mw"":164.1,""queue_year"":2022}",,2030-12-31,"ISO queue terminal status, observed in data/snapshots/",open,,
2026-09-02T12:03:36+00:00,interconnection,MISO:J2678||Delta|Chandler 138 kV|2022-09-14T04:00:00+00:00,nan,0.330214,logistic-v1,"{""iso"":""MISO"",""fuel"":""solar"",""mw"":150.0,""queue_year"":2022}",,2030-12-31,"ISO queue terminal status, observed in data/snapshots/",open,,
2026-09-02T12:03:36+00:00,interconnection,MISO:J2648||Champaign|Sidney 138 kV|2022-09-15T04:00:00+00:00,nan,0.198239,logistic-v1,"{""iso"":""MISO"",""fuel"":""solar_storage"",""mw"":135.0,""queue_year"":2022}",,2030-12-31,"ISO queue terminal status, observed in data/snapshots/",open,,
2026-09-02T12:03:36+00:00,interconnection,MISO:J2577||Cross|Parkin|2022-09-15T04:00:00+00:00,nan,0.132663,logistic-v1,"{""iso"":""MISO"",""fuel"":""wind"",""mw"":200.0,""queue_year"":2022}",,2030-12-31,"ISO queue terminal status, observed in data/snapshots/",open,,
2026-09-02T12:03:36+00:00,interconnection,MISO:J2613||Jackson|HOLLAND BOTTOM - INDEPENDENCE-ISES 500.0kV|2022-09-15T04:00:00+00:00,nan,0.120089,logistic-v1,"{""iso"":""MISO"",""fuel"":""wind"",""mw"":300.0,""queue_year"":2022}",,2030-12-31,"ISO queue terminal status, observed in data/snapshots/",open,,
2026-09-02T12:03:36+00:00,interconnection,MISO:J2608||Stevens|Hancock 115kV Substation|2022-09-14T04:00:00+00:00,nan,0.092019,logistic-v1,"{""iso"":""MISO"",""fuel"":""solar"",""mw"":160.0,""queue_year"":2022}",,2030-12-31,"ISO queue terminal status, observed in data/snapshots/",open,,
2026-09-02T12:03:36+00:00,interconnection,MISO:J2679||Livingston|COLFAX to Madrid 120 kV|2022-09-14T04:00:00+00:00,nan,0.355785,logistic-v1,"{""iso"":""MISO"",""fuel"":""solar"",""mw"":100.0,""queue_year"":2022}",,2030-12-31,"ISO queue terminal status, observed in data/snapshots/",open,,
2026-09-02T12:03:36+00:00,interconnection,MISO:J2559||Wood|Arpin|2022-09-14T04:00:00+00:00,nan,0.086918,logistic-v1,"{""iso"":""MISO"",""fuel"":""solar"",""mw"":200.0,""queue_year"":2022}",,2030-12-31,"ISO queue terminal status, observed in data/snapshots/",open,,
2026-09-02T12:03:36+00:00,interconnection,MISO:J2670||Mason|Ludington to Keystone 345 kV|2022-09-14T04:00:00+00:00,nan,0.084522,logistic-v1,"{""iso"":""MISO"",""fuel"":""solar"",""mw"":223.0,""queue_year"":2022}",,2030-12-31,"ISO queue terminal status, observed in data/snapshots/",open,,
2026-09-02T12:03:36+00:00,interconnection,MISO:J2672||Shiawassee|BINGHAM - CORNELL 138.0kV|2022-09-14T04:00:00+00:00,nan,0.270988,logistic-v1,"{""iso"":""MISO"",""fuel"":""solar"",""mw"":120.0,""queue_year"":2022}",,2030-12-31,"ISO queue terminal status, observed in data/snapshots/",open,,
2026-09-02T12:03:36+00:00,interconnection,MISO:J2654||Clinton|Frankfort  -  New London 230.0kV|2022-09-14T04:00:00+00:00,nan,0.098188,logistic-v1,"{""iso"":""MISO"",""fuel"":""wind"",""mw"":180.0,""queue_year"":2022}",,2030-12-31,"ISO queue terminal status, observed in data/snapshots/",open,,
2026-09-02T12:03:36+00:00,interconnection,MISO:J2628||Huron|RAPSON|2022-09-15T04:00:00+00:00,nan,0.222419,logistic-v1,"{""iso"":""MISO"",""fuel"":""storage"",""mw"":250.0,""queue_year"":2022}",,2030-12-31,"ISO queue terminal status, observed in data/snapshots/",open,,
2026-09-02T12:03:36+00:00,interconnection,MISO:J2673||Clare|BARD ROAD - WARREN 138.0kV|2022-09-14T04:00:00+00:00,nan,0.260643,logistic-v1,"{""iso"":""MISO"",""fuel"":""solar"",""mw"":145.0,""queue_year"":2022}",,2028-09-02,"ISO queue terminal status, observed in data/snapshots/",open,,
2026-09-02T12:03:36+00:00,interconnection,MISO:J2677||St. Clair|Greenwood 120 kV|2022-09-14T04:00:00+00:00,nan,0.314140,logistic-v1,"{""iso"":""MISO"",""fuel"":""solar"",""mw"":195.0,""queue_year"":2022}",,2030-12-31,"ISO queue terminal status, observed in data/snapshots/",open,,
2026-09-02T12:03:36+00:00,interconnection,MISO:J2668||Mason|Lake County - Pere Marquette (METC) 138.0kV|2022-09-14T04:00:00+00:00,nan,0.331745,logistic-v1,"{""iso"":""MISO"",""fuel"":""solar"",""mw"":215.0,""queue_year"":2022}",,2030-12-31,"ISO queue terminal status, observed in data/snapshots/",open,,
2026-09-02T12:03:36+00:00,interconnection,MISO:J2554||Putnam|Putnam|2022-09-14T04:00:00+00:00,nan,0.084817,logistic-v1,"{""iso"":""MISO"",""fuel"":""solar"",""mw"":220.0,""queue_year"":2022}",,2030-12-31,"ISO queue terminal status, observed in data/snapshots/",open,,
2026-09-02T12:03:36+00:00,interconnection,MISO:J2609||Waushara|Sand Lake|2022-09-13T04:00:00+00:00,nan,0.370185,logistic-v1,"{""iso"":""MISO"",""fuel"":""solar"",""mw"":80.0,""queue_year"":2022}",,2030-12-31,"ISO queue terminal status, observed in data/snapshots/",open,,
2026-09-02T12:03:36+00:00,interconnection,MISO:J2602||DeSoto|Twinkletown 230 kV|2022-09-14T04:00:00+00:00,nan,0.322416,logistic-v1,"{""iso"":""MISO"",""fuel"":""solar"",""mw"":250.0,""queue_year"":2022}",,2030-12-31,"ISO queue terminal status, observed in data/snapshots/",open,,
2026-09-02T12:03:36+00:00,interconnection,MISO:J2627||Adams|East Quincy|2022-09-15T04:00:00+00:00,nan,0.064640,logistic-v1,"{""iso"":""MISO"",""fuel"":""storage"",""mw"":150.0,""queue_year"":2022}",,2030-12-31,"ISO queue terminal status, observed in data/snapshots/",open,,
2026-09-02T12:03:36+00:00,interconnection,MISO:J2641||Jackson|NEWPORT|2022-09-15T04:00:00+00:00,nan,0.132663,logistic-v1,"{""iso"":""MISO"",""fuel"":""wind"",""mw"":200.0,""queue_year"":2022}",,2030-12-31,"ISO queue terminal status, observed in data/snapshots/",open,,
2026-09-02T12:03:36+00:00,interconnection,MISO:J2566||Daviess|Gibson Sta - Bedford 345 345.0kV|2022-09-14T04:00:00+00:00,nan,0.123842,logistic-v1,"{""iso"":""MISO"",""fuel"":""solar"",""mw"":200.0,""queue_year"":2022}",,2030-12-31,"ISO queue terminal status, observed in data/snapshots/",open,,
2026-09-02T12:03:36+00:00,interconnection,MISO:J2575||Tazewell|Cincinnati 138 kV Substation|2022-09-15T04:00:00+00:00,nan,0.351484,logistic-v1,"{""iso"":""MISO"",""fuel"":""storage"",""mw"":198.0,""queue_year"":2022}",,2030-12-31,"ISO queue terminal status, observed in data/snapshots/",open,,
2026-09-02T12:03:36+00:00,interconnection,MISO:J2729||West Baton Rouge|ADDIS - BIG CAJUN #1 230.0kV|2022-09-14T04:00:00+00:00,nan,0.086918,logistic-v1,"{""iso"":""MISO"",""fuel"":""solar"",""mw"":200.0,""queue_year"":2022}",,2030-12-31,"ISO queue terminal status, observed in data/snapshots/",open,,
2026-09-02T12:03:36+00:00,interconnection,MISO:J2742||White|BEEBE - GARNER SS 115.0kV|2022-09-13T04:00:00+00:00,nan,0.198959,logistic-v1,"{""iso"":""MISO"",""fuel"":""solar"",""mw"":100.0,""queue_year"":2022}",,2030-12-31,"ISO queue terminal status, observed in data/snapshots/",open,,
2026-09-02T12:03:36+00:00,interconnection,MISO:J2607||Montgomery|Redhawk 138 kV - MTEP Project (17976)|2022-09-15T04:00:00+00:00,nan,0.350841,logistic-v1,"{""iso"":""MISO"",""fuel"":""storage"",""mw"":200.0,""queue_year"":2022}",,2030-12-31,"ISO queue terminal status, observed in data/snapshots/",open,,
2026-09-02T12:03:36+00:00,interconnection,MISO:J2740||Sunflower|DELTA SWYD - SHELBY SS 115.0kV|2022-09-13T04:00:00+00:00,nan,0.093543,logistic-v1,"{""iso"":""MISO"",""fuel"":""solar"",""mw"":150.0,""queue_year"":2022}",,2030-12-31,"ISO queue terminal status, observed in data/snapshots/",open,,
2026-09-02T12:03:36+00:00,interconnection,MISO:J2738||Rock Island|SUB 17|2022-09-15T04:00:00+00:00,nan,0.571859,logistic-v1,"{""iso"":""MISO"",""fuel"":""solar_storage"",""mw"":128.0,""queue_year"":2022}",,2030-12-31,"ISO queue terminal status, observed in data/snapshots/",open,,
2026-09-02T12:03:36+00:00,interconnection,MISO:J2639||Bradley|AECC HERMITAGE SOUTH - HILO 115.0kV|2022-09-09T04:00:00+00:00,nan,0.196459,logistic-v1,"{""iso"":""MISO"",""fuel"":""solar"",""mw"":105.8,""queue_year"":2022}",,2030-12-31,"ISO queue terminal status, observed in data/snapshots/",open,,
2026-09-02T12:03:36+00:00,interconnection,MISO:J2694||Christian|7COFFEEN  - 7PANA     345.0kV|2022-09-15T04:00:00+00:00,nan,0.146119,logistic-v1,"{""iso"":""MISO"",""fuel"":""solar_storage"",""mw"":500.0,""queue_year"":2022}",,2030-12-31,"ISO queue terminal status, observed in data/snapshots/",open,,
2026-09-02T12:03:36+00:00,interconnection,MISO:J2691||Bollinger|7RUSH     - 7BALDWIN 345.0kV|2022-09-15T04:00:00+00:00,nan,0.525370,logistic-v1,"{""iso"":""MISO"",""fuel"":""solar_storage"",""mw"":250.0,""queue_year"":2022}",,2030-12-31,"ISO queue terminal status, observed in data/snapshots/",open,,
2026-09-02T12:03:36+00:00,interconnection,MISO:J2716||Dakota|HAMPTON 345 KV|2022-09-14T04:00:00+00:00,nan,0.104063,logistic-v1,"{""iso"":""MISO"",""fuel"":""storage"",""mw"":300.0,""queue_year"":2022}",,2030-12-31,"ISO queue terminal status, observed in data/snapshots/",open,,
2026-09-02T12:03:36+00:00,interconnection,MISO:J2686||Muscatine|Walcott 345 kV|2022-09-15T04:00:00+00:00,nan,0.291146,logistic-v1,"{""iso"":""MISO"",""fuel"":""wind"",""mw"":150.0,""queue_year"":2022}",,2030-12-31,"ISO queue terminal status, observed in data/snapshots/",open,,
2026-09-02T12:03:36+00:00,interconnection,MISO:J2801||Woodruff|AECC HUNTER NORTH - MCCRORY 161.0kV|2023-09-11T04:00:00+00:00,nan,0.090311,logistic-v1,"{""iso"":""MISO"",""fuel"":""solar"",""mw"":130.0,""queue_year"":2023}",,2031-12-31,"ISO queue terminal status, observed in data/snapshots/",open,,
2026-09-02T12:03:36+00:00,interconnection,MISO:J2689||Liberty|JACINTO 230kV|2025-07-31T04:00:00+00:00,nan,0.489352,logistic-v1,"{""iso"":""MISO"",""fuel"":""solar_storage"",""mw"":180.0,""queue_year"":2025}",,2033-12-31,"ISO queue terminal status, observed in data/snapshots/",open,,
2026-09-02T12:03:36+00:00,interconnection,MISO:J2897||San Jacinto|RIVTRIN - SHECO CALVIN 138.0kV|2022-09-15T04:00:00+00:00,nan,0.560945,logistic-v1,"{""iso"":""MISO"",""fuel"":""solar_storage"",""mw"":150.0,""queue_year"":2022}",,2030-12-31,"ISO queue terminal status, observed in data/snapshots/",open,,
2026-09-02T12:03:36+00:00,interconnection,MISO:J2914||St. Tammany|MCKNIGHT - PLANT DANIEL 500.0kV|2022-09-14T04:00:00+00:00,nan,0.484047,logistic-v1,"{""iso"":""MISO"",""fuel"":""solar_storage"",""mw"":450.0,""queue_year"":2022}",,2030-12-31,"ISO queue terminal status, observed in data/snapshots/",open,,
2026-09-02T12:03:36+00:00,interconnection,MISO:J2773||Poinsett|Newport - Fisher 161 kV Line|2022-09-15T04:00:00+00:00,nan,0.211925,logistic-v1,"{""iso"":""MISO"",""fuel"":""solar_storage"",""mw"":100.0,""queue_year"":2022}",,2030-12-31,"ISO queue terminal status, observed in data/snapshots/",open,,
2026-09-02T12:03:36+00:00,interconnection,MISO:J2826||Greene|Sandborn Primary - Worthington Primary 161.0kV|2022-09-15T04:00:00+00:00,nan,0.573485,logistic-v1,"{""iso"":""MISO"",""fuel"":""solar_storage"",""mw"":125.0,""queue_year"":2022}",,2030-12-31,"ISO queue terminal status, observed in data/snapshots/",open,,
2026-09-02T12:03:36+00:00,interconnection,MISO:J2901||Columbia|MACEDONIA - TAYLOR 115.0kV|2022-09-13T04:00:00+00:00,nan,0.184375,logistic-v1,"{""iso"":""MISO"",""fuel"":""solar"",""mw"":140.0,""queue_year"":2022}",,2030-12-31,"ISO queue terminal status, observed in data/snapshots/",open,,
2026-09-02T12:03:36+00:00,interconnection,MISO:J2879||Washington|CHEMOLITE|2022-09-14T04:00:00+00:00,nan,0.144010,logistic-v1,"{""iso"":""MISO"",""fuel"":""storage"",""mw"":80.0,""queue_year"":2022}",,2030-12-31,"ISO queue terminal status, observed in data/snapshots/",open,,
2026-09-02T12:03:36+00:00,interconnection,MISO:J2913||Sargent|Forman 115kV Substation|2022-09-15T04:00:00+00:00,nan,0.073839,logistic-v1,"{""iso"":""MISO"",""fuel"":""storage"",""mw"":90.0,""queue_year"":2022}",,2030-12-31,"ISO queue terminal status, observed in data/snapshots/",open,,
2026-09-02T12:03:36+00:00,interconnection,MISO:J2599||Redwood|Lyon County 345kV Substation|2022-09-15T04:00:00+00:00,nan,0.159824,logistic-v1,"{""iso"":""MISO"",""fuel"":""solar"",""mw"":216.0,""queue_year"":2022}",,2030-12-31,"ISO queue terminal status, observed in data/snapshots/",open,,
2026-09-02T12:03:36+00:00,interconnection,MISO:J2601||Wabasha|North Rochester - Briggs Road 345.0kV|2022-09-15T04:00:00+00:00,nan,0.059927,logistic-v1,"{""iso"":""MISO"",""fuel"":""storage"",""mw"":200.0,""queue_year"":2022}",,2030-12-31,"ISO queue terminal status, observed in data/snapshots/",open,,
2026-09-02T12:03:36+00:00,interconnection,MISO:J2603||Mason|4PURO - 4HAVANA3 138.0kV|2022-09-15T04:00:00+00:00,nan,0.076989,logistic-v1,"{""iso"":""MISO"",""fuel"":""solar"",""mw"":320.0,""queue_year"":2022}",,2030-12-31,"ISO queue terminal status, observed in data/snapshots/",open,,
2026-09-02T12:03:36+00:00,interconnection,MISO:J2634||Ouachita|CAMDEN MAGUIRE - SMACKOVER 115.0kV|2022-09-12T04:00:00+00:00,nan,0.196459,logistic-v1,"{""iso"":""MISO"",""fuel"":""solar"",""mw"":105.8,""queue_year"":2022}",,2030-12-31,"ISO queue terminal status, observed in data/snapshots/",open,,
2026-09-02T12:03:36+00:00,interconnection,MISO:J2684||St. Clair|BUNCE|2022-09-08T04:00:00+00:00,nan,0.251834,logistic-v1,"{""iso"":""MISO"",""fuel"":""storage"",""mw"":140.0,""queue_year"":2022}",,2030-12-31,"ISO queue terminal status, observed in data/snapshots/",open,,
2026-09-02T12:03:36+00:00,interconnection,MISO:J2739||Ohio|WILSON|2022-09-14T04:00:00+00:00,nan,0.103622,logistic-v1,"{""iso"":""MISO"",""fuel"":""solar"",""mw"":100.0,""queue_year"":2022}",,2030-12-31,"ISO queue terminal status, observed in data/snapshots/",open,,
2026-09-02T12:03:36+00:00,interconnection,MISO:J2841||Independence|Independent - Holland Bottom 500kV|2022-09-15T04:00:00+00:00,nan,0.105704,logistic-v1,"{""iso"":""MISO"",""fuel"":""wind"",""mw"":500.0,""queue_year"":2022}",,2030-12-31,"ISO queue terminal status, observed in data/snapshots/",open,,
2026-09-02T12:03:36+00:00,interconnection,MISO:J2737||Sabine|Sharing substation for J1890. POI for J1890 is not in the MTEP22 model yet. Reference bus A: 48904|2025-09-05T04:00:00+00:00,nan,0.291759,logistic-v1,"{""iso"":""MISO"",""fuel"":""solar"",""mw"":180.0,""queue_year"":2025}",,2033-12-31,"ISO queue terminal status, observed in data/snapshots/",open,,
2026-09-02T12:03:36+00:00,interconnection,MISO:J2845||Freeborn|Adams - Hayward 161kV|2025-10-23T04:00:00+00:00,nan,0.206355,logistic-v1,"{""iso"":""MISO"",""fuel"":""solar"",""mw"":200.0,""queue_year"":2025}",,2033-12-31,"ISO queue terminal status, observed in data/snapshots/",open,,
2026-09-02T12:03:36+00:00,interconnection,MISO:J2869||Sunflower|GERALDANDRUS SES SWITCHYARD-INDIANOLA 230 KV|2022-09-15T04:00:00+00:00,nan,0.193587,logistic-v1,"{""iso"":""MISO"",""fuel"":""solar_storage"",""mw"":150.0,""queue_year"":2022}",,2030-12-31,"ISO queue terminal status, observed in data/snapshots/",open,,
2026-09-02T12:03:36+00:00,interconnection,MISO:J2852||Roberts|Browns Valley 230 kV Substation|2022-09-14T04:00:00+00:00,nan,0.253323,logistic-v1,"{""iso"":""MISO"",""fuel"":""storage"",""mw"":200.0,""queue_year"":2022}",,2030-12-31,"ISO queue terminal status, observed in data/snapshots/",open,,
2026-09-02T12:03:36+00:00,interconnection,MISO:J2873||Simpson|Magee 161 - White Oak 161.0kV|2022-09-13T04:00:00+00:00,nan,0.348420,logistic-v1,"{""iso"":""MISO"",""fuel"":""solar"",""mw"":165.0,""queue_year"":2022}",,2030-12-31,"ISO queue terminal status, observed in data/snapshots/",open,,
2026-09-02T12:03:36+00:00,interconnection,MISO:J2899||Calcasieu|GOOS FERRY - CHALKLEY CO 230.0kV|2022-09-14T04:00:00+00:00,nan,0.172174,logistic-v1,"{""iso"":""MISO"",""fuel"":""solar_storage"",""mw"":250.0,""queue_year"":2022}",,2030-12-31,"ISO queue terminal status, observed in data/snapshots/",open,,
2026-09-02T12:03:36+00:00,interconnection,MISO:J2808||Fayette|Ramsey East 138 sub (co-located with Dressor and Switchgrass)|2022-09-14T04:00:00+00:00,nan,0.494968,logistic-v1,"{""iso"":""MISO"",""fuel"":""solar"",""mw"":100.0,""queue_year"":2022}",,2030-12-31,"ISO queue terminal status, observed in data/snapshots/",open,,
2026-09-02T12:03:36+00:00,interconnection,MISO:J2809||Iroquois|4GILMAN - 4PAXTON E 138 kV|2022-09-14T04:00:00+00:00,nan,0.096441,logistic-v1,"{""iso"":""MISO"",""fuel"":""solar"",""mw"":133.0,""queue_year"":2022}",,2030-12-31,"ISO queue terminal status, observed in data/snapshots/",open,,
2026-09-02T12:03:36+00:00,interconnection,MISO:J2811||Cerro Gordo|Killdeer|2022-09-14T04:00:00+00:00,nan,0.245216,logistic-v1,"{""iso"":""MISO"",""fuel"":""solar"",""mw"":210.0,""queue_year"":2022}",,2030-12-31,"ISO queue terminal status, observed in data/snapshots/",open,,
2026-09-02T12:03:36+00:00,interconnection,MISO:J3829||Hot Spring|ETTA|2024-04-17T04:00:00+00:00,nan,0.175537,logistic-v1,"{""iso"":""MISO"",""fuel"":""gas"",""mw"":770.0,""queue_year"":2024}",,2032-12-31,"ISO queue terminal status, observed in data/snapshots/",open,,
2026-09-02T12:03:36+00:00,interconnection,MISO:J4251||||2026-07-15T19:50:41+00:00,nan,0.130405,logistic-v1,"{""iso"":""MISO"",""fuel"":""unknown"",""mw"":200.0,""queue_year"":2026}",,2034-12-31,"ISO queue terminal status, observed in data/snapshots/",open,,
2026-09-02T12:03:36+00:00,interconnection,MISO:S1023||Grant|Nelson Dewey - Lancaster 138kV|2022-05-16T04:00:00+00:00,nan,0.247347,logistic-v1,"{""iso"":""MISO"",""fuel"":""unknown"",""mw"":25.0,""queue_year"":2022}",,2030-12-31,"ISO queue terminal status, observed in data/snapshots/",open,,
2026-09-02T12:03:36+00:00,interconnection,MISO:S1026||Dubois|Dubois - Culley 138kV line|2022-05-26T04:00:00+00:00,nan,0.232363,logistic-v1,"{""iso"":""MISO"",""fuel"":""unknown"",""mw"":50.0,""queue_year"":2022}",,2030-12-31,"ISO queue terminal status, observed in data/snapshots/",open,,
2026-09-02T12:03:36+00:00,interconnection,MISO:J3828||Lapeer|Other_|2024-04-18T04:00:00+00:00,nan,0.320530,logistic-v1,"{""iso"":""MISO"",""fuel"":""solar"",""mw"":100.0,""queue_year"":2024}",,2032-12-31,"ISO queue terminal status, observed in data/snapshots/",open,,
2026-09-02T12:03:36+00:00,interconnection,MISO:J4253||||2026-07-30T00:01:31+00:00,nan,0.159624,logistic-v1,"{""iso"":""MISO"",""fuel"":""unknown"",""mw"":86.0,""queue_year"":2026}",,2034-12-31,"ISO queue terminal status, observed in data/snapshots/",open,,
2026-09-02T12:03:36+00:00,interconnection,MISO:S1015||Delta|Garden Corners 138kV|2022-04-11T04:00:00+00:00,nan,0.209264,logistic-v1,"{""iso"":""MISO"",""fuel"":""unknown"",""mw"":55.0,""queue_year"":2022}",,2030-12-31,"ISO queue terminal status, observed in data/snapshots/",open,,
2026-09-02T12:03:36+00:00,interconnection,MISO:S1024||Waushara|Wautoma 138kV|2022-05-16T04:00:00+00:00,nan,0.213665,logistic-v1,"{""iso"":""MISO"",""fuel"":""unknown"",""mw"":50.0,""queue_year"":2022}",,2030-12-31,"ISO queue terminal status, observed in data/snapshots/",open,,
2026-09-02T12:03:36+00:00,interconnection,MISO:S1032||Isabella County|Salt River Substation 138kV|2022-08-19T04:00:00+00:00,nan,0.140479,logistic-v1,"{""iso"":""MISO"",""fuel"":""unknown"",""mw"":90.0,""queue_year"":2022}",,2030-12-31,"ISO queue terminal status, observed in data/snapshots/",open,,
2026-09-02T12:03:36+00:00,interconnection,MISO:S1034||Dodge|North Beaver Dam 69kV - Bus 698222|2022-08-15T04:00:00+00:00,nan,0.247347,logistic-v1,"{""iso"":""MISO"",""fuel"":""unknown"",""mw"":25.0,""queue_year"":2022}",,2030-12-31,"ISO queue terminal status, observed in data/snapshots/",open,,
2026-09-02T12:03:36+00:00,interconnection,MISO:S1031||Isabella|Salt River Substation 138kV|2022-08-19T04:00:00+00:00,nan,0.140479,logistic-v1,"{""iso"":""MISO"",""fuel"":""unknown"",""mw"":90.0,""queue_year"":2022}",,2030-12-31,"ISO queue terminal status, observed in data/snapshots/",open,,
2026-09-02T12:03:36+00:00,interconnection,MISO:S1035||Rock|Townline Rd. - Paddock 138kV|2022-08-15T04:00:00+00:00,nan,0.233522,logistic-v1,"{""iso"":""MISO"",""fuel"":""unknown"",""mw"":33.0,""queue_year"":2022}",,2030-12-31,"ISO queue terminal status, observed in data/snapshots/",open,,
2026-09-02T12:03:36+00:00,interconnection,MISO:S1044||Lake|Green Acres 138 kV Substation (43684)|2023-04-17T04:00:00+00:00,nan,0.218602,logistic-v1,"{""iso"":""MISO"",""fuel"":""unknown"",""mw"":50.0,""queue_year"":2023}",,2031-12-31,"ISO queue terminal status, observed in data/snapshots/",open,,
2026-09-02T12:03:36+00:00,interconnection,MISO:S1033||Green|Bass Creek – Albany – North Monroe 138 kV|2022-08-15T04:00:00+00:00,nan,0.247347,logistic-v1,"{""iso"":""MISO"",""fuel"":""unknown"",""mw"":25.0,""queue_year"":2022}",,2030-12-31,"ISO queue terminal status, observed in data/snapshots/",open,,
2026-09-02T12:03:36+00:00,interconnection,MISO:J3469||Marathon|Stratford - McMillan 115.0kV|2024-04-16T04:00:00+00:00,nan,0.260783,logistic-v1,"{""iso"":""MISO"",""fuel"":""wind"",""mw"":100.0,""queue_year"":2024}",,2032-12-31,"ISO queue terminal status, observed in data/snapshots/",open,,
2026-09-02T12:03:36+00:00,interconnection,MISO:J3468||Day|Ellendale - Twin Brooks 345.0kV|2024-04-12T04:00:00+00:00,nan,0.473191,logistic-v1,"{""iso"":""MISO"",""fuel"":""solar_storage"",""mw"":300.0,""queue_year"":2024}",,2032-12-31,"ISO queue terminal status, observed in data/snapshots/",open,,
2026-09-02T12:03:36+00:00,interconnection,MISO:J3471||Branch|WAGNER - BATAVIA 138.0kV|2024-04-18T04:00:00+00:00,nan,0.229743,logistic-v1,"{""iso"":""MISO"",""fuel"":""solar"",""mw"":150.0,""queue_year"":2024}",,2032-12-31,"ISO queue terminal status, observed in data/snapshots/",open,,
2026-09-02T12:03:36+00:00,interconnection,MISO:J3477||Carroll|Other_|2024-04-18T04:00:00+00:00,nan,0.302036,logistic-v1,"{""iso"":""MISO"",""fuel"":""solar"",""mw"":200.0,""queue_year"":2024}",,2032-12-31,"ISO queue terminal status, observed in data/snapshots/",open,,
2026-09-02T12:03:36+00:00,interconnection,MISO:J3480||Allegan|SCOTT LAKE|2024-04-17T04:00:00+00:00,nan,0.155600,logistic-v1,"{""iso"":""MISO"",""fuel"":""storage"",""mw"":199.9,""queue_year"":2024}",,2032-12-31,"ISO queue terminal status, observed in data/snapshots/",open,,
2026-09-02T12:03:36+00:00,interconnection,MISO:J3472||Lapeer|Other_|2024-04-17T04:00:00+00:00,nan,0.279775,logistic-v1,"{""iso"":""MISO"",""fuel"":""solar"",""mw"":200.0,""queue_year"":2024}",,2032-12-31,"ISO queue terminal status, observed in data/snapshots/",open,,
2026-09-02T12:03:36+00:00,interconnection,MISO:J3479||Rapides|Hineston|2024-04-12T04:00:00+00:00,nan,0.302036,logistic-v1,"{""iso"":""MISO"",""fuel"":""solar"",""mw"":200.0,""queue_year"":2024}",,2032-12-31,"ISO queue terminal status, observed in data/snapshots/",open,,
2026-09-02T12:03:36+00:00,interconnection,MISO:J3633||Sanilac|GREENWOOD - RAPSON (BANNER) 345.0kV|2024-04-13T04:00:00+00:00,nan,0.279775,logistic-v1,"{""iso"":""MISO"",""fuel"":""solar"",""mw"":200.0,""queue_year"":2024}",,2032-12-31,"ISO queue terminal status, observed in data/snapshots/",open,,
2026-09-02T12:03:36+00:00,interconnection,MISO:J3470||Tuscola|Other_|2024-04-16T04:00:00+00:00,nan,0.320530,logistic-v1,"{""iso"":""MISO"",""fuel"":""solar"",""mw"":100.0,""queue_year"":2024}",,2032-12-31,"ISO queue terminal status, observed in data/snapshots/",open,,
2026-09-02T12:03:36+00:00,interconnection,MISO:J3481||Grant|J1577 Sub (337689)|2024-04-12T04:00:00+00:00,nan,0.175022,logistic-v1,"{""iso"":""MISO"",""fuel"":""solar"",""mw"":100.0,""queue_year"":2024}",,2032-12-31,"ISO queue terminal status, observed in data/snapshots/",open,,
2026-09-02T12:03:36+00:00,interconnection,MISO:J3496||Sanilac|GREENWOOD - RAPSON 345.0kV|2024-04-12T04:00:00+00:00,nan,0.220472,logistic-v1,"{""iso"":""MISO"",""fuel"":""wind"",""mw"":220.0,""queue_year"":2024}",,2032-12-31,"ISO queue terminal status, observed in data/snapshots/",open,,
2026-09-02T12:03:36+00:00,interconnection,MISO:J3338||Hamilton|7W_FRFT_E - 7NORRIS   345.0kV|2024-04-18T04:00:00+00:00,nan,0.340167,logistic-v1,"{""iso"":""MISO"",""fuel"":""wind"",""mw"":199.99,""queue_year"":2024}",,2032-12-31,"ISO queue terminal status, observed in data/snapshots/",open,,
2026-09-02T12:03:36+00:00,interconnection,MISO:J3353||Champaign|Rising|2024-04-18T04:00:00+00:00,nan,0.282298,logistic-v1,"{""iso"":""MISO"",""fuel"":""solar"",""mw"":191.3,""queue_year"":2024}",,2032-12-31,"ISO queue terminal status, observed in data/snapshots/",open,,
2026-09-02T12:03:36+00:00,interconnection,MISO:J3316||Washington|Okawville 138 kV|2024-05-06T04:00:00+00:00,nan,0.333533,logistic-v1,"{""iso"":""MISO"",""fuel"":""storage"",""mw"":150.0,""queue_year"":2024}",,2032-12-31,"ISO queue terminal status, observed in data/snapshots/",open,,
2026-09-02T12:03:36+00:00,interconnection,MISO:J3340||Vermilion|Rossville 138kV on the Hoopeston to Vermilion 138kV Line|2024-03-18T04:00:00+00:00,nan,0.417143,logistic-v1,"{""iso"":""MISO"",""fuel"":""solar"",""mw"":175.0,""queue_year"":2024}",,2032-12-31,"ISO queue terminal status, observed in data/snapshots/",open,,
2026-09-02T12:03:36+00:00,interconnection,MISO:J3352||Cape Girardeau|LUTESVILLE|2024-04-16T04:00:00+00:00,nan,0.213946,logistic-v1,"{""iso"":""MISO"",""fuel"":""storage"",""mw"":250.0,""queue_year"":2024}",,2032-12-31,"ISO queue terminal status, observed in data/snapshots/",open,,
2026-09-02T12:03:36+00:00,interconnection,MISO:J3387||Henry|Connersville  - New Castle 138.0kV|2024-04-18T04:00:00+00:00,nan,0.080585,logistic-v1,"{""iso"":""MISO"",""fuel"":""storage"",""mw"":150.0,""queue_year"":2024}",,2032-12-31,"ISO queue terminal status, observed in data/snapshots/",open,,
2026-09-02T12:03:36+00:00,interconnection,MISO:J3306||Perry|J3064|2024-04-16T04:00:00+00:00,nan,0.081006,logistic-v1,"{""iso"":""MISO"",""fuel"":""solar"",""mw"":150.0,""queue_year"":2024}",,2032-12-31,"ISO queue terminal status, observed in data/snapshots/",open,,
2026-09-02T12:03:36+00:00,interconnection,MISO:J3326||Lyon|Other_|2024-04-18T04:00:00+00:00,nan,0.233100,logistic-v1,"{""iso"":""MISO"",""fuel"":""wind"",""mw"":250.0,""queue_year"":2024}",,2032-12-31,"ISO queue terminal status, observed in data/snapshots/",open,,
2026-09-02T12:03:36+00:00,interconnection,MISO:R5066||Columbia|Columbia|2025-04-10T04:00:00+00:00,nan,0.312059,logistic-v1,"{""iso"":""MISO"",""fuel"":""storage"",""mw"":20.2,""queue_year"":2025}",,2033-12-31,"ISO queue terminal status, observed in data/snapshots/",open,,
2026-09-02T12:03:36+00:00,interconnection,MISO:J4000||Scott|7MEREDOSIA - 7TURNER 345.0kV|2025-04-29T04:00:00+00:00,nan,0.235762,logistic-v1,"{""iso"":""MISO"",""fuel"":""solar"",""mw"":343.0,""queue_year"":2025}",,2033-12-31,"ISO queue terminal status, observed in data/snapshots/",open,,
2026-09-02T12:03:36+00:00,interconnection,MISO:J4006||Ringgold|Orient - Denny 345kV|2025-05-07T04:00:00+00:00,nan,0.212278,logistic-v1,"{""iso"":""MISO"",""fuel"":""wind"",""mw"":289.8,""queue_year"":2025}",,2033-12-31,"ISO queue terminal status, observed in data/snapshots/",open,,
2026-09-02T12:03:36+00:00,interconnection,MISO:J3361||Bay|Other_|2024-04-12T04:00:00+00:00,nan,0.213609,logistic-v1,"{""iso"":""MISO"",""fuel"":""wind"",""mw"":254.0,""queue_year"":2024}",,2032-12-31,"ISO queue terminal status, observed in data/snapshots/",open,,
2026-09-02T12:03:36+00:00,interconnection,MISO:J3399||Goodhue|Hampton - Prairie Island 345.0kV|2024-04-09T04:00:00+00:00,nan,0.129034,logistic-v1,"{""iso"":""MISO"",""fuel"":""solar"",""mw"":300.0,""queue_year"":2024}",,2032-12-31,"ISO queue terminal status, observed in data/snapshots/",open,,
2026-09-02T12:03:36+00:00,interconnection,MISO:J4001||Marion|7MAYWOOD - 7PALMYRA  345.0kV|2025-04-29T04:00:00+00:00,nan,0.274191,logistic-v1,"{""iso"":""MISO"",""fuel"":""solar"",""mw"":245.0,""queue_year"":2025}",,2033-12-31,"ISO queue terminal status, observed in data/snapshots/",open,,
2026-09-02T12:03:36+00:00,interconnection,MISO:J3967||Huron|MINDEN|2025-04-01T04:00:00+00:00,nan,0.219371,logistic-v1,"{""iso"":""MISO"",""fuel"":""wind"",""mw"":170.0,""queue_year"":2025}",,2033-12-31,"ISO queue terminal status, observed in data/snapshots/",open,,
2026-09-02T12:03:36+00:00,interconnection,MISO:J3966||Huron|GRASSMERE|2025-04-01T04:00:00+00:00,nan,0.190722,logistic-v1,"{""iso"":""MISO"",""fuel"":""wind"",""mw"":318.0,""queue_year"":2025}",,2033-12-31,"ISO queue terminal status, observed in data/snapshots/",open,,
2026-09-02T12:03:36+00:00,interconnection,MISO:J3916||Saline|4HARCO    - 4MUDDY    138.0kV|2024-10-25T04:00:00+00:00,nan,0.455677,logistic-v1,"{""iso"":""MISO"",""fuel"":""solar"",""mw"":100.0,""queue_year"":2024}",,2032-12-31,"ISO queue terminal status, observed in data/snapshots/",open,,
2026-09-02T12:03:36+00:00,interconnection,MISO:J4002||Edgar|7KANSAS   - 08SUGCRK 345.0kV|2025-04-30T04:00:00+00:00,nan,0.193821,logistic-v1,"{""iso"":""MISO"",""fuel"":""storage"",""mw"":200.0,""queue_year"":2025}",,2033-12-31,"ISO queue terminal status, observed in data/snapshots/",open,,
2026-09-02T12:03:36+00:00,interconnection,MISO:J4003||Edgar|7KANSAS - 08SUGCRK 345.0kV|2025-04-30T04:00:00+00:00,nan,0.264172,logistic-v1,"{""iso"":""MISO"",""fuel"":""solar"",""mw"":200.0,""queue_year"":2025}",,2033-12-31,"ISO queue terminal status, observed in data/snapshots/",open,,
2026-09-02T12:03:36+00:00,interconnection,MISO:J4005||Sullivan|Petersburg - Sullivan (AEP/PJM) 345.0kV|2025-05-01T04:00:00+00:00,nan,0.355037,logistic-v1,"{""iso"":""MISO"",""fuel"":""gas"",""mw"":500.0,""queue_year"":2025}",,2033-12-31,"ISO queue terminal status, observed in data/snapshots/",open,,
2026-09-02T12:03:36+00:00,interconnection,MISO:J3964||Brookings|Split Rock - White (WAPA) 345.0kV|2025-04-07T04:00:00+00:00,nan,0.106552,logistic-v1,"{""iso"":""MISO"",""fuel"":""solar"",""mw"":490.0,""queue_year"":2025}",,2033-12-31,"ISO queue terminal status, observed in data/snapshots/",open,,
2026-09-02T12:03:36+00:00,interconnection,MISO:J3391||Coles|7CASEY    - 7KANSAS   345.0kV|2024-04-10T04:00:00+00:00,nan,0.340069,logistic-v1,"{""iso"":""MISO"",""fuel"":""wind"",""mw"":200.3,""queue_year"":2024}",,2032-12-31,"ISO queue terminal status, observed in data/snapshots/",open,,
2026-09-02T12:03:36+00:00,interconnection,MISO:J4070||Emmons|Linton NW|2025-10-07T04:00:00+00:00,nan,0.385151,logistic-v1,"{""iso"":""MISO"",""fuel"":""solar"",""mw"":40.0,""queue_year"":2025}",,2033-12-31,"ISO queue terminal status, observed in data/snapshots/",open,,
2026-09-02T12:03:36+00:00,interconnection,MISO:S1108||LaGrange|LAGRANGE|2025-07-18T04:00:00+00:00,nan,0.245422,logistic-v1,"{""iso"":""MISO"",""fuel"":""storage"",""mw"":100.0,""queue_year"":2025}",,2033-12-31,"ISO queue terminal status, observed in data/snapshots/",open,,
2026-09-02T12:03:36+00:00,interconnection,MISO:S1128||Sangamon|343515 Chatham Main - 346555 North Aurburn (Ameren) 138.0kV|2025-11-20T05:00:00+00:00,nan,0.057593,logistic-v1,"{""iso"":""MISO"",""fuel"":""storage"",""mw"":100.0,""queue_year"":2025}",,2033-12-31,"ISO queue terminal status, observed in data/snapshots/",open,,
2026-09-02T12:03:36+00:00,interconnection,MISO:S1123||Beauregard|Cole - Penton Road 230.0kV|2025-10-21T04:00:00+00:00,nan,0.211248,logistic-v1,"{""iso"":""MISO"",""fuel"":""storage"",""mw"":200.0,""queue_year"":2025}",,2033-12-31,"ISO queue terminal status, observed in data/snapshots/",open,,
2026-09-02T12:03:36+00:00,interconnection,MISO:S1163||Newton|MORRISON DITCH|2026-02-16T19:38:17+00:00,nan,0.211567,logistic-v1,"{""iso"":""MISO"",""fuel"":""storage"",""mw"":150.0,""queue_year"":2026}",,2034-12-31,"ISO queue terminal status, observed in data/snapshots/",open,,
2026-09-02T12:03:36+00:00,interconnection,MISO:J4195||Clinton|GREENWOOD - RAPSON 345.0kV|2025-10-09T04:00:00+00:00,nan,0.193265,logistic-v1,"{""iso"":""MISO"",""fuel"":""wind"",""mw"":300.0,""queue_year"":2025}",,2033-12-31,"ISO queue terminal status, observed in data/snapshots/",open,,
2026-09-02T12:03:36+00:00,interconnection,MISO:S1127||Washington|GERALD ANDRUS SES SWYD - TINNIN ROAD 230.0kV|2025-11-10T05:00:00+00:00,nan,0.218950,logistic-v1,"{""iso"":""MISO"",""fuel"":""storage"",""mw"":170.0,""queue_year"":2025}",,2030-06-01,"ISO queue terminal status, observed in data/snapshots/",open,,
2026-09-02T12:03:36+00:00,interconnection,MISO:S1129||Portage|Arnott - Golden Sands 138.0kV|2025-10-07T04:00:00+00:00,nan,0.261153,logistic-v1,"{""iso"":""MISO"",""fuel"":""storage"",""mw"":50.31,""queue_year"":2025}",,2033-12-31,"ISO queue terminal status, observed in data/snapshots/",open,,
2026-09-02T12:03:36+00:00,interconnection,MISO:J4029||Mississippi|Hybar 230kV|2025-06-03T04:00:00+00:00,nan,0.541761,logistic-v1,"{""iso"":""MISO"",""fuel"":""solar_storage"",""mw"":85.0,""queue_year"":2025}",,2033-12-31,"ISO queue terminal status, observed in data/snapshots/",open,,
2026-09-02T12:03:36+00:00,interconnection,MISO:J3999||Vermillion|Sugar Creek - Cayuga CT  345.0kV|2025-04-14T04:00:00+00:00,nan,0.100594,logistic-v1,"{""iso"":""MISO"",""fuel"":""gas"",""mw"":1540.0,""queue_year"":2025}",,2033-12-31,"ISO queue terminal status, observed in data/snapshots/",open,,
2026-09-02T12:03:36+00:00,interconnection,MISO:S1088||Benton|GRE-BENTON 7 115kV|2025-03-17T04:00:00+00:00,nan,0.245422,logistic-v1,"{""iso"":""MISO"",""fuel"":""storage"",""mw"":100.0,""queue_year"":2025}",,2033-12-31,"ISO queue terminal status, observed in data/snapshots/",open,,
2026-09-02T12:03:36+00:00,interconnection,MISO:S1114||Scott|Alsey Generation Station|2025-08-19T04:00:00+00:00,nan,0.400543,logistic-v1,"{""iso"":""MISO"",""fuel"":""solar"",""mw"":168.8,""queue_year"":2025}",,2033-12-31,"ISO queue terminal status, observed in data/snapshots/",open,,
2026-09-02T12:03:36+00:00,interconnection,MISO:J4084||Jefferson|Rhodair|2025-06-19T04:00:00+00:00,nan,0.631957,logistic-v1,"{""iso"":""MISO"",""fuel"":""other"",""mw"":0.0,""queue_year"":2025}",,2033-12-31,"ISO queue terminal status, observed in data/snapshots/",open,,
2026-09-02T12:03:36+00:00,interconnection,MISO:J4191||Iberville|WEBRE|2025-10-07T04:00:00+00:00,nan,0.162706,logistic-v1,"{""iso"":""MISO"",""fuel"":""gas"",""mw"":805.0,""queue_year"":2025}",,2033-12-31,"ISO queue terminal status, observed in data/snapshots/",open,,
2026-09-02T12:03:36+00:00,interconnection,MISO:J3830|||Other_|2024-04-16T04:00:00+00:00,nan,0.332777,logistic-v1,"{""iso"":""MISO"",""fuel"":""wind"",""mw"":225.0,""queue_year"":2024}",,2032-12-31,"ISO queue terminal status, observed in data/snapshots/",open,,
2026-09-02T12:03:36+00:00,interconnection,MISO:J4007||Peoria|7FARGO - 7SANDBURG 345.0kV|2025-05-15T04:00:00+00:00,nan,0.225442,logistic-v1,"{""iso"":""MISO"",""fuel"":""wind"",""mw"":150.0,""queue_year"":2025}",,2033-12-31,"ISO queue terminal status, observed in data/snapshots/",open,,
2026-09-02T12:03:36+00:00,interconnection,MISO:S1090||Kenosha|EAST PARIS|2025-01-31T05:00:00+00:00,nan,0.417583,logistic-v1,"{""iso"":""MISO"",""fuel"":""gas"",""mw"":133.0,""queue_year"":2025}",,2033-12-31,"ISO queue terminal status, observed in data/snapshots/",open,,
2026-09-02T12:03:36+00:00,interconnection,MISO:J4059||McLeod|Blue Lake - MCLEOD (GRE) 230.0kV|2025-08-20T04:00:00+00:00,nan,0.147874,logistic-v1,"{""iso"":""MISO"",""fuel"":""solar"",""mw"":129.0,""queue_year"":2025}",,2033-12-31,"ISO queue terminal status, observed in data/snapshots/",open,,
2026-09-02T12:03:36+00:00,interconnection,MISO:S1084||Greene|Worthington|2025-01-13T05:00:00+00:00,nan,0.225013,logistic-v1,"{""iso"":""MISO"",""fuel"":""storage"",""mw"":150.0,""queue_year"":2025}",,2033-12-31,"ISO queue terminal status, observed in data/snapshots/",open,,
2026-09-02T12:03:36+00:00,interconnection,MISO:J4058||Huron|WYATT|2025-08-22T04:00:00+00:00,nan,0.184211,logistic-v1,"{""iso"":""MISO"",""fuel"":""storage"",""mw"":250.0,""queue_year"":2025}",,2033-12-31,"ISO queue terminal status, observed in data/snapshots/",open,,
2026-09-02T12:03:36+00:00,interconnection,MISO:S1078||Rock|Magnolia|2025-02-18T05:00:00+00:00,nan,0.188140,logistic-v1,"{""iso"":""MISO"",""fuel"":""storage"",""mw"":72.0,""queue_year"":2025}",,2028-09-02,"ISO queue terminal status, observed in data/snapshots/",open,,
2026-09-02T12:03:36+00:00,interconnection,MISO:S1110||Chisago|CHISAGO COUNTY|2025-08-22T04:00:00+00:00,nan,0.110947,logistic-v1,"{""iso"":""MISO"",""fuel"":""storage"",""mw"":100.0,""queue_year"":2025}",,2028-09-02,"ISO queue terminal status, observed in data/snapshots/",open,,
2026-09-02T12:03:36+00:00,interconnection,MISO:J4092||Beauregard|Deridder - Longville 138.0kV|2025-10-07T04:00:00+00:00,nan,0.285684,logistic-v1,"{""iso"":""MISO"",""fuel"":""solar"",""mw"":200.0,""queue_year"":2025}",,2033-12-31,"ISO queue terminal status, observed in data/snapshots/",open,,
2026-09-02T12:03:36+00:00,interconnection,MISO:J4147||Clay|ALEXANDRIA - BISON 345.0kV|2025-10-03T04:00:00+00:00,nan,0.274191,logistic-v1,"{""iso"":""MISO"",""fuel"":""solar"",""mw"":245.0,""queue_year"":2025}",,2033-12-31,"ISO queue terminal status, observed in data/snapshots/",open,,
2026-09-02T12:03:36+00:00,interconnection,MISO:J4088||Lee|Wheatley 500 kV Switching Station (being built by J1710 & J1820)|2025-10-06T04:00:00+00:00,nan,0.444882,logistic-v1,"{""iso"":""MISO"",""fuel"":""solar_storage"",""mw"":340.0,""queue_year"":2025}",,2033-12-31,"ISO queue terminal status, observed in data/snapshots/",open,,
2026-09-02T12:03:36+00:00,interconnection,MISO:J4115||Fond du Lac|South Fond du Lac - Fitzgerald 345.0kV|2025-10-06T04:00:00+00:00,nan,0.327686,logistic-v1,"{""iso"":""MISO"",""fuel"":""gas"",""mw"":525.0,""queue_year"":2025}",,2033-12-31,"ISO queue terminal status, observed in data/snapshots/",open,,
2026-09-02T12:03:36+00:00,interconnection,MISO:J4199||Fulton|Canton South|2025-09-29T04:00:00+00:00,nan,0.299056,logistic-v1,"{""iso"":""MISO"",""fuel"":""storage"",""mw"":200.0,""queue_year"":2025}",,2033-12-31,"ISO queue terminal status, observed in data/snapshots/",open,,
2026-09-02T12:03:36+00:00,interconnection,MISO:J4204||Marion|South Belleville|2025-12-03T19:39:47+00:00,nan,0.299056,logistic-v1,"{""iso"":""MISO"",""fuel"":""storage"",""mw"":200.0,""queue_year"":2025}",,2033-12-31,"ISO queue terminal status, observed in data/snapshots/",open,,
2026-09-02T12:03:36+00:00,interconnection,MISO:S1126||Knox|Edwardsport Station IGCC|2025-10-23T04:00:00+00:00,nan,0.099135,logistic-v1,"{""iso"":""MISO"",""fuel"":""storage"",""mw"":50.0,""queue_year"":2025}",,2033-12-31,"ISO queue terminal status, observed in data/snapshots/",open,,
2026-09-02T12:03:36+00:00,interconnection,MISO:J4173||Wapello|Ottumwa Generating St. 161 kV|2025-10-07T04:00:00+00:00,nan,0.148476,logistic-v1,"{""iso"":""MISO"",""fuel"":""storage"",""mw"":199.0,""queue_year"":2025}",,2033-12-31,"ISO queue terminal status, observed in data/snapshots/",open,,
2026-09-02T12:03:36+00:00,interconnection,MISO:S1112||Pike|Cato 138/69kV (facilities above 100kV)|2025-08-11T04:00:00+00:00,nan,0.232083,logistic-v1,"{""iso"":""MISO"",""fuel"":""storage"",""mw"":130.0,""queue_year"":2025}",,2028-09-02,"ISO queue terminal status, observed in data/snapshots/",open,,
2026-09-02T12:03:36+00:00,interconnection,MISO:J4116||Walworth|Sugar Creek 345 kV|2025-10-06T04:00:00+00:00,nan,0.291973,logistic-v1,"{""iso"":""MISO"",""fuel"":""gas"",""mw"":950.0,""queue_year"":2025}",,2033-12-31,"ISO queue terminal status, observed in data/snapshots/",open,,
2026-09-02T12:03:36+00:00,interconnection,MISO:J4174||Poinsett|MARKED TREE|2025-10-07T04:00:00+00:00,nan,0.228403,logistic-v1,"{""iso"":""MISO"",""fuel"":""storage"",""mw"":140.0,""queue_year"":2025}",,2033-12-31,"ISO queue terminal status, observed in data/snapshots/",open,,
2026-09-02T12:03:36+00:00,interconnection,MISO:J3903||Mower|North Austin - Adams (ITC) 161.0kV|2025-02-19T05:00:00+00:00,nan,0.290172,logistic-v1,"{""iso"":""MISO"",""fuel"":""solar"",""mw"":185.0,""queue_year"":2025}",,2033-12-31,"ISO queue terminal status, observed in data/snapshots/",open,,
2026-09-02T12:03:36+00:00,interconnection,MISO:J3874||Union|White Bluff EHV|2024-12-19T05:00:00+00:00,nan,0.175537,logistic-v1,"{""iso"":""MISO"",""fuel"":""gas"",""mw"":770.0,""queue_year"":2024}",,2032-12-31,"ISO queue terminal status, observed in data/snapshots/",open,,
2026-09-02T12:03:36+00:00,interconnection,MISO:S1131||Perry|7JORD - 7CMDR 345.0kV|2025-11-11T05:00:00+00:00,nan,0.299056,logistic-v1,"{""iso"":""MISO"",""fuel"":""storage"",""mw"":200.0,""queue_year"":2025}",,2033-12-31,"ISO queue terminal status, observed in data/snapshots/",open,,
2026-09-02T12:03:36+00:00,interconnection,MISO:J3872||Wayne|RIVER ROUGE|2025-01-27T05:00:00+00:00,nan,0.170410,logistic-v1,"{""iso"":""MISO"",""fuel"":""storage"",""mw"":350.0,""queue_year"":2025}",,2033-12-31,"ISO queue terminal status, observed in data/snapshots/",open,,
2026-09-02T12:03:36+00:00,interconnection,MISO:J3936||Kenosha|PARIS 345kV Substation|2025-02-12T05:00:00+00:00,nan,0.417583,logistic-v1,"{""iso"":""MISO"",""fuel"":""gas"",""mw"":133.0,""queue_year"":2025}",,2033-12-31,"ISO queue terminal status, observed in data/snapshots/",open,,
2026-09-02T12:03:36+00:00,interconnection,MISO:R5085||||2025-12-29T05:00:00+00:00,nan,0.394205,logistic-v1,"{""iso"":""MISO"",""fuel"":""unknown"",""mw"":0.0,""queue_year"":2025}",,2033-12-31,"ISO queue terminal status, observed in data/snapshots/",open,,
2026-09-02T12:03:36+00:00,interconnection,MISO:J4211||||2025-11-15T02:56:26+00:00,nan,0.420257,logistic-v1,"{""iso"":""MISO"",""fuel"":""unknown"",""mw"":0.0,""queue_year"":2025}",,2033-12-31,"ISO queue terminal status, observed in data/snapshots/",open,,
2026-09-02T12:03:36+00:00,interconnection,MISO:R5073||||2025-12-17T05:00:00+00:00,nan,0.420257,logistic-v1,"{""iso"":""MISO"",""fuel"":""unknown"",""mw"":0.0,""queue_year"":2025}",,2033-12-31,"ISO queue terminal status, observed in data/snapshots/",open,,
2026-09-02T12:03:36+00:00,interconnection,MISO:R5074||||2025-12-18T02:41:58+00:00,nan,0.420257,logistic-v1,"{""iso"":""MISO"",""fuel"":""unknown"",""mw"":0.0,""queue_year"":2025}",,2033-12-31,"ISO queue terminal status, observed in data/snapshots/",open,,
2026-09-02T12:03:36+00:00,interconnection,MISO:S1149||||2026-02-09T05:00:00+00:00,nan,0.235910,logistic-v1,"{""iso"":""MISO"",""fuel"":""unknown"",""mw"":80.0,""queue_year"":2026}",,2034-12-31,"ISO queue terminal status, observed in data/snapshots/",open,,
2026-09-02T12:03:36+00:00,interconnection,MISO:J3736||Osage|LOOSE CREEK|2024-04-17T04:00:00+00:00,nan,0.260309,logistic-v1,"{""iso"":""MISO"",""fuel"":""storage"",""mw"":100.0,""queue_year"":2024}",,2032-12-31,"ISO queue terminal status, observed in data/snapshots/",open,,
2026-09-02T12:03:37+00:00,interconnection,MISO:J3597||Lonoke|WEST MEMPHIS EHV - KEO EHV 500.0kV|2024-04-18T04:00:00+00:00,nan,0.100563,logistic-v1,"{""iso"":""MISO"",""fuel"":""wind"",""mw"":348.0,""queue_year"":2024}",,2032-12-31,"ISO queue terminal status, observed in data/snapshots/",open,,
2026-09-02T12:03:37+00:00,interconnection,MISO:J4170||Richland|Hankinson - Wahpeton 230.0kV|2025-10-07T04:00:00+00:00,nan,0.492540,logistic-v1,"{""iso"":""MISO"",""fuel"":""solar_storage"",""mw"":172.0,""queue_year"":2025}",,2033-12-31,"ISO queue terminal status, observed in data/snapshots/",open,,
2026-09-02T12:03:37+00:00,interconnection,MISO:J3666||Morgan|Petersburg - Thompson 345.0kV|2024-04-17T04:00:00+00:00,nan,0.416277,logistic-v1,"{""iso"":""MISO"",""fuel"":""gas"",""mw"":263.7,""queue_year"":2024}",,2032-12-31,"ISO queue terminal status, observed in data/snapshots/",open,,
2026-09-02T12:03:37+00:00,interconnection,MISO:J3639||Columbia|Columbia - Rockdale 345.0kV|2024-04-17T04:00:00+00:00,nan,0.214360,logistic-v1,"{""iso"":""MISO"",""fuel"":""wind"",""mw"":250.0,""queue_year"":2024}",,2032-12-31,"ISO queue terminal status, observed in data/snapshots/",open,,
2026-09-02T12:03:37+00:00,interconnection,MISO:J3636||Tuscola|BAUER|2024-04-18T04:00:00+00:00,nan,0.219972,logistic-v1,"{""iso"":""MISO"",""fuel"":""storage"",""mw"":150.0,""queue_year"":2024}",,2032-12-31,"ISO queue terminal status, observed in data/snapshots/",open,,
2026-09-02T12:03:37+00:00,interconnection,MISO:J3685||Pike|4HULL     - 4MEPPEN T 138.0kV|2024-04-17T04:00:00+00:00,nan,0.455677,logistic-v1,"{""iso"":""MISO"",""fuel"":""solar"",""mw"":100.0,""queue_year"":2024}",,2032-12-31,"ISO queue terminal status, observed in data/snapshots/",open,,
2026-09-02T12:03:37+00:00,interconnection,MISO:J3686||Christian|4AUSTIN - 4TAYLORVL 138.0kV|2024-04-17T04:00:00+00:00,nan,0.411542,logistic-v1,"{""iso"":""MISO"",""fuel"":""solar"",""mw"":190.0,""queue_year"":2024}",,2032-12-31,"ISO queue terminal status, observed in data/snapshots/",open,,
2026-09-02T12:03:37+00:00,interconnection,MISO:J3730||Macoupin|MORO 345 kV Substation|2024-04-18T04:00:00+00:00,nan,0.314064,logistic-v1,"{""iso"":""MISO"",""fuel"":""wind"",""mw"":305.0,""queue_year"":2024}",,2032-12-31,"ISO queue terminal status, observed in data/snapshots/",open,,
2026-09-02T12:03:37+00:00,interconnection,MISO:J3688||White|Luse Road Substation|2024-04-17T04:00:00+00:00,nan,0.260309,logistic-v1,"{""iso"":""MISO"",""fuel"":""storage"",""mw"":100.0,""queue_year"":2024}",,2032-12-31,"ISO queue terminal status, observed in data/snapshots/",open,,
2026-09-02T12:03:37+00:00,interconnection,MISO:J3687||Fayette|4OTEGO - 4KINMUNDY 138.0kV|2024-04-16T04:00:00+00:00,nan,0.447214,logistic-v1,"{""iso"":""MISO"",""fuel"":""solar"",""mw"":113.0,""queue_year"":2024}",,2032-12-31,"ISO queue terminal status, observed in data/snapshots/",open,,
2026-09-02T12:03:37+00:00,interconnection,MISO:S1104||Fayette|Ramsey|2025-07-28T04:00:00+00:00,nan,0.341289,logistic-v1,"{""iso"":""MISO"",""fuel"":""storage"",""mw"":100.0,""queue_year"":2025}",,2033-12-31,"ISO queue terminal status, observed in data/snapshots/",open,,
2026-09-02T12:03:37+00:00,interconnection,MISO:J3762||Clay|ALEXANDRIA - BISON 345.0kV|2024-04-18T04:00:00+00:00,nan,0.258664,logistic-v1,"{""iso"":""MISO"",""fuel"":""solar"",""mw"":430.0,""queue_year"":2024}",,2032-12-31,"ISO queue terminal status, observed in data/snapshots/",open,,
2026-09-02T12:03:37+00:00,interconnection,MISO:S1150||||2026-03-24T04:19:00+00:00,nan,0.235910,logistic-v1,"{""iso"":""MISO"",""fuel"":""unknown"",""mw"":80.0,""queue_year"":2026}",,2034-12-31,"ISO queue terminal status, observed in data/snapshots/",open,,
2026-09-02T12:03:37+00:00,interconnection,MISO:J4238||||2026-04-10T01:25:06+00:00,nan,0.214175,logistic-v1,"{""iso"":""MISO"",""fuel"":""unknown"",""mw"":125.0,""queue_year"":2026}",,2034-12-31,"ISO queue terminal status, observed in data/snapshots/",open,,
2026-09-02T12:03:37+00:00,interconnection,MISO:J3292||Phillips|RITCHIE SWYD - TARLETON 230.0kV|2024-04-17T04:00:00+00:00,nan,0.116578,logistic-v1,"{""iso"":""MISO"",""fuel"":""wind"",""mw"":193.0,""queue_year"":2024}",,2032-12-31,"ISO queue terminal status, observed in data/snapshots/",open,,
2026-09-02T12:03:37+00:00,interconnection,MISO:J3291||LaGrange|HIPLE|2024-04-17T04:00:00+00:00,nan,0.224679,logistic-v1,"{""iso"":""MISO"",""fuel"":""storage"",""mw"":200.0,""queue_year"":2024}",,2032-12-31,"ISO queue terminal status, observed in data/snapshots/",open,,
2026-09-02T12:03:37+00:00,interconnection,MISO:J3681||McLean|7CLINTON  - 7BROKAW 345.0kV|2024-04-18T04:00:00+00:00,nan,0.315067,logistic-v1,"{""iso"":""MISO"",""fuel"":""wind"",""mw"":300.0,""queue_year"":2024}",,2032-12-31,"ISO queue terminal status, observed in data/snapshots/",open,,
2026-09-02T12:03:37+00:00,interconnection,MISO:J4207||||2025-12-20T03:36:16+00:00,nan,0.111333,logistic-v1,"{""iso"":""MISO"",""fuel"":""unknown"",""mw"":100.0,""queue_year"":2025}",,2033-12-31,"ISO queue terminal status, observed in data/snapshots/",open,,
2026-09-02T12:03:37+00:00,interconnection,MISO:R5094||||2026-01-03T07:08:00+00:00,nan,0.111809,logistic-v1,"{""iso"":""MISO"",""fuel"":""unknown"",""mw"":0.0,""queue_year"":2026}",,2034-12-31,"ISO queue terminal status, observed in data/snapshots/",open,,
2026-09-02T12:03:37+00:00,interconnection,MISO:S1154||||2026-03-10T21:41:58+00:00,nan,0.139836,logistic-v1,"{""iso"":""MISO"",""fuel"":""unknown"",""mw"":150.0,""queue_year"":2026}",,2034-12-31,"ISO queue terminal status, observed in data/snapshots/",open,,
2026-09-02T12:03:37+00:00,interconnection,MISO:J4223||||2026-03-11T20:22:10+00:00,nan,0.051270,logistic-v1,"{""iso"":""MISO"",""fuel"":""unknown"",""mw"":250.0,""queue_year"":2026}",,2034-12-31,"ISO queue terminal status, observed in data/snapshots/",open,,
2026-09-02T12:03:37+00:00,interconnection,MISO:J3289||Sherburne|ELK RIVER 14|2024-04-17T04:00:00+00:00,nan,0.584967,logistic-v1,"{""iso"":""MISO"",""fuel"":""solar_storage"",""mw"":60.0,""queue_year"":2024}",,2032-12-31,"ISO queue terminal status, observed in data/snapshots/",open,,
2026-09-02T12:03:37+00:00,interconnection,MISO:J3674||Jasper|4NEWTON   - 4WISEMAN 138.0kV|2024-04-17T04:00:00+00:00,nan,0.455677,logistic-v1,"{""iso"":""MISO"",""fuel"":""solar"",""mw"":100.0,""queue_year"":2024}",,2032-12-31,"ISO queue terminal status, observed in data/snapshots/",open,,
2026-09-02T12:03:37+00:00,interconnection,MISO:S1138||||2025-12-13T01:31:09+00:00,nan,0.111333,logistic-v1,"{""iso"":""MISO"",""fuel"":""unknown"",""mw"":100.0,""queue_year"":2025}",,2033-12-31,"ISO queue terminal status, observed in data/snapshots/",open,,
2026-09-02T12:03:37+00:00,interconnection,MISO:J4206||||2025-12-20T03:35:57+00:00,nan,0.111333,logistic-v1,"{""iso"":""MISO"",""fuel"":""unknown"",""mw"":100.0,""queue_year"":2025}",,2033-12-31,"ISO queue terminal status, observed in data/snapshots/",open,,
2026-09-02T12:03:37+00:00,interconnection,MISO:S1148||Rock|Magnolia|2026-01-09T03:31:13+00:00,nan,0.052422,logistic-v1,"{""iso"":""MISO"",""fuel"":""unknown"",""mw"":230.0,""queue_year"":2026}",,2034-12-31,"ISO queue terminal status, observed in data/snapshots/",open,,
2026-09-02T12:03:37+00:00,interconnection,MISO:J3840||St. Landry|Wells|2024-12-31T05:00:00+00:00,nan,0.205450,logistic-v1,"{""iso"":""MISO"",""fuel"":""storage"",""mw"":300.0,""queue_year"":2024}",,2032-12-31,"ISO queue terminal status, observed in data/snapshots/",open,,
2026-09-02T12:03:37+00:00,interconnection,MISO:J4209||||2025-12-20T03:34:56+00:00,nan,0.111333,logistic-v1,"{""iso"":""MISO"",""fuel"":""unknown"",""mw"":100.0,""queue_year"":2025}",,2033-12-31,"ISO queue terminal status, observed in data/snapshots/",open,,
2026-09-02T12:03:37+00:00,interconnection,MISO:J3679||LaPorte|BABCOCK - STILLWELL 345.0kV|2024-04-18T04:00:00+00:00,nan,0.319729,logistic-v1,"{""iso"":""MISO"",""fuel"":""solar"",""mw"":149.0,""queue_year"":2024}",,2032-12-31,"ISO queue terminal status, observed in data/snapshots/",open,,
2026-09-02T12:03:37+00:00,interconnection,MISO:S1130||||2026-01-29T22:56:59+00:00,nan,0.084452,logistic-v1,"{""iso"":""MISO"",""fuel"":""unknown"",""mw"":225.0,""queue_year"":2026}",,2034-12-31,"ISO queue terminal status, observed in data/snapshots/",open,,
2026-09-02T12:03:37+00:00,interconnection,MISO:S1136||||2025-12-19T22:52:01+00:00,nan,0.111333,logistic-v1,"{""iso"":""MISO"",""fuel"":""unknown"",""mw"":100.0,""queue_year"":2025}",,2033-12-31,"ISO queue terminal status, observed in data/snapshots/",open,,
2026-09-02T12:03:37+00:00,interconnection,MISO:R5089||||2026-01-01T00:47:48+00:00,nan,0.204490,logistic-v1,"{""iso"":""MISO"",""fuel"":""unknown"",""mw"":0.0,""queue_year"":2026}",,2034-12-31,"ISO queue terminal status, observed in data/snapshots/",open,,
2026-09-02T12:03:37+00:00,interconnection,MISO:S1147||||2026-01-17T01:27:24+00:00,nan,0.096765,logistic-v1,"{""iso"":""MISO"",""fuel"":""unknown"",""mw"":132.0,""queue_year"":2026}",,2034-12-31,"ISO queue terminal status, observed in data/snapshots/",open,,
2026-09-02T12:03:37+00:00,interconnection,MISO:S1158||Story|Story County|2026-02-06T05:00:00+00:00,nan,0.140845,logistic-v1,"{""iso"":""MISO"",""fuel"":""unknown"",""mw"":99.0,""queue_year"":2026}",,2034-12-31,"ISO queue terminal status, observed in data/snapshots/",open,,
2026-09-02T12:03:37+00:00,interconnection,MISO:S1133||Sangamon|343515 Chatham Main - 346555 North Aurburn (Ameren) 138.0kV|2026-02-11T05:00:00+00:00,nan,0.130405,logistic-v1,"{""iso"":""MISO"",""fuel"":""unknown"",""mw"":200.0,""queue_year"":2026}",,2034-12-31,"ISO queue terminal status, observed in data/snapshots/",open,,
2026-09-02T12:03:37+00:00,interconnection,MISO:R5090||||2025-12-30T00:33:06+00:00,nan,0.217611,logistic-v1,"{""iso"":""MISO"",""fuel"":""unknown"",""mw"":0.0,""queue_year"":2025}",,2033-12-31,"ISO queue terminal status, observed in data/snapshots/",open,,
2026-09-02T12:03:37+00:00,interconnection,MISO:S1144||||2026-02-10T05:00:00+00:00,nan,0.087046,logistic-v1,"{""iso"":""MISO"",""fuel"":""unknown"",""mw"":200.0,""queue_year"":2026}",,2034-12-31,"ISO queue terminal status, observed in data/snapshots/",open,,
2026-09-02T12:03:37+00:00,interconnection,MISO:S1165||||2026-03-31T02:47:33+00:00,nan,0.150482,logistic-v1,"{""iso"":""MISO"",""fuel"":""unknown"",""mw"":75.0,""queue_year"":2026}",,2034-12-31,"ISO queue terminal status, observed in data/snapshots/",open,,
2026-09-02T12:03:37+00:00,interconnection,MISO:J4215||||2026-02-18T02:47:47+00:00,nan,0.103850,logistic-v1,"{""iso"":""MISO"",""fuel"":""unknown"",""mw"":500.0,""queue_year"":2026}",,2034-12-31,"ISO queue terminal status, observed in data/snapshots/",open,,
2026-09-02T12:03:37+00:00,interconnection,MISO:S1152||||2026-04-15T07:38:42+00:00,nan,0.142424,logistic-v1,"{""iso"":""MISO"",""fuel"":""unknown"",""mw"":139.0,""queue_year"":2026}",,2034-12-31,"ISO queue terminal status, observed in data/snapshots/",open,,
2026-09-02T12:03:37+00:00,interconnection,MISO:J3870||Vigo|SUGAR CREEK|2024-12-23T05:00:00+00:00,nan,0.213527,logistic-v1,"{""iso"":""MISO"",""fuel"":""gas"",""mw"":87.0,""queue_year"":2024}",,2028-09-02,"ISO queue terminal status, observed in data/snapshots/",open,,
2026-09-02T12:03:37+00:00,interconnection,MISO:J4212||||2026-02-18T07:21:38+00:00,nan,0.127349,logistic-v1,"{""iso"":""MISO"",""fuel"":""unknown"",""mw"":150.0,""queue_year"":2026}",,2034-12-31,"ISO queue terminal status, observed in data/snapshots/",open,,
2026-09-02T12:03:37+00:00,interconnection,MISO:J4213||||2026-02-18T03:20:21+00:00,nan,0.113576,logistic-v1,"{""iso"":""MISO"",""fuel"":""unknown"",""mw"":350.0,""queue_year"":2026}",,2034-12-31,"ISO queue terminal status, observed in data/snapshots/",open,,
2026-09-02T12:03:37+00:00,interconnection,MISO:R5097||Morehouse Parish|Sterlington - Bastrop 115 kV|2026-02-04T06:30:30+00:00,nan,0.401184,logistic-v1,"{""iso"":""MISO"",""fuel"":""unknown"",""mw"":0.0,""queue_year"":2026}",,2034-12-31,"ISO queue terminal status, observed in data/snapshots/",open,,
2026-09-02T12:03:37+00:00,interconnection,MISO:R5091||||2026-01-09T02:25:07+00:00,nan,0.401184,logistic-v1,"{""iso"":""MISO"",""fuel"":""unknown"",""mw"":0.0,""queue_year"":2026}",,2034-12-31,"ISO queue terminal status, observed in data/snapshots/",open,,
2026-09-02T12:03:37+00:00,interconnection,MISO:J4231||Pike||2026-03-20T19:05:07+00:00,nan,0.109846,logistic-v1,"{""iso"":""MISO"",""fuel"":""unknown"",""mw"":400.0,""queue_year"":2026}",,2034-12-31,"ISO queue terminal status, observed in data/snapshots/",open,,
2026-09-02T12:03:37+00:00,interconnection,MISO:R5082||||2026-02-03T20:14:47+00:00,nan,0.298719,logistic-v1,"{""iso"":""MISO"",""fuel"":""unknown"",""mw"":0.0,""queue_year"":2026}",,2034-12-31,"ISO queue terminal status, observed in data/snapshots/",open,,
2026-09-02T12:03:37+00:00,interconnection,MISO:J4249||||2026-06-03T17:30:43+00:00,nan,0.140506,logistic-v1,"{""iso"":""MISO"",""fuel"":""unknown"",""mw"":100.0,""queue_year"":2026}",,2034-12-31,"ISO queue terminal status, observed in data/snapshots/",open,,
2026-09-02T12:03:37+00:00,interconnection,MISO:J4245||||2026-06-25T20:02:21+00:00,nan,0.093060,logistic-v1,"{""iso"":""MISO"",""fuel"":""unknown"",""mw"":770.0,""queue_year"":2026}",,2034-12-31,"ISO queue terminal status, observed in data/snapshots/",open,,
2026-09-02T12:03:37+00:00,interconnection,MISO:J4222||||2026-03-11T20:22:09+00:00,nan,0.118016,logistic-v1,"{""iso"":""MISO"",""fuel"":""unknown"",""mw"":300.0,""queue_year"":2026}",,2034-12-31,"ISO queue terminal status, observed in data/snapshots/",open,,
2026-09-02T12:03:37+00:00,interconnection,MISO:J4214||||2026-02-18T02:43:26+00:00,nan,0.103850,logistic-v1,"{""iso"":""MISO"",""fuel"":""unknown"",""mw"":500.0,""queue_year"":2026}",,2034-12-31,"ISO queue terminal status, observed in data/snapshots/",open,,
2026-09-02T12:03:37+00:00,interconnection,MISO:J4254||||2026-08-08T05:14:01+00:00,nan,0.183254,logistic-v1,"{""iso"":""MISO"",""fuel"":""unknown"",""mw"":250.0,""queue_year"":2026}",,2034-12-31,"ISO queue terminal status, observed in data/snapshots/",open,,
2026-09-02T12:03:37+00:00,interconnection,MISO:J4244||||2026-06-06T02:06:17+00:00,nan,0.154055,logistic-v1,"{""iso"":""MISO"",""fuel"":""unknown"",""mw"":100.0,""queue_year"":2026}",,2034-12-31,"ISO queue terminal status, observed in data/snapshots/",open,,
2026-09-02T12:03:37+00:00,interconnection,MISO:S1167||Coles|Greenway 138 kV|2026-07-02T04:00:00+00:00,nan,0.225358,logistic-v1,"{""iso"":""MISO"",""fuel"":""unknown"",""mw"":99.0,""queue_year"":2026}",,2034-12-31,"ISO queue terminal status, observed in data/snapshots/",open,,
2026-09-02T12:03:37+00:00,interconnection,MISO:J4243||||2026-06-08T02:28:38+00:00,nan,0.154055,logistic-v1,"{""iso"":""MISO"",""fuel"":""unknown"",""mw"":100.0,""queue_year"":2026}",,2034-12-31,"ISO queue terminal status, observed in data/snapshots/",open,,
2026-09-02T12:03:37+00:00,interconnection,MISO:J3233||Yellow Medicine|Canby 115 kV Substation|2024-03-28T04:00:00+00:00,nan,0.323539,logistic-v1,"{""iso"":""MISO"",""fuel"":""solar"",""mw"":140.0,""queue_year"":2024}",,2032-12-31,"ISO queue terminal status, observed in data/snapshots/",open,,
2026-09-02T12:03:37+00:00,interconnection,MISO:J3283||Grand Traverse|KEYSTONE - WEXFORD 138.0kV|2024-04-15T04:00:00+00:00,nan,0.250442,logistic-v1,"{""iso"":""MISO"",""fuel"":""solar"",""mw"":100.0,""queue_year"":2024}",,2032-12-31,"ISO queue terminal status, observed in data/snapshots/",open,,
2026-09-02T12:03:37+00:00,interconnection,MISO:J3235||Benton|Cherry Park Substation|2024-03-28T04:00:00+00:00,nan,0.213946,logistic-v1,"{""iso"":""MISO"",""fuel"":""storage"",""mw"":250.0,""queue_year"":2024}",,2032-12-31,"ISO queue terminal status, observed in data/snapshots/",open,,
2026-09-02T12:03:37+00:00,interconnection,MISO:J3236||Chisago|Chisago County 115kV Substation|2024-03-28T04:00:00+00:00,nan,0.100062,logistic-v1,"{""iso"":""MISO"",""fuel"":""storage"",""mw"":200.0,""queue_year"":2024}",,2032-12-31,"ISO queue terminal status, observed in data/snapshots/",open,,
2026-09-02T12:03:37+00:00,interconnection,MISO:J3282||Mason|KEYSTONE - LUDINGTON 345.0kV|2024-04-15T04:00:00+00:00,nan,0.250442,logistic-v1,"{""iso"":""MISO"",""fuel"":""solar"",""mw"":100.0,""queue_year"":2024}",,2032-12-31,"ISO queue terminal status, observed in data/snapshots/",open,,
2026-09-02T12:03:37+00:00,interconnection,MISO:J3280||Dickey|Ellendale|2024-04-17T04:00:00+00:00,nan,0.224060,logistic-v1,"{""iso"":""MISO"",""fuel"":""wind"",""mw"":300.0,""queue_year"":2024}",,2032-12-31,"ISO queue terminal status, observed in data/snapshots/",open,,
2026-09-02T12:03:37+00:00,interconnection,MISO:J3466||Winnebago|FTZGERLD|2024-04-16T04:00:00+00:00,nan,0.320530,logistic-v1,"{""iso"":""MISO"",""fuel"":""solar"",""mw"":100.0,""queue_year"":2024}",,2032-12-31,"ISO queue terminal status, observed in data/snapshots/",open,,
2026-09-02T12:03:37+00:00,interconnection,MISO:J3465||Isanti|CAMBRIDGE|2024-03-27T04:00:00+00:00,nan,0.611906,logistic-v1,"{""iso"":""MISO"",""fuel"":""solar_storage"",""mw"":40.0,""queue_year"":2024}",,2032-12-31,"ISO queue terminal status, observed in data/snapshots/",open,,
2026-09-02T12:03:37+00:00,interconnection,MISO:J4247||||2026-06-24T22:51:21+00:00,nan,0.216105,logistic-v1,"{""iso"":""MISO"",""fuel"":""unknown"",""mw"":120.0,""queue_year"":2026}",,2034-12-31,"ISO queue terminal status, observed in data/snapshots/",open,,
2026-09-02T12:03:37+00:00,interconnection,MISO:J4248||||2026-06-25T19:26:56+00:00,nan,0.093060,logistic-v1,"{""iso"":""MISO"",""fuel"":""unknown"",""mw"":770.0,""queue_year"":2026}",,2034-12-31,"ISO queue terminal status, observed in data/snapshots/",open,,
2026-09-02T12:03:37+00:00,interconnection,MISO:J3558||Champaign|Rising|2024-04-18T04:00:00+00:00,nan,0.188386,logistic-v1,"{""iso"":""MISO"",""fuel"":""storage"",""mw"":300.0,""queue_year"":2024}",,2032-12-31,"ISO queue terminal status, observed in data/snapshots/",open,,
2026-09-02T12:03:37+00:00,interconnection,MISO:J3564||Newton|Other_|2024-04-18T04:00:00+00:00,nan,0.228344,logistic-v1,"{""iso"":""MISO"",""fuel"":""wind"",""mw"":275.0,""queue_year"":2024}",,2032-12-31,"ISO queue terminal status, observed in data/snapshots/",open,,
2026-09-02T12:03:37+00:00,interconnection,MISO:J3495||Greene|Merom Primary - Worthington Primary 345.0kV|2024-04-15T04:00:00+00:00,nan,0.296422,logistic-v1,"{""iso"":""MISO"",""fuel"":""solar"",""mw"":220.0,""queue_year"":2024}",,2032-12-31,"ISO queue terminal status, observed in data/snapshots/",open,,
2026-09-02T12:03:37+00:00,interconnection,MISO:J3539||Alcona|ALPENA - SPRUCE ROAD 138.0kV|2024-03-28T04:00:00+00:00,nan,0.242334,logistic-v1,"{""iso"":""MISO"",""fuel"":""solar"",""mw"":116.9,""queue_year"":2024}",,2032-12-31,"ISO queue terminal status, observed in data/snapshots/",open,,
2026-09-02T12:03:37+00:00,interconnection,MISO:J3565||Champaign|Rising|2024-04-18T04:00:00+00:00,nan,0.240066,logistic-v1,"{""iso"":""MISO"",""fuel"":""storage"",""mw"":100.0,""queue_year"":2024}",,2032-12-31,"ISO queue terminal status, observed in data/snapshots/",open,,
2026-09-02T12:03:37+00:00,interconnection,MISO:J3566||McLean|Other_|2024-04-18T04:00:00+00:00,nan,0.225601,logistic-v1,"{""iso"":""MISO"",""fuel"":""wind"",""mw"":198.0,""queue_year"":2024}",,2032-12-31,"ISO queue terminal status, observed in data/snapshots/",open,,
2026-09-02T12:03:37+00:00,interconnection,MISO:J3384||Big Stone|Big Stone South - Alexandria 345kV|2024-04-17T04:00:00+00:00,nan,0.224060,logistic-v1,"{""iso"":""MISO"",""fuel"":""wind"",""mw"":300.0,""queue_year"":2024}",,2032-12-31,"ISO queue terminal status, observed in data/snapshots/",open,,
2026-09-02T12:03:37+00:00,interconnection,MISO:J3313||Lenawee|MOROCCO  - ALLEN JUNCTION 345.0kV|2024-04-16T04:00:00+00:00,nan,0.160029,logistic-v1,"{""iso"":""MISO"",""fuel"":""wind"",""mw"":263.0,""queue_year"":2024}",,2032-12-31,"ISO queue terminal status, observed in data/snapshots/",open,,
2026-09-02T12:03:37+00:00,interconnection,MISO:J3436||Daviess|Other_|2024-04-17T04:00:00+00:00,nan,0.279775,logistic-v1,"{""iso"":""MISO"",""fuel"":""solar"",""mw"":200.0,""queue_year"":2024}",,2032-12-31,"ISO queue terminal status, observed in data/snapshots/",open,,
2026-09-02T12:03:37+00:00,interconnection,MISO:J3434||Kandiyohi|Willmar|2024-03-18T04:00:00+00:00,nan,0.302036,logistic-v1,"{""iso"":""MISO"",""fuel"":""solar"",""mw"":200.0,""queue_year"":2024}",,2032-12-31,"ISO queue terminal status, observed in data/snapshots/",open,,
2026-09-02T12:03:37+00:00,interconnection,MISO:J3803||Monroe|LEMOYNE - MAJESTIC 345.0kV|2024-04-18T04:00:00+00:00,nan,0.279775,logistic-v1,"{""iso"":""MISO"",""fuel"":""solar"",""mw"":200.0,""queue_year"":2024}",,2032-12-31,"ISO queue terminal status, observed in data/snapshots/",open,,
2026-09-02T12:03:37+00:00,interconnection,MISO:J3815||St. Charles|Waterford 3 SWYD|2024-06-29T04:00:00+00:00,nan,0.679248,logistic-v1,"{""iso"":""MISO"",""fuel"":""nuclear"",""mw"":153.1,""queue_year"":2024}",,2032-12-31,"ISO queue terminal status, observed in data/snapshots/",open,,
2026-09-02T12:03:37+00:00,interconnection,MISO:J3782||Saginaw|18MURPHY|2024-04-18T04:00:00+00:00,nan,0.159508,logistic-v1,"{""iso"":""MISO"",""fuel"":""storage"",""mw"":180.0,""queue_year"":2024}",,2032-12-31,"ISO queue terminal status, observed in data/snapshots/",open,,
2026-09-02T12:03:37+00:00,interconnection,MISO:J3994||Monroe|18MOROCCO 256583|2025-04-17T04:00:00+00:00,nan,0.126136,logistic-v1,"{""iso"":""MISO"",""fuel"":""storage"",""mw"":360.0,""queue_year"":2025}",,2033-12-31,"ISO queue terminal status, observed in data/snapshots/",open,,
2026-09-02T12:03:37+00:00,interconnection,MISO:J3996||St. Charles|SIOUX|2025-04-29T04:00:00+00:00,nan,0.265560,logistic-v1,"{""iso"":""MISO"",""fuel"":""gas"",""mw"":2220.0,""queue_year"":2025}",,2033-12-31,"ISO queue terminal status, observed in data/snapshots/",open,,
2026-09-02T12:03:37+00:00,interconnection,MISO:J3787||Stutsman|Jamestown 345 kV Substation|2024-04-16T04:00:00+00:00,nan,0.289682,logistic-v1,"{""iso"":""MISO"",""fuel"":""solar"",""mw"":247.0,""queue_year"":2024}",,2032-12-31,"ISO queue terminal status, observed in data/snapshots/",open,,
2026-09-02T12:03:37+00:00,interconnection,MISO:J3784||Ozaukee|Saukville (Cedarsauk)|2024-04-18T04:00:00+00:00,nan,0.206434,logistic-v1,"{""iso"":""MISO"",""fuel"":""storage"",""mw"":200.0,""queue_year"":2024}",,2032-12-31,"ISO queue terminal status, observed in data/snapshots/",open,,
2026-09-02T12:03:37+00:00,interconnection,MISO:S1101||St. Francis|BRINKLEY EAST - AECC AUBREY 230.0kV|2025-06-16T04:00:00+00:00,nan,0.097574,logistic-v1,"{""iso"":""MISO"",""fuel"":""storage"",""mw"":200.0,""queue_year"":2025}",,2028-09-02,"ISO queue terminal status, observed in data/snapshots/",open,,
2026-09-02T12:03:37+00:00,interconnection,MISO:J3982||Lonoke|WEST MEMPHIS EHV - KEO EHV 500.0kV|2024-12-24T05:00:00+00:00,nan,0.102759,logistic-v1,"{""iso"":""MISO"",""fuel"":""wind"",""mw"":319.5,""queue_year"":2024}",,2032-12-31,"ISO queue terminal status, observed in data/snapshots/",open,,
2026-09-02T12:03:37+00:00,interconnection,MISO:S1095||Perry|7ASTER - 7CMDR 345.0kV|2025-04-22T04:00:00+00:00,nan,0.193821,logistic-v1,"{""iso"":""MISO"",""fuel"":""storage"",""mw"":200.0,""queue_year"":2025}",,2033-12-31,"ISO queue terminal status, observed in data/snapshots/",open,,
2026-09-02T12:03:37+00:00,interconnection,MISO:J3941||Deuel|Astoria 345kV substation|2025-03-26T04:00:00+00:00,nan,0.303590,logistic-v1,"{""iso"":""MISO"",""fuel"":""gas"",""mw"":1144.0,""queue_year"":2025}",,2033-12-31,"ISO queue terminal status, observed in data/snapshots/",open,,
2026-09-02T12:03:37+00:00,interconnection,MISO:J3959||Grundy|Other_|2025-04-17T04:00:00+00:00,nan,0.264172,logistic-v1,"{""iso"":""MISO"",""fuel"":""solar"",""mw"":200.0,""queue_year"":2025}",,2033-12-31,"ISO queue terminal status, observed in data/snapshots/",open,,
2026-09-02T12:03:37+00:00,interconnection,MISO:J3960||Lac qui Parle|Big Stone South - Deuel County 345.0kV|2025-04-08T04:00:00+00:00,nan,0.210656,logistic-v1,"{""iso"":""MISO"",""fuel"":""wind"",""mw"":300.0,""queue_year"":2025}",,2033-12-31,"ISO queue terminal status, observed in data/snapshots/",open,,
2026-09-02T12:03:37+00:00,interconnection,MISO:J3962||Bay|BAUER - HAMPTON 1 345.0kV|2025-03-12T04:00:00+00:00,nan,0.384366,logistic-v1,"{""iso"":""MISO"",""fuel"":""solar_storage"",""mw"":165.0,""queue_year"":2025}",,2033-12-31,"ISO queue terminal status, observed in data/snapshots/",open,,
2026-09-02T12:03:37+00:00,interconnection,MISO:R5070||Linn|Duane Arnold (ARNOLD 5)|2025-08-26T04:00:00+00:00,nan,0.618821,logistic-v1,"{""iso"":""MISO"",""fuel"":""nuclear"",""mw"":64.0,""queue_year"":2025}",,2028-09-02,"ISO queue terminal status, observed in data/snapshots/",open,,
2026-09-02T12:03:37+00:00,interconnection,MISO:S1107||Clinton|Calamus East|2025-07-08T04:00:00+00:00,nan,0.148298,logistic-v1,"{""iso"":""MISO"",""fuel"":""storage"",""mw"":200.0,""queue_year"":2025}",,2028-09-02,"ISO queue terminal status, observed in data/snapshots/",open,,
2026-09-02T12:03:37+00:00,interconnection,MISO:J3556||Montgomery|7COFFEEN  - 7PANA     345.0kV|2024-04-18T04:00:00+00:00,nan,0.393005,logistic-v1,"{""iso"":""MISO"",""fuel"":""solar"",""mw"":250.0,""queue_year"":2024}",,2032-12-31,"ISO queue terminal status, observed in data/snapshots/",open,,
2026-09-02T12:03:37+00:00,interconnection,MISO:J4056||Marshall|Lehigh - Marshalltown (Twinkle) 345kV|2025-08-27T04:00:00+00:00,nan,0.209126,logistic-v1,"{""iso"":""MISO"",""fuel"":""wind"",""mw"":310.0,""queue_year"":2025}",,2033-12-31,"ISO queue terminal status, observed in data/snapshots/",open,,
2026-09-02T12:03:37+00:00,interconnection,MISO:J4055||Ionia|Peddler|2025-08-29T04:00:00+00:00,nan,0.212130,logistic-v1,"{""iso"":""MISO"",""fuel"":""wind"",""mw"":198.0,""queue_year"":2025}",,2033-12-31,"ISO queue terminal status, observed in data/snapshots/",open,,
2026-09-02T12:03:37+00:00,interconnection,MISO:J3357||Kosciusko|LEESBURG|2024-04-15T04:00:00+00:00,nan,0.224679,logistic-v1,"{""iso"":""MISO"",""fuel"":""storage"",""mw"":200.0,""queue_year"":2024}",,2032-12-31,"ISO queue terminal status, observed in data/snapshots/",open,,
2026-09-02T12:03:37+00:00,interconnection,MISO:J3785||Kenosha|Pleasant Prairie|2024-04-18T04:00:00+00:00,nan,0.206434,logistic-v1,"{""iso"":""MISO"",""fuel"":""storage"",""mw"":200.0,""queue_year"":2024}",,2032-12-31,"ISO queue terminal status, observed in data/snapshots/",open,,
2026-09-02T12:03:37+00:00,interconnection,MISO:J3382||Piatt|4WEEDMAN  - 4MAHOMET 1 138.0kV|2024-04-18T04:00:00+00:00,nan,0.418722,logistic-v1,"{""iso"":""MISO"",""fuel"":""solar"",""mw"":171.0,""queue_year"":2024}",,2032-12-31,"ISO queue terminal status, observed in data/snapshots/",open,,
2026-09-02T12:03:37+00:00,interconnection,MISO:J3440||Daviess|Other_|2024-04-17T04:00:00+00:00,nan,0.206434,logistic-v1,"{""iso"":""MISO"",""fuel"":""storage"",""mw"":200.0,""queue_year"":2024}",,2032-12-31,"ISO queue terminal status, observed in data/snapshots/",open,,
2026-09-02T12:03:37+00:00,interconnection,MISO:J3442||Scott|5STODDARD - 5MORLEY (AECI) 161.0kV|2024-04-16T04:00:00+00:00,nan,0.316935,logistic-v1,"{""iso"":""MISO"",""fuel"":""solar"",""mw"":156.0,""queue_year"":2024}",,2032-12-31,"ISO queue terminal status, observed in data/snapshots/",open,,
2026-09-02T12:03:37+00:00,interconnection,MISO:J3811||Clay|4KINMUNDY S - 4TANNER 138.0kV|2024-04-18T04:00:00+00:00,nan,0.408058,logistic-v1,"{""iso"":""MISO"",""fuel"":""solar"",""mw"":200.0,""queue_year"":2024}",,2032-12-31,"ISO queue terminal status, observed in data/snapshots/",open,,
2026-09-02T12:03:37+00:00,interconnection,MISO:J3820||Hancock|LRTP Line|2024-04-16T04:00:00+00:00,nan,0.369307,logistic-v1,"{""iso"":""MISO"",""fuel"":""wind"",""mw"":127.0,""queue_year"":2024}",,2032-12-31,"ISO queue terminal status, observed in data/snapshots/",open,,
2026-09-02T12:03:37+00:00,interconnection,MISO:J3781||Jefferson Davis|HEBERT (SLEMCO) - HENNING 138.0kV|2024-04-18T04:00:00+00:00,nan,0.319321,logistic-v1,"{""iso"":""MISO"",""fuel"":""solar"",""mw"":150.0,""queue_year"":2024}",,2032-12-31,"ISO queue terminal status, observed in data/snapshots/",open,,
2026-09-02T12:03:37+00:00,interconnection,MISO:R5072||Linn|Duane Arnold (ARNOLD 5)|2025-08-26T04:00:00+00:00,nan,0.589077,logistic-v1,"{""iso"":""MISO"",""fuel"":""nuclear"",""mw"":100.0,""queue_year"":2025}",,2028-09-02,"ISO queue terminal status, observed in data/snapshots/",open,,
2026-09-02T12:03:37+00:00,interconnection,MISO:R5067||Lake|NIPSCO Green Acres 138kV Sub|2025-07-03T04:00:00+00:00,nan,0.245422,logistic-v1,"{""iso"":""MISO"",""fuel"":""storage"",""mw"":100.0,""queue_year"":2025}",,2028-09-02,"ISO queue terminal status, observed in data/snapshots/",open,,
2026-09-02T12:03:37+00:00,interconnection,MISO:R5063||Shiawassee|BELL ROAD - CORNELL 138.0kV|2025-05-09T04:00:00+00:00,nan,0.382386,logistic-v1,"{""iso"":""MISO"",""fuel"":""solar_storage"",""mw"":170.0,""queue_year"":2025}",,2033-12-31,"ISO queue terminal status, observed in data/snapshots/",open,,
2026-09-02T12:03:37+00:00,interconnection,MISO:J3780||Buchanan|Hazleton|2024-04-18T04:00:00+00:00,nan,0.157608,logistic-v1,"{""iso"":""MISO"",""fuel"":""storage"",""mw"":205.0,""queue_year"":2024}",,2032-12-31,"ISO queue terminal status, observed in data/snapshots/",open,,
2026-09-02T12:03:37+00:00,interconnection,MISO:J3935||Genesee|THETFORD|2025-02-28T05:00:00+00:00,nan,0.224754,logistic-v1,"{""iso"":""MISO"",""fuel"":""gas"",""mw"":975.4,""queue_year"":2025}",,2033-12-31,"ISO queue terminal status, observed in data/snapshots/",open,,
2026-09-02T12:03:37+00:00,interconnection,MISO:J3902||Jefferson|STOWELL|2025-02-06T05:00:00+00:00,nan,0.212490,logistic-v1,"{""iso"":""MISO"",""fuel"":""wind"",""mw"":288.5,""queue_year"":2025}",,2033-12-31,"ISO queue terminal status, observed in data/snapshots/",open,,
2026-09-02T12:03:37+00:00,interconnection,MISO:S1096||Wood|Saratoga - Badger West 138.0kV|2025-05-20T04:00:00+00:00,nan,0.261163,logistic-v1,"{""iso"":""MISO"",""fuel"":""storage"",""mw"":50.3,""queue_year"":2025}",,2033-12-31,"ISO queue terminal status, observed in data/snapshots/",open,,
2026-09-02T12:03:37+00:00,interconnection,MISO:J4101||Jefferson|University (UWW)|2025-10-07T04:00:00+00:00,nan,0.324180,logistic-v1,"{""iso"":""MISO"",""fuel"":""solar"",""mw"":71.0,""queue_year"":2025}",,2033-12-31,"ISO queue terminal status, observed in data/snapshots/",open,,
2026-09-02T12:03:37+00:00,interconnection,MISO:J4125||Bay|Other_|2025-09-16T04:00:00+00:00,nan,0.218782,logistic-v1,"{""iso"":""MISO"",""fuel"":""wind"",""mw"":50.0,""queue_year"":2025}",,2033-12-31,"ISO queue terminal status, observed in data/snapshots/",open,,
2026-09-02T12:03:37+00:00,interconnection,MISO:J3942||Vigo|Sandford|2025-02-20T05:00:00+00:00,nan,0.086105,logistic-v1,"{""iso"":""MISO"",""fuel"":""solar"",""mw"":365.0,""queue_year"":2025}",,2033-12-31,"ISO queue terminal status, observed in data/snapshots/",open,,
2026-09-02T12:03:37+00:00,interconnection,MISO:J3957||Sullivan|Other_|2025-04-17T04:00:00+00:00,nan,0.242620,logistic-v1,"{""iso"":""MISO"",""fuel"":""solar"",""mw"":300.0,""queue_year"":2025}",,2033-12-31,"ISO queue terminal status, observed in data/snapshots/",open,,
2026-09-02T12:03:37+00:00,interconnection,MISO:J3963||Brookings|BROOKINGS COUNTY|2025-04-07T04:00:00+00:00,nan,0.106552,logistic-v1,"{""iso"":""MISO"",""fuel"":""solar"",""mw"":490.0,""queue_year"":2025}",,2033-12-31,"ISO queue terminal status, observed in data/snapshots/",open,,
2026-09-02T12:03:37+00:00,interconnection,MISO:R5069||Linn|Duane Arnold (ARNOLD 5)|2025-08-26T04:00:00+00:00,nan,0.541383,logistic-v1,"{""iso"":""MISO"",""fuel"":""nuclear"",""mw"":200.0,""queue_year"":2025}",,2028-09-02,"ISO queue terminal status, observed in data/snapshots/",open,,
2026-09-02T12:03:37+00:00,interconnection,MISO:J4054||Saginaw|CLAREMONT - LAYTON 138.0kV|2025-09-18T04:00:00+00:00,nan,0.171993,logistic-v1,"{""iso"":""MISO"",""fuel"":""wind"",""mw"":146.0,""queue_year"":2025}",,2033-12-31,"ISO queue terminal status, observed in data/snapshots/",open,,
2026-09-02T12:03:37+00:00,interconnection,MISO:J3904||Tazewell|Other_|2025-03-12T04:00:00+00:00,nan,0.306974,logistic-v1,"{""iso"":""MISO"",""fuel"":""storage"",""mw"":175.0,""queue_year"":2025}",,2033-12-31,"ISO queue terminal status, observed in data/snapshots/",open,,
2026-09-02T12:03:37+00:00,interconnection,MISO:J4102||Cass|WEEDS LAKE - HIPLE 345.0kV|2025-10-10T04:00:00+00:00,nan,0.161346,logistic-v1,"{""iso"":""MISO"",""fuel"":""solar"",""mw"":539.0,""queue_year"":2025}",,2033-12-31,"ISO queue terminal status, observed in data/snapshots/",open,,
2026-09-02T12:03:37+00:00,interconnection,MISO:R5071||Linn|Duane Arnold (ARNOLD 5)|2025-08-26T04:00:00+00:00,nan,0.525500,logistic-v1,"{""iso"":""MISO"",""fuel"":""nuclear"",""mw"":251.0,""queue_year"":2025}",,2028-09-02,"ISO queue terminal status, observed in data/snapshots/",open,,
2026-09-02T12:03:37+00:00,interconnection,MISO:J4061||Lenawee|KNOWLES - MOORE ROAD 138.0kV|2025-08-07T04:00:00+00:00,nan,0.280161,logistic-v1,"{""iso"":""MISO"",""fuel"":""solar"",""mw"":150.0,""queue_year"":2025}",,2033-12-31,"ISO queue terminal status, observed in data/snapshots/",open,,
2026-09-02T12:03:37+00:00,interconnection,MISO:J4103||Trinity|ONALASKA|2025-10-06T04:00:00+00:00,nan,0.225013,logistic-v1,"{""iso"":""MISO"",""fuel"":""storage"",""mw"":150.0,""queue_year"":2025}",,2033-12-31,"ISO queue terminal status, observed in data/snapshots/",open,,
2026-09-02T12:03:37+00:00,interconnection,MISO:R5086||Pointe Coupee|Big Cajun II 500kV Substation|2025-10-17T04:00:00+00:00,nan,0.035739,logistic-v1,"{""iso"":""MISO"",""fuel"":""storage"",""mw"":593.0,""queue_year"":2025}",,2033-12-31,"ISO queue terminal status, observed in data/snapshots/",open,,
2026-09-02T12:03:37+00:00,interconnection,MISO:S1151||Jefferson|University (UWW)|2025-11-19T05:00:00+00:00,nan,0.298542,logistic-v1,"{""iso"":""MISO"",""fuel"":""solar"",""mw"":109.0,""queue_year"":2025}",,2033-12-31,"ISO queue terminal status, observed in data/snapshots/",open,,
2026-09-02T12:03:37+00:00,interconnection,MISO:J4127||Barron|Ridgeland|2025-09-18T04:00:00+00:00,nan,0.157078,logistic-v1,"{""iso"":""MISO"",""fuel"":""solar"",""mw"":100.0,""queue_year"":2025}",,2033-12-31,"ISO queue terminal status, observed in data/snapshots/",open,,
2026-09-02T12:03:37+00:00,interconnection,MISO:R5093||St. James|VACHERIE|2025-10-14T04:00:00+00:00,nan,0.211248,logistic-v1,"{""iso"":""MISO"",""fuel"":""storage"",""mw"":200.0,""queue_year"":2025}",,2033-12-31,"ISO queue terminal status, observed in data/snapshots/",open,,
2026-09-02T12:03:37+00:00,interconnection,MISO:J4126||Lenawee|MOROCCO  - ALLEN JUNCTION 345.0kV|2025-09-16T04:00:00+00:00,nan,0.182825,logistic-v1,"{""iso"":""MISO"",""fuel"":""wind"",""mw"":112.0,""queue_year"":2025}",,2033-12-31,"ISO queue terminal status, observed in data/snapshots/",open,,
2026-09-02T12:03:37+00:00,interconnection,MISO:J4193||Meeker|SHERBURNE CO|2025-10-07T04:00:00+00:00,nan,0.102944,logistic-v1,"{""iso"":""MISO"",""fuel"":""wind"",""mw"":200.0,""queue_year"":2025}",,2033-12-31,"ISO queue terminal status, observed in data/snapshots/",open,,
2026-09-02T12:03:37+00:00,interconnection,MISO:S1153||Waushara|Sand Lake 138kV|2025-11-04T05:00:00+00:00,nan,0.225983,logistic-v1,"{""iso"":""MISO"",""fuel"":""storage"",""mw"":100.0,""queue_year"":2025}",,2033-12-31,"ISO queue terminal status, observed in data/snapshots/",open,,
2026-09-02T12:03:37+00:00,interconnection,MISO:R5087||Washington|4JORD - 4ASHLEY 138.0kV|2025-11-06T05:00:00+00:00,nan,0.048921,logistic-v1,"{""iso"":""MISO"",""fuel"":""storage"",""mw"":185.0,""queue_year"":2025}",,2033-12-31,"ISO queue terminal status, observed in data/snapshots/",open,,
2026-09-02T12:03:37+00:00,interconnection,MISO:S1142||East Feliciana|MOLER - COLFEL 230.0kV|2026-01-30T00:15:13+00:00,nan,0.180908,logistic-v1,"{""iso"":""MISO"",""fuel"":""storage"",""mw"":300.0,""queue_year"":2026}",,2034-12-31,"ISO queue terminal status, observed in data/snapshots/",open,,
2026-09-02T12:03:37+00:00,interconnection,MISO:J4016||Tuscola|ATLANTA - THETFORD [KARN] 138.0kV|2025-05-20T04:00:00+00:00,nan,0.176630,logistic-v1,"{""iso"":""MISO"",""fuel"":""storage"",""mw"":300.0,""queue_year"":2025}",,2033-12-31,"ISO queue terminal status, observed in data/snapshots/",open,,
2026-09-02T12:03:37+00:00,interconnection,MISO:J3990||McLean|Other_|2025-04-17T04:00:00+00:00,nan,0.366528,logistic-v1,"{""iso"":""MISO"",""fuel"":""wind"",""mw"":100.0,""queue_year"":2025}",,2033-12-31,"ISO queue terminal status, observed in data/snapshots/",open,,
2026-09-02T12:03:37+00:00,interconnection,MISO:J3991||McLean|Other_|2025-04-17T04:00:00+00:00,nan,0.290992,logistic-v1,"{""iso"":""MISO"",""fuel"":""wind"",""mw"":340.0,""queue_year"":2025}",,2033-12-31,"ISO queue terminal status, observed in data/snapshots/",open,,
2026-09-02T12:03:37+00:00,interconnection,MISO:J3978||Sullivan|Petersburg - Sullivan (AEP/PJM) 345.0kV|2025-04-08T04:00:00+00:00,nan,0.481962,logistic-v1,"{""iso"":""MISO"",""fuel"":""solar_storage"",""mw"":200.0,""queue_year"":2025}",,2033-12-31,"ISO queue terminal status, observed in data/snapshots/",open,,
2026-09-02T12:03:37+00:00,interconnection,MISO:J3977||Sanilac|GREENWOOD - RAPSON 345.0kV|2025-03-31T04:00:00+00:00,nan,0.184211,logistic-v1,"{""iso"":""MISO"",""fuel"":""storage"",""mw"":250.0,""queue_year"":2025}",,2033-12-31,"ISO queue terminal status, observed in data/snapshots/",open,,
2026-09-02T12:03:37+00:00,interconnection,MISO:S1094||Crittenden|BOB WHITE|2025-04-08T04:00:00+00:00,nan,0.100210,logistic-v1,"{""iso"":""MISO"",""fuel"":""storage"",""mw"":180.0,""queue_year"":2025}",,2028-09-02,"ISO queue terminal status, observed in data/snapshots/",open,,
2026-09-02T12:03:37+00:00,interconnection,MISO:J4053||Grand Traverse|KEYSTONE - WEXFORD 138.0kV|2025-07-28T04:00:00+00:00,nan,0.145506,logistic-v1,"{""iso"":""MISO"",""fuel"":""storage"",""mw"":200.0,""queue_year"":2025}",,2033-12-31,"ISO queue terminal status, observed in data/snapshots/",open,,
2026-09-02T12:03:37+00:00,interconnection,MISO:J4014||Calumet|Forest Junction|2025-05-21T04:00:00+00:00,nan,0.314569,logistic-v1,"{""iso"":""MISO"",""fuel"":""gas"",""mw"":650.0,""queue_year"":2025}",,2033-12-31,"ISO queue terminal status, observed in data/snapshots/",open,,
2026-09-02T12:03:37+00:00,interconnection,MISO:J4028||Walworth|North Creek 138kV|2025-05-01T04:00:00+00:00,nan,0.358295,logistic-v1,"{""iso"":""MISO"",""fuel"":""gas"",""mw"":324.0,""queue_year"":2025}",,2033-12-31,"ISO queue terminal status, observed in data/snapshots/",open,,
2026-09-02T12:03:37+00:00,interconnection,MISO:J3992||Eaton|MAJESTIC - ONEIDA 345.0kV|2025-04-17T04:00:00+00:00,nan,0.122902,logistic-v1,"{""iso"":""MISO"",""fuel"":""storage"",""mw"":400.0,""queue_year"":2025}",,2033-12-31,"ISO queue terminal status, observed in data/snapshots/",open,,
2026-09-02T12:03:37+00:00,interconnection,MISO:J3908||St. Joseph|BATAVIA - MORROW  138.0kV|2025-03-10T04:00:00+00:00,nan,0.203650,logistic-v1,"{""iso"":""MISO"",""fuel"":""solar"",""mw"":196.0,""queue_year"":2025}",,2033-12-31,"ISO queue terminal status, observed in data/snapshots/",open,,
2026-09-02T12:03:37+00:00,interconnection,MISO:J3931||Jasper|Other_|2025-02-07T05:00:00+00:00,nan,0.236094,logistic-v1,"{""iso"":""MISO"",""fuel"":""solar"",""mw"":500.0,""queue_year"":2025}",,2033-12-31,"ISO queue terminal status, observed in data/snapshots/",open,,
2026-09-02T12:03:37+00:00,interconnection,MISO:S1097||Vermilion|Tilton Switchyard|2025-05-23T04:00:00+00:00,nan,0.393305,logistic-v1,"{""iso"":""MISO"",""fuel"":""solar"",""mw"":188.0,""queue_year"":2025}",,2033-12-31,"ISO queue terminal status, observed in data/snapshots/",open,,
2026-09-02T12:03:37+00:00,interconnection,MISO:S1077||St. Clair|Fayetteville Bee Hollow Road|2025-01-13T05:00:00+00:00,nan,0.316249,logistic-v1,"{""iso"":""MISO"",""fuel"":""storage"",""mw"":150.0,""queue_year"":2025}",,2033-12-31,"ISO queue terminal status, observed in data/snapshots/",open,,
2026-09-02T12:03:37+00:00,interconnection,MISO:J3907||Stark|4BUREAU - 4EKEWANEE N 138.0kV|2025-03-11T04:00:00+00:00,nan,0.597111,logistic-v1,"{""iso"":""MISO"",""fuel"":""solar_storage"",""mw"":200.0,""queue_year"":2025}",,2033-12-31,"ISO queue terminal status, observed in data/snapshots/",open,,
2026-09-02T12:03:37+00:00,interconnection,MISO:J4118||McLean|Radbourn 345kV (LRTP-41)|2025-09-24T04:00:00+00:00,nan,0.286081,logistic-v1,"{""iso"":""MISO"",""fuel"":""storage"",""mw"":250.0,""queue_year"":2025}",,2033-12-31,"ISO queue terminal status, observed in data/snapshots/",open,,
2026-09-02T12:03:37+00:00,interconnection,MISO:J3945||Washtenaw|MAJESTIC - MILAN 345.0kV|2025-04-07T04:00:00+00:00,nan,0.253238,logistic-v1,"{""iso"":""MISO"",""fuel"":""solar"",""mw"":245.0,""queue_year"":2025}",,2033-12-31,"ISO queue terminal status, observed in data/snapshots/",open,,
2026-09-02T12:03:37+00:00,interconnection,MISO:J3905||Tazewell|Other_|2025-03-12T04:00:00+00:00,nan,0.330950,logistic-v1,"{""iso"":""MISO"",""fuel"":""wind"",""mw"":175.0,""queue_year"":2025}",,2033-12-31,"ISO queue terminal status, observed in data/snapshots/",open,,
2026-09-02T12:03:37+00:00,interconnection,MISO:J3932||Linn|Duane Arnold 161 kV|2025-03-14T04:00:00+00:00,nan,0.459080,logistic-v1,"{""iso"":""MISO"",""fuel"":""nuclear"",""mw"":646.0,""queue_year"":2025}",,2033-12-31,"ISO queue terminal status, observed in data/snapshots/",open,,
2026-09-02T12:03:37+00:00,interconnection,MISO:J3979||Sullivan|Petersburg - Sullivan (AEP/PJM) 345.0kV|2025-04-08T04:00:00+00:00,nan,0.481962,logistic-v1,"{""iso"":""MISO"",""fuel"":""solar_storage"",""mw"":200.0,""queue_year"":2025}",,2033-12-31,"ISO queue terminal status, observed in data/snapshots/",open,,
2026-09-02T12:03:37+00:00,interconnection,MISO:J4051||Jefferson Davis|NELSON 500 SWYD - RICHARD 500.0kV|2025-09-02T04:00:00+00:00,nan,0.280252,logistic-v1,"{""iso"":""MISO"",""fuel"":""solar"",""mw"":220.0,""queue_year"":2025}",,2033-12-31,"ISO queue terminal status, observed in data/snapshots/",open,,
2026-09-02T12:03:37+00:00,interconnection,MISO:J3894||Lyon|Lyon County - Brookings County 345.0kV|2025-02-14T05:00:00+00:00,nan,0.200990,logistic-v1,"{""iso"":""MISO"",""fuel"":""storage"",""mw"":250.0,""queue_year"":2025}",,2033-12-31,"ISO queue terminal status, observed in data/snapshots/",open,,
2026-09-02T12:03:37+00:00,interconnection,MISO:J3926||Webster|Grimes - Lehigh 345kV|2025-03-13T04:00:00+00:00,nan,0.238416,logistic-v1,"{""iso"":""MISO"",""fuel"":""wind"",""mw"":170.0,""queue_year"":2025}",,2033-12-31,"ISO queue terminal status, observed in data/snapshots/",open,,
2026-09-02T12:03:37+00:00,interconnection,MISO:J4131||Scott|J1347 TO Switchyard (115kV Entergy MS Switchyard)|2025-10-01T04:00:00+00:00,nan,0.245422,logistic-v1,"{""iso"":""MISO"",""fuel"":""storage"",""mw"":100.0,""queue_year"":2025}",,2033-12-31,"ISO queue terminal status, observed in data/snapshots/",open,,
2026-09-02T12:03:37+00:00,interconnection,MISO:J4083||Perry|Purvis Bulk 161 - Hintonville 161 161.0kV|2025-10-07T04:00:00+00:00,nan,0.225013,logistic-v1,"{""iso"":""MISO"",""fuel"":""storage"",""mw"":150.0,""queue_year"":2025}",,2033-12-31,"ISO queue terminal status, observed in data/snapshots/",open,,
2026-09-02T12:03:37+00:00,interconnection,MISO:J4117||Goodhue|North Rochester - Prairie Island 345.0kV|2025-09-26T04:00:00+00:00,nan,0.088946,logistic-v1,"{""iso"":""MISO"",""fuel"":""storage"",""mw"":240.0,""queue_year"":2025}",,2033-12-31,"ISO queue terminal status, observed in data/snapshots/",open,,
2026-09-02T12:03:37+00:00,interconnection,MISO:J4128||Eaton|Clinton Interconnection|2025-09-19T04:00:00+00:00,nan,0.225983,logistic-v1,"{""iso"":""MISO"",""fuel"":""storage"",""mw"":100.0,""queue_year"":2025}",,2033-12-31,"ISO queue terminal status, observed in data/snapshots/",open,,
2026-09-02T12:03:37+00:00,interconnection,MISO:J4145||Cerro Gordo|Emery|2025-10-06T04:00:00+00:00,nan,0.361259,logistic-v1,"{""iso"":""MISO"",""fuel"":""gas"",""mw"":98.0,""queue_year"":2025}",,2033-12-31,"ISO queue terminal status, observed in data/snapshots/",open,,
2026-09-02T12:03:37+00:00,interconnection,MISO:J4155||Linn|Prairie Creek - Stony Point 115kV|2025-10-06T04:00:00+00:00,nan,0.149198,logistic-v1,"{""iso"":""MISO"",""fuel"":""storage"",""mw"":195.0,""queue_year"":2025}",,2033-12-31,"ISO queue terminal status, observed in data/snapshots/",open,,
2026-09-02T12:03:37+00:00,interconnection,MISO:J4129||Otter Tail|ALEXANDRIA - BISON 345.0kV|2025-10-01T04:00:00+00:00,nan,0.230232,logistic-v1,"{""iso"":""MISO"",""fuel"":""wind"",""mw"":200.0,""queue_year"":2025}",,2033-12-31,"ISO queue terminal status, observed in data/snapshots/",open,,
2026-09-02T12:03:37+00:00,interconnection,MISO:J4130||Pepin|ALMA  - ROCK ELM 161.0kV|2025-10-01T04:00:00+00:00,nan,0.321072,logistic-v1,"{""iso"":""MISO"",""fuel"":""solar"",""mw"":110.0,""queue_year"":2025}",,2033-12-31,"ISO queue terminal status, observed in data/snapshots/",open,,
2026-09-02T12:03:37+00:00,interconnection,MISO:J4148||Clay|ALEXANDRIA - BISON 345.0kV|2025-10-03T04:00:00+00:00,nan,0.274191,logistic-v1,"{""iso"":""MISO"",""fuel"":""solar"",""mw"":245.0,""queue_year"":2025}",,2033-12-31,"ISO queue terminal status, observed in data/snapshots/",open,,
2026-09-02T12:03:37+00:00,interconnection,MISO:J4168||Goodhue|NROC 3 (601039) to PR ISLD3 (601003) 345 kV line|2025-10-03T04:00:00+00:00,nan,0.081950,logistic-v1,"{""iso"":""MISO"",""fuel"":""storage"",""mw"":330.0,""queue_year"":2025}",,2033-12-31,"ISO queue terminal status, observed in data/snapshots/",open,,
2026-09-02T12:03:37+00:00,interconnection,MISO:R5088||Calcasieu|GOOS FERRY|2025-11-18T05:00:00+00:00,nan,0.448020,logistic-v1,"{""iso"":""MISO"",""fuel"":""solar_storage"",""mw"":325.0,""queue_year"":2025}",,2033-12-31,"ISO queue terminal status, observed in data/snapshots/",open,,
2026-09-02T12:03:37+00:00,interconnection,MISO:J4082||Jefferson|Other_|2025-10-07T04:00:00+00:00,nan,0.171477,logistic-v1,"{""iso"":""MISO"",""fuel"":""storage"",""mw"":500.0,""queue_year"":2025}",,2033-12-31,"ISO queue terminal status, observed in data/snapshots/",open,,
2026-09-02T12:03:37+00:00,interconnection,MISO:J4085||Dickinson|Nordic|2025-10-07T04:00:00+00:00,nan,0.356833,logistic-v1,"{""iso"":""MISO"",""fuel"":""solar"",""mw"":42.0,""queue_year"":2025}",,2033-12-31,"ISO queue terminal status, observed in data/snapshots/",open,,
2026-09-02T12:03:37+00:00,interconnection,MISO:J4086||Wapello|Ottumwa Generation - Tri-County 161kV|2025-10-07T04:00:00+00:00,nan,0.230802,logistic-v1,"{""iso"":""MISO"",""fuel"":""solar"",""mw"":120.0,""queue_year"":2025}",,2033-12-31,"ISO queue terminal status, observed in data/snapshots/",open,,
2026-09-02T12:03:37+00:00,interconnection,MISO:J4124||Trinity|MAGNOLIA GROVETON - KICKAPOO (L-111) TAP 138.0kV|2025-08-25T04:00:00+00:00,nan,0.326909,logistic-v1,"{""iso"":""MISO"",""fuel"":""solar"",""mw"":100.0,""queue_year"":2025}",,2033-12-31,"ISO queue terminal status, observed in data/snapshots/",open,,
2026-09-02T12:03:37+00:00,interconnection,MISO:J4150||Cass|ATLANTIC - ADAIR 161.0kV|2025-10-06T04:00:00+00:00,nan,0.381602,logistic-v1,"{""iso"":""MISO"",""fuel"":""solar"",""mw"":42.24,""queue_year"":2025}",,2033-12-31,"ISO queue terminal status, observed in data/snapshots/",open,,
2026-09-02T12:03:37+00:00,interconnection,MISO:S1135||Mower|Adams|2025-12-23T02:01:14+00:00,nan,0.174542,logistic-v1,"{""iso"":""MISO"",""fuel"":""storage"",""mw"":100.0,""queue_year"":2025}",,2033-12-31,"ISO queue terminal status, observed in data/snapshots/",open,,
2026-09-02T12:03:37+00:00,interconnection,MISO:J4172||Wapello|Ottumwa Generating St. 161 kV|2025-10-07T04:00:00+00:00,nan,0.245942,logistic-v1,"{""iso"":""MISO"",""fuel"":""storage"",""mw"":99.0,""queue_year"":2025}",,2033-12-31,"ISO queue terminal status, observed in data/snapshots/",open,,
2026-09-02T12:03:37+00:00,interconnection,MISO:S1125||St. Francis|WEST MEMPHIS EHV - KEO EHV 500.0kV|2025-10-20T04:00:00+00:00,nan,0.180590,logistic-v1,"{""iso"":""MISO"",""fuel"":""storage"",""mw"":400.0,""queue_year"":2025}",,2033-12-31,"ISO queue terminal status, observed in data/snapshots/",open,,
2026-09-02T12:03:37+00:00,interconnection,MISO:S1132||Walworth|North Creek 138kV Station|2025-09-12T04:00:00+00:00,nan,0.375229,logistic-v1,"{""iso"":""MISO"",""fuel"":""gas"",""mw"":250.0,""queue_year"":2025}",,2033-12-31,"ISO queue terminal status, observed in data/snapshots/",open,,
2026-09-02T12:03:37+00:00,interconnection,MISO:J4167||Allegan|ARGENTA|2025-09-17T04:00:00+00:00,nan,0.137882,logistic-v1,"{""iso"":""MISO"",""fuel"":""storage"",""mw"":250.0,""queue_year"":2025}",,2033-12-31,"ISO queue terminal status, observed in data/snapshots/",open,,
2026-09-02T12:03:37+00:00,interconnection,MISO:J4188||Beauregard|Cole - Cooper 230.0kV|2025-10-03T04:00:00+00:00,nan,0.306535,logistic-v1,"{""iso"":""MISO"",""fuel"":""solar"",""mw"":140.0,""queue_year"":2025}",,2033-12-31,"ISO queue terminal status, observed in data/snapshots/",open,,
2026-09-02T12:03:37+00:00,interconnection,MISO:R5083||St. James|CHACKBAY - VACHERIE 230.0kV|2025-09-30T04:00:00+00:00,nan,0.230204,logistic-v1,"{""iso"":""MISO"",""fuel"":""storage"",""mw"":135.0,""queue_year"":2025}",,2033-12-31,"ISO queue terminal status, observed in data/snapshots/",open,,
2026-09-02T12:03:37+00:00,interconnection,MISO:R5084||Iberville|DONALDSONVILLE - EVERGREEN 230.0kV|2025-11-04T05:00:00+00:00,nan,0.217562,logistic-v1,"{""iso"":""MISO"",""fuel"":""storage"",""mw"":175.0,""queue_year"":2025}",,2033-12-31,"ISO queue terminal status, observed in data/snapshots/",open,,
2026-09-02T12:03:37+00:00,interconnection,MISO:J3695||Clark|7CASEY - 7SNYDER  345.0kV|2024-04-18T04:00:00+00:00,nan,0.333533,logistic-v1,"{""iso"":""MISO"",""fuel"":""storage"",""mw"":150.0,""queue_year"":2024}",,2032-12-31,"ISO queue terminal status, observed in data/snapshots/",open,,
2026-09-02T12:03:37+00:00,interconnection,MISO:J3699||Henry|SUB 39 - OAK GROVE 345.0kV|2024-04-18T04:00:00+00:00,nan,0.224060,logistic-v1,"{""iso"":""MISO"",""fuel"":""wind"",""mw"":300.0,""queue_year"":2024}",,2032-12-31,"ISO queue terminal status, observed in data/snapshots/",open,,
2026-09-02T12:03:37+00:00,interconnection,MISO:S1170||Union|HUTTIG SS - STRONG SS 115.0kV|2025-06-27T04:00:00+00:00,nan,0.116064,logistic-v1,"{""iso"":""MISO"",""fuel"":""storage"",""mw"":100.0,""queue_year"":2025}",,2033-12-31,"ISO queue terminal status, observed in data/snapshots/",open,,
2026-09-02T12:03:37+00:00,interconnection,MISO:J3517||Williamson|Ordill|2024-04-19T04:00:00+00:00,nan,0.318956,logistic-v1,"{""iso"":""MISO"",""fuel"":""storage"",""mw"":190.0,""queue_year"":2024}",,2032-12-31,"ISO queue terminal status, observed in data/snapshots/",open,,
2026-09-02T12:03:37+00:00,interconnection,MISO:J3704||Redwood|Cedar Mountain - Lyon County 345.0kV|2024-04-16T04:00:00+00:00,nan,0.224679,logistic-v1,"{""iso"":""MISO"",""fuel"":""storage"",""mw"":200.0,""queue_year"":2024}",,2032-12-31,"ISO queue terminal status, observed in data/snapshots/",open,,
2026-09-02T12:03:37+00:00,interconnection,MISO:J3515||Sangamon|343505 Interstate|2024-04-17T04:00:00+00:00,nan,0.224704,logistic-v1,"{""iso"":""MISO"",""fuel"":""storage"",""mw"":199.9,""queue_year"":2024}",,2032-12-31,"ISO queue terminal status, observed in data/snapshots/",open,,
2026-09-02T12:03:37+00:00,interconnection,MISO:J3818||Shelby|4PANA 1 - 4SHELBYVL E 138.0kV|2024-06-07T04:00:00+00:00,nan,0.519166,logistic-v1,"{""iso"":""MISO"",""fuel"":""solar"",""mw"":40.0,""queue_year"":2024}",,2032-12-31,"ISO queue terminal status, observed in data/snapshots/",open,,
2026-09-02T12:03:37+00:00,interconnection,MISO:J3911||Louisa|SUB 93 LOUISA - SUB T HASKINS 345.0kV|2025-02-25T05:00:00+00:00,nan,0.273062,logistic-v1,"{""iso"":""MISO"",""fuel"":""solar"",""mw"":250.0,""queue_year"":2025}",,2033-12-31,"ISO queue terminal status, observed in data/snapshots/",open,,
2026-09-02T12:03:37+00:00,interconnection,MISO:J3753||Iroquois|Other_|2024-04-18T04:00:00+00:00,nan,0.226212,logistic-v1,"{""iso"":""MISO"",""fuel"":""wind"",""mw"":195.55,""queue_year"":2024}",,2032-12-31,"ISO queue terminal status, observed in data/snapshots/",open,,
2026-09-02T12:03:37+00:00,interconnection,MISO:J3755||Iroquois|Other_|2024-04-18T04:00:00+00:00,nan,0.240654,logistic-v1,"{""iso"":""MISO"",""fuel"":""wind"",""mw"":146.66,""queue_year"":2024}",,2032-12-31,"ISO queue terminal status, observed in data/snapshots/",open,,
2026-09-02T12:03:37+00:00,interconnection,MISO:J3702||Mitchell|ADAMS|2024-03-27T04:00:00+00:00,nan,0.113394,logistic-v1,"{""iso"":""MISO"",""fuel"":""wind"",""mw"":180.0,""queue_year"":2024}",,2032-12-31,"ISO queue terminal status, observed in data/snapshots/",open,,
2026-09-02T12:03:37+00:00,interconnection,MISO:S1109||Kossuth|Bison|2025-07-11T04:00:00+00:00,nan,0.186410,logistic-v1,"{""iso"":""MISO"",""fuel"":""storage"",""mw"":75.0,""queue_year"":2025}",,2033-12-31,"ISO queue terminal status, observed in data/snapshots/",open,,
2026-09-02T12:03:37+00:00,interconnection,MISO:J3749||Lyon|LYON COUNTY|2024-04-11T04:00:00+00:00,nan,0.110454,logistic-v1,"{""iso"":""MISO"",""fuel"":""wind"",""mw"":200.0,""queue_year"":2024}",,2032-12-31,"ISO queue terminal status, observed in data/snapshots/",open,,
2026-09-02T12:03:37+00:00,interconnection,MISO:J3758||Macon|Other_|2024-04-18T04:00:00+00:00,nan,0.257395,logistic-v1,"{""iso"":""MISO"",""fuel"":""solar"",""mw"":300.0,""queue_year"":2024}",,2032-12-31,"ISO queue terminal status, observed in data/snapshots/",open,,
2026-09-02T12:03:37+00:00,interconnection,MISO:J3801||Mercer|OAK GROVE - SANDBURG (AMRN) 345.0kV|2024-04-18T04:00:00+00:00,nan,0.303342,logistic-v1,"{""iso"":""MISO"",""fuel"":""solar"",""mw"":195.64,""queue_year"":2024}",,2032-12-31,"ISO queue terminal status, observed in data/snapshots/",open,,
2026-09-02T12:03:37+00:00,interconnection,MISO:S1174||||2026-03-23T16:41:35+00:00,nan,0.375548,logistic-v1,"{""iso"":""MISO"",""fuel"":""unknown"",""mw"":0.0,""queue_year"":2026}",,2034-12-31,"ISO queue terminal status, observed in data/snapshots/",open,,
2026-09-02T12:03:37+00:00,interconnection,MISO:S1159||||2026-02-27T02:29:24+00:00,nan,0.140506,logistic-v1,"{""iso"":""MISO"",""fuel"":""unknown"",""mw"":100.0,""queue_year"":2026}",,2034-12-31,"ISO queue terminal status, observed in data/snapshots/",open,,
2026-09-02T12:03:37+00:00,interconnection,MISO:J4228||||2026-03-19T21:36:16+00:00,nan,0.103771,logistic-v1,"{""iso"":""MISO"",""fuel"":""unknown"",""mw"":100.0,""queue_year"":2026}",,2034-12-31,"ISO queue terminal status, observed in data/snapshots/",open,,
2026-09-02T12:03:37+00:00,interconnection,MISO:J3703||Itasca|Blackberry 230/115kV|2024-03-25T04:00:00+00:00,nan,0.224679,logistic-v1,"{""iso"":""MISO"",""fuel"":""storage"",""mw"":200.0,""queue_year"":2024}",,2032-12-31,"ISO queue terminal status, observed in data/snapshots/",open,,
2026-09-02T12:03:37+00:00,interconnection,MISO:J3910||Newton|Other_|2025-02-28T05:00:00+00:00,nan,0.453595,logistic-v1,"{""iso"":""MISO"",""fuel"":""solar_storage"",""mw"":300.0,""queue_year"":2025}",,2033-12-31,"ISO queue terminal status, observed in data/snapshots/",open,,
2026-09-02T12:03:37+00:00,interconnection,MISO:J4217||||2026-02-23T23:10:31+00:00,nan,0.092155,logistic-v1,"{""iso"":""MISO"",""fuel"":""unknown"",""mw"":800.0,""queue_year"":2026}",,2034-12-31,"ISO queue terminal status, observed in data/snapshots/",open,,
2026-09-02T12:03:37+00:00,interconnection,MISO:J3743||Tuscola|ARROWHEAD|2024-04-12T04:00:00+00:00,nan,0.231572,logistic-v1,"{""iso"":""MISO"",""fuel"":""wind"",""mw"":175.5,""queue_year"":2024}",,2032-12-31,"ISO queue terminal status, observed in data/snapshots/",open,,
2026-09-02T12:03:37+00:00,interconnection,MISO:J4216||||2026-02-23T21:49:02+00:00,nan,0.078358,logistic-v1,"{""iso"":""MISO"",""fuel"":""unknown"",""mw"":1500.0,""queue_year"":2026}",,2034-12-31,"ISO queue terminal status, observed in data/snapshots/",open,,
2026-09-02T12:03:37+00:00,interconnection,MISO:J4218||||2026-02-24T02:16:35+00:00,nan,0.092155,logistic-v1,"{""iso"":""MISO"",""fuel"":""unknown"",""mw"":800.0,""queue_year"":2026}",,2034-12-31,"ISO queue terminal status, observed in data/snapshots/",open,,
2026-09-02T12:03:37+00:00,interconnection,MISO:J4219||||2026-02-24T03:15:09+00:00,nan,0.078358,logistic-v1,"{""iso"":""MISO"",""fuel"":""unknown"",""mw"":1500.0,""queue_year"":2026}",,2034-12-31,"ISO queue terminal status, observed in data/snapshots/",open,,
2026-09-02T12:03:37+00:00,interconnection,MISO:S1146||Muskegon|DU PONT - WHITE LAKE 138.0kV|2026-03-16T20:02:28+00:00,nan,0.133135,logistic-v1,"{""iso"":""MISO"",""fuel"":""unknown"",""mw"":125.0,""queue_year"":2026}",,2034-12-31,"ISO queue terminal status, observed in data/snapshots/",open,,
2026-09-02T12:03:37+00:00,interconnection,MISO:J4221||||2026-02-26T01:53:49+00:00,nan,0.078358,logistic-v1,"{""iso"":""MISO"",""fuel"":""unknown"",""mw"":1500.0,""queue_year"":2026}",,2034-12-31,"ISO queue terminal status, observed in data/snapshots/",open,,
2026-09-02T12:03:37+00:00,interconnection,MISO:S1139||||2026-03-04T09:27:50+00:00,nan,0.155548,logistic-v1,"{""iso"":""MISO"",""fuel"":""unknown"",""mw"":96.0,""queue_year"":2026}",,2034-12-31,"ISO queue terminal status, observed in data/snapshots/",open,,
2026-09-02T12:03:37+00:00,interconnection,MISO:J4232||||2026-03-20T19:15:57+00:00,nan,0.192825,logistic-v1,"{""iso"":""MISO"",""fuel"":""unknown"",""mw"":200.0,""queue_year"":2026}",,2034-12-31,"ISO queue terminal status, observed in data/snapshots/",open,,
2026-09-02T12:03:37+00:00,interconnection,MISO:J3754||Iroquois|Other_|2024-04-18T04:00:00+00:00,nan,0.240654,logistic-v1,"{""iso"":""MISO"",""fuel"":""wind"",""mw"":146.66,""queue_year"":2024}",,2032-12-31,"ISO queue terminal status, observed in data/snapshots/",open,,
2026-09-02T12:03:37+00:00,interconnection,MISO:J3745||Dearborn|Sunman Weisburg|2024-04-15T04:00:00+00:00,nan,0.233405,logistic-v1,"{""iso"":""MISO"",""fuel"":""solar_storage"",""mw"":150.0,""queue_year"":2024}",,2032-12-31,"ISO queue terminal status, observed in data/snapshots/",open,,
2026-09-02T12:03:37+00:00,interconnection,MISO:S1175||||2026-03-23T16:39:10+00:00,nan,0.298719,logistic-v1,"{""iso"":""MISO"",""fuel"":""unknown"",""mw"":0.0,""queue_year"":2026}",,2034-12-31,"ISO queue terminal status, observed in data/snapshots/",open,,
2026-09-02T12:03:37+00:00,interconnection,MISO:J4234||||2026-03-21T01:20:07+00:00,nan,0.107234,logistic-v1,"{""iso"":""MISO"",""fuel"":""unknown"",""mw"":300.0,""queue_year"":2026}",,2034-12-31,"ISO queue terminal status, observed in data/snapshots/",open,,
2026-09-02T12:03:37+00:00,interconnection,MISO:J4224||||2026-03-20T18:57:57+00:00,nan,0.051270,logistic-v1,"{""iso"":""MISO"",""fuel"":""unknown"",""mw"":250.0,""queue_year"":2026}",,2034-12-31,"ISO queue terminal status, observed in data/snapshots/",open,,
2026-09-02T12:03:37+00:00,interconnection,MISO:J4229||||2026-03-20T18:50:34+00:00,nan,0.113576,logistic-v1,"{""iso"":""MISO"",""fuel"":""unknown"",""mw"":350.0,""queue_year"":2026}",,2034-12-31,"ISO queue terminal status, observed in data/snapshots/",open,,
2026-09-02T12:03:37+00:00,interconnection,MISO:S1173||Union|HUTTIG SS - STRONG SS 115.0kV|2026-03-16T19:13:11+00:00,nan,0.065310,logistic-v1,"{""iso"":""MISO"",""fuel"":""unknown"",""mw"":100.0,""queue_year"":2026}",,2034-12-31,"ISO queue terminal status, observed in data/snapshots/",open,,
2026-09-02T12:03:37+00:00,interconnection,MISO:J4236||||2026-03-20T20:03:44+00:00,nan,0.109846,logistic-v1,"{""iso"":""MISO"",""fuel"":""unknown"",""mw"":400.0,""queue_year"":2026}",,2034-12-31,"ISO queue terminal status, observed in data/snapshots/",open,,
2026-09-02T12:03:37+00:00,interconnection,MISO:S1162||||2026-03-20T20:58:20+00:00,nan,0.047777,logistic-v1,"{""iso"":""MISO"",""fuel"":""unknown"",""mw"":390.0,""queue_year"":2026}",,2034-12-31,"ISO queue terminal status, observed in data/snapshots/",open,,
2026-09-02T12:03:37+00:00,interconnection,MISO:J4239||||2026-04-23T23:01:14+00:00,nan,0.093060,logistic-v1,"{""iso"":""MISO"",""fuel"":""unknown"",""mw"":770.0,""queue_year"":2026}",,2034-12-31,"ISO queue terminal status, observed in data/snapshots/",open,,
2026-09-02T12:03:38+00:00,interconnection,MISO:S1172||Clinton|Calamus East|2026-03-07T03:13:45+00:00,nan,0.087046,logistic-v1,"{""iso"":""MISO"",""fuel"":""unknown"",""mw"":200.0,""queue_year"":2026}",,2034-12-31,"ISO queue terminal status, observed in data/snapshots/",open,,
2026-09-02T12:03:38+00:00,interconnection,MISO:J4237||||2026-03-24T01:07:46+00:00,nan,0.087046,logistic-v1,"{""iso"":""MISO"",""fuel"":""unknown"",""mw"":200.0,""queue_year"":2026}",,2034-12-31,"ISO queue terminal status, observed in data/snapshots/",open,,
2026-09-02T12:03:38+00:00,interconnection,MISO:J4230||||2026-03-20T18:56:10+00:00,nan,0.051270,logistic-v1,"{""iso"":""MISO"",""fuel"":""unknown"",""mw"":250.0,""queue_year"":2026}",,2034-12-31,"ISO queue terminal status, observed in data/snapshots/",open,,
2026-09-02T12:03:38+00:00,interconnection,MISO:J4024||Monroe|Other_|2025-05-05T04:00:00+00:00,nan,0.266112,logistic-v1,"{""iso"":""MISO"",""fuel"":""gas"",""mw"":1499.0,""queue_year"":2025}",,2033-12-31,"ISO queue terminal status, observed in data/snapshots/",open,,
2026-09-02T12:03:38+00:00,interconnection,MISO:J4025||Monroe|Other_|2025-05-05T04:00:00+00:00,nan,0.266112,logistic-v1,"{""iso"":""MISO"",""fuel"":""gas"",""mw"":1499.0,""queue_year"":2025}",,2033-12-31,"ISO queue terminal status, observed in data/snapshots/",open,,
2026-09-02T12:03:38+00:00,interconnection,MISO:J4226||Story|Story County|2026-03-21T01:47:08+00:00,nan,0.127349,logistic-v1,"{""iso"":""MISO"",""fuel"":""unknown"",""mw"":150.0,""queue_year"":2026}",,2034-12-31,"ISO queue terminal status, observed in data/snapshots/",open,,
2026-09-02T12:03:38+00:00,interconnection,MISO:J4227||Story|Story County|2026-03-21T01:49:23+00:00,nan,0.127349,logistic-v1,"{""iso"":""MISO"",""fuel"":""unknown"",""mw"":150.0,""queue_year"":2026}",,2034-12-31,"ISO queue terminal status, observed in data/snapshots/",open,,
2026-09-02T12:03:38+00:00,interconnection,MISO:S1176||||2026-04-13T22:25:17+00:00,nan,0.111809,logistic-v1,"{""iso"":""MISO"",""fuel"":""unknown"",""mw"":0.0,""queue_year"":2026}",,2034-12-31,"ISO queue terminal status, observed in data/snapshots/",open,,
2026-09-02T12:03:38+00:00,interconnection,MISO:J3955||Lac qui Parle|Big Stone South - Deuel County 345.0kV|2025-04-08T04:00:00+00:00,nan,0.230232,logistic-v1,"{""iso"":""MISO"",""fuel"":""wind"",""mw"":200.0,""queue_year"":2025}",,2033-12-31,"ISO queue terminal status, observed in data/snapshots/",open,,
2026-09-02T12:03:38+00:00,interconnection,MISO:J3954||Christian|7AUSTIN - 7PANA 345.0kV|2025-04-09T04:00:00+00:00,nan,0.252166,logistic-v1,"{""iso"":""MISO"",""fuel"":""solar"",""mw"":250.0,""queue_year"":2025}",,2033-12-31,"ISO queue terminal status, observed in data/snapshots/",open,,
2026-09-02T12:03:38+00:00,interconnection,MISO:J3970||Huron|MINDEN|2025-04-01T04:00:00+00:00,nan,0.264785,logistic-v1,"{""iso"":""MISO"",""fuel"":""wind"",""mw"":70.0,""queue_year"":2025}",,2033-12-31,"ISO queue terminal status, observed in data/snapshots/",open,,
2026-09-02T12:03:38+00:00,interconnection,MISO:J3968||Coles|Mattoon West|2025-03-14T04:00:00+00:00,nan,0.341289,logistic-v1,"{""iso"":""MISO"",""fuel"":""storage"",""mw"":100.0,""queue_year"":2025}",,2033-12-31,"ISO queue terminal status, observed in data/snapshots/",open,,
2026-09-02T12:03:38+00:00,interconnection,MISO:J3971||Huron|STEIN|2025-04-01T04:00:00+00:00,nan,0.200491,logistic-v1,"{""iso"":""MISO"",""fuel"":""wind"",""mw"":255.0,""queue_year"":2025}",,2033-12-31,"ISO queue terminal status, observed in data/snapshots/",open,,
2026-09-02T12:03:38+00:00,interconnection,MISO:J4010||De Witt|Clinton 345kV Substation|2025-04-30T04:00:00+00:00,nan,0.843769,logistic-v1,"{""iso"":""MISO"",""fuel"":""nuclear"",""mw"":21.0,""queue_year"":2025}",,2033-12-31,"ISO queue terminal status, observed in data/snapshots/",open,,
2026-09-02T12:03:38+00:00,interconnection,MISO:R5096||Mississippi|AECC Dell East - Blytheville Elm St 161 kV|2026-03-17T06:40:55+00:00,nan,0.111809,logistic-v1,"{""iso"":""MISO"",""fuel"":""unknown"",""mw"":0.0,""queue_year"":2026}",,2034-12-31,"ISO queue terminal status, observed in data/snapshots/",open,,
2026-09-02T12:03:38+00:00,interconnection,MISO:J4026||Lenawee|BEECHER - KNOWLES 138.0kV|2025-05-21T04:00:00+00:00,nan,0.184211,logistic-v1,"{""iso"":""MISO"",""fuel"":""storage"",""mw"":250.0,""queue_year"":2025}",,2033-12-31,"ISO queue terminal status, observed in data/snapshots/",open,,
2026-09-02T12:03:38+00:00,interconnection,MISO:J4065||Dakota|Nininger 115 kV|2025-09-22T04:00:00+00:00,nan,0.211248,logistic-v1,"{""iso"":""MISO"",""fuel"":""storage"",""mw"":200.0,""queue_year"":2025}",,2033-12-31,"ISO queue terminal status, observed in data/snapshots/",open,,
2026-09-02T12:03:38+00:00,interconnection,MISO:J4063||Knox|Gibson Sta - Bedford 345 345.0kV|2025-09-04T04:00:00+00:00,nan,0.069298,logistic-v1,"{""iso"":""MISO"",""fuel"":""wind"",""mw"":300.0,""queue_year"":2025}",,2033-12-31,"ISO queue terminal status, observed in data/snapshots/",open,,
2026-09-02T12:03:38+00:00,interconnection,MISO:J4009||Marshall|Viking - Karlstad 115.0kV|2025-04-25T04:00:00+00:00,nan,0.340758,logistic-v1,"{""iso"":""MISO"",""fuel"":""solar"",""mw"":80.0,""queue_year"":2025}",,2033-12-31,"ISO queue terminal status, observed in data/snapshots/",open,,
2026-09-02T12:03:38+00:00,interconnection,MISO:J4040||Van Buren|Palisades Switchyard|2025-07-25T04:00:00+00:00,nan,0.444554,logistic-v1,"{""iso"":""MISO"",""fuel"":""nuclear"",""mw"":735.0,""queue_year"":2025}",,2033-12-31,"ISO queue terminal status, observed in data/snapshots/",open,,
2026-09-02T12:03:38+00:00,interconnection,MISO:J4044||Lenawee|BEECHER - SEEMLESS EAST 138.0kV|2025-08-13T04:00:00+00:00,nan,0.205069,logistic-v1,"{""iso"":""MISO"",""fuel"":""solar"",""mw"":190.0,""queue_year"":2025}",,2033-12-31,"ISO queue terminal status, observed in data/snapshots/",open,,
2026-09-02T12:03:38+00:00,interconnection,MISO:J4047||Tuscola|KARN - THETFORD (ATLANTA) 138.0kV|2025-08-13T04:00:00+00:00,nan,0.213043,logistic-v1,"{""iso"":""MISO"",""fuel"":""solar"",""mw"":160.0,""queue_year"":2025}",,2033-12-31,"ISO queue terminal status, observed in data/snapshots/",open,,
2026-09-02T12:03:38+00:00,interconnection,MISO:J4050||Jefferson Davis|NELSON 500 SWYD - RICHARD 500.0kV|2025-09-02T04:00:00+00:00,nan,0.280252,logistic-v1,"{""iso"":""MISO"",""fuel"":""solar"",""mw"":220.0,""queue_year"":2025}",,2033-12-31,"ISO queue terminal status, observed in data/snapshots/",open,,
2026-09-02T12:03:38+00:00,interconnection,MISO:J3899||Putnam|Other_|2024-12-03T05:00:00+00:00,nan,0.455677,logistic-v1,"{""iso"":""MISO"",""fuel"":""solar"",""mw"":100.0,""queue_year"":2024}",,2032-12-31,"ISO queue terminal status, observed in data/snapshots/",open,,
2026-09-02T12:03:38+00:00,interconnection,MISO:J4233||||2026-03-21T01:18:26+00:00,nan,0.107234,logistic-v1,"{""iso"":""MISO"",""fuel"":""unknown"",""mw"":300.0,""queue_year"":2026}",,2034-12-31,"ISO queue terminal status, observed in data/snapshots/",open,,
2026-09-02T12:03:38+00:00,interconnection,MISO:J4225||||2026-03-20T19:02:22+00:00,nan,0.051270,logistic-v1,"{""iso"":""MISO"",""fuel"":""unknown"",""mw"":250.0,""queue_year"":2026}",,2034-12-31,"ISO queue terminal status, observed in data/snapshots/",open,,
2026-09-02T12:03:38+00:00,interconnection,MISO:J4235||Linn|Duane Arnold|2026-03-21T01:44:17+00:00,nan,0.074267,logistic-v1,"{""iso"":""MISO"",""fuel"":""unknown"",""mw"":400.0,""queue_year"":2026}",,2034-12-31,"ISO queue terminal status, observed in data/snapshots/",open,,
2026-09-02T12:03:38+00:00,interconnection,MISO:S1100||Mississippi|BLYTHEVILLE I-55 - AECC BLYTHEVILLE NORTH 161.0kV|2025-06-18T04:00:00+00:00,nan,0.097574,logistic-v1,"{""iso"":""MISO"",""fuel"":""storage"",""mw"":200.0,""queue_year"":2025}",,2028-09-02,"ISO queue terminal status, observed in data/snapshots/",open,,
2026-09-02T12:03:38+00:00,interconnection,MISO:J4072||Redwood|Cedar Mountain - Lyon County 345.0kV|2025-10-06T04:00:00+00:00,nan,0.171477,logistic-v1,"{""iso"":""MISO"",""fuel"":""storage"",""mw"":500.0,""queue_year"":2025}",,2033-12-31,"ISO queue terminal status, observed in data/snapshots/",open,,
2026-09-02T12:03:38+00:00,interconnection,MISO:J4077||Emmons|Linton NW|2025-10-06T04:00:00+00:00,nan,0.377489,logistic-v1,"{""iso"":""MISO"",""fuel"":""solar"",""mw"":45.0,""queue_year"":2025}",,2033-12-31,"ISO queue terminal status, observed in data/snapshots/",open,,
2026-09-02T12:03:38+00:00,interconnection,MISO:J4041||Menard|Shockey|2025-06-12T04:00:00+00:00,nan,0.068174,logistic-v1,"{""iso"":""MISO"",""fuel"":""solar"",""mw"":220.0,""queue_year"":2025}",,2033-12-31,"ISO queue terminal status, observed in data/snapshots/",open,,
2026-09-02T12:03:38+00:00,interconnection,MISO:J4043||Eaton|Oneida|2025-08-13T04:00:00+00:00,nan,0.208071,logistic-v1,"{""iso"":""MISO"",""fuel"":""solar"",""mw"":178.0,""queue_year"":2025}",,2033-12-31,"ISO queue terminal status, observed in data/snapshots/",open,,
2026-09-02T12:03:38+00:00,interconnection,MISO:J4068||Marshall|Lehigh - Marshalltown (Twinkle) 345kV|2025-10-03T04:00:00+00:00,nan,0.222925,logistic-v1,"{""iso"":""MISO"",""fuel"":""wind"",""mw"":232.0,""queue_year"":2025}",,2033-12-31,"ISO queue terminal status, observed in data/snapshots/",open,,
2026-09-02T12:03:38+00:00,interconnection,MISO:J4078||Mower|ADAMS|2025-10-06T04:00:00+00:00,nan,0.073568,logistic-v1,"{""iso"":""MISO"",""fuel"":""storage"",""mw"":500.0,""queue_year"":2025}",,2033-12-31,"ISO queue terminal status, observed in data/snapshots/",open,,
2026-09-02T12:03:38+00:00,interconnection,MISO:J4095||Huron|GRASSMERE|2025-10-06T04:00:00+00:00,nan,0.176630,logistic-v1,"{""iso"":""MISO"",""fuel"":""storage"",""mw"":300.0,""queue_year"":2025}",,2033-12-31,"ISO queue terminal status, observed in data/snapshots/",open,,
2026-09-02T12:03:38+00:00,interconnection,MISO:J4079||Calcasieu|NELSON 230 SWYD - PENTON ROAD (CLECO) 230.0kV|2025-10-07T04:00:00+00:00,nan,0.225013,logistic-v1,"{""iso"":""MISO"",""fuel"":""storage"",""mw"":150.0,""queue_year"":2025}",,2033-12-31,"ISO queue terminal status, observed in data/snapshots/",open,,
2026-09-02T12:03:38+00:00,interconnection,MISO:J3918||Champaign|4RANTOUL  - 4RISING   138.0kV|2025-02-06T05:00:00+00:00,nan,0.345688,logistic-v1,"{""iso"":""MISO"",""fuel"":""wind"",""mw"":138.38,""queue_year"":2025}",,2033-12-31,"ISO queue terminal status, observed in data/snapshots/",open,,
2026-09-02T12:03:38+00:00,interconnection,MISO:J4081||Grant|Big Stone South 345 kV substation|2025-10-07T04:00:00+00:00,nan,0.200990,logistic-v1,"{""iso"":""MISO"",""fuel"":""storage"",""mw"":250.0,""queue_year"":2025}",,2033-12-31,"ISO queue terminal status, observed in data/snapshots/",open,,
2026-09-02T12:03:38+00:00,interconnection,MISO:J4096||Goodhue|Other_|2025-10-07T04:00:00+00:00,nan,0.116945,logistic-v1,"{""iso"":""MISO"",""fuel"":""wind"",""mw"":120.0,""queue_year"":2025}",,2033-12-31,"ISO queue terminal status, observed in data/snapshots/",open,,
2026-09-02T12:03:38+00:00,interconnection,MISO:J4094||Huron|GRASSMERE|2025-10-06T04:00:00+00:00,nan,0.176630,logistic-v1,"{""iso"":""MISO"",""fuel"":""storage"",""mw"":300.0,""queue_year"":2025}",,2033-12-31,"ISO queue terminal status, observed in data/snapshots/",open,,
2026-09-02T12:03:38+00:00,interconnection,MISO:J4093||Mason|PERE MARQUETTE|2025-10-06T04:00:00+00:00,nan,0.122902,logistic-v1,"{""iso"":""MISO"",""fuel"":""storage"",""mw"":400.0,""queue_year"":2025}",,2033-12-31,"ISO queue terminal status, observed in data/snapshots/",open,,
2026-09-02T12:03:38+00:00,interconnection,MISO:J4137||Pulaski|Other_|2025-09-29T04:00:00+00:00,nan,0.299056,logistic-v1,"{""iso"":""MISO"",""fuel"":""storage"",""mw"":200.0,""queue_year"":2025}",,2033-12-31,"ISO queue terminal status, observed in data/snapshots/",open,,
2026-09-02T12:03:38+00:00,interconnection,MISO:S1141||Hinds|TINNIN ROAD|2025-08-26T04:00:00+00:00,nan,0.225013,logistic-v1,"{""iso"":""MISO"",""fuel"":""storage"",""mw"":150.0,""queue_year"":2025}",,2033-12-31,"ISO queue terminal status, observed in data/snapshots/",open,,
2026-09-02T12:03:38+00:00,interconnection,MISO:J4203||Huron|RAPSON - STEIN 345.0kV|2025-06-06T04:00:00+00:00,nan,0.186592,logistic-v1,"{""iso"":""MISO"",""fuel"":""wind"",""mw"":350.0,""queue_year"":2025}",,2033-12-31,"ISO queue terminal status, observed in data/snapshots/",open,,
2026-09-02T12:03:38+00:00,interconnection,MISO:J4138||Iberville|WEBRE|2025-10-07T04:00:00+00:00,nan,0.324938,logistic-v1,"{""iso"":""MISO"",""fuel"":""gas"",""mw"":805.0,""queue_year"":2025}",,2033-12-31,"ISO queue terminal status, observed in data/snapshots/",open,,
2026-09-02T12:03:38+00:00,interconnection,MISO:S1145||Huron|Harvest Wind Point Tap 120 kV|2025-10-30T04:00:00+00:00,nan,0.225983,logistic-v1,"{""iso"":""MISO"",""fuel"":""storage"",""mw"":100.0,""queue_year"":2025}",,2033-12-31,"ISO queue terminal status, observed in data/snapshots/",open,,
2026-09-02T12:03:38+00:00,interconnection,MISO:J4048||Oceana|MEYER - LUDINGTON 345.0kV|2025-08-19T04:00:00+00:00,nan,0.231169,logistic-v1,"{""iso"":""MISO"",""fuel"":""solar"",""mw"":110.0,""queue_year"":2025}",,2033-12-31,"ISO queue terminal status, observed in data/snapshots/",open,,
2026-09-02T12:03:38+00:00,interconnection,MISO:S1079||Cass|BISON|2025-03-25T04:00:00+00:00,nan,0.093185,logistic-v1,"{""iso"":""MISO"",""fuel"":""storage"",""mw"":200.0,""queue_year"":2025}",,2028-09-02,"ISO queue terminal status, observed in data/snapshots/",open,,
2026-09-02T12:03:38+00:00,interconnection,MISO:S1092||Lafayette|Falcon|2025-03-04T05:00:00+00:00,nan,0.226972,logistic-v1,"{""iso"":""MISO"",""fuel"":""storage"",""mw"":98.0,""queue_year"":2025}",,2033-12-31,"ISO queue terminal status, observed in data/snapshots/",open,,
2026-09-02T12:03:38+00:00,interconnection,MISO:J4034||Vigo|Sandford 345 kV|2025-06-13T04:00:00+00:00,nan,0.130191,logistic-v1,"{""iso"":""MISO"",""fuel"":""solar"",""mw"":70.0,""queue_year"":2025}",,2033-12-31,"ISO queue terminal status, observed in data/snapshots/",open,,
2026-09-02T12:03:38+00:00,interconnection,MISO:J4165||Kenosha|Other_|2025-09-29T04:00:00+00:00,nan,0.278403,logistic-v1,"{""iso"":""MISO"",""fuel"":""gas"",""mw"":1203.0,""queue_year"":2025}",,2033-12-31,"ISO queue terminal status, observed in data/snapshots/",open,,
2026-09-02T12:03:38+00:00,interconnection,MISO:J4163||Drew|Wilmar East|2025-11-05T05:00:00+00:00,nan,0.285492,logistic-v1,"{""iso"":""MISO"",""fuel"":""biomass"",""mw"":0.0,""queue_year"":2025}",,2033-12-31,"ISO queue terminal status, observed in data/snapshots/",open,,
2026-09-02T12:03:38+00:00,interconnection,MISO:J4257||||2026-08-17T19:45:28+00:00,nan,0.235910,logistic-v1,"{""iso"":""MISO"",""fuel"":""unknown"",""mw"":80.0,""queue_year"":2026}",,2034-12-31,"ISO queue terminal status, observed in data/snapshots/",open,,
2026-09-02T12:03:38+00:00,interconnection,MISO:S1103||Perry|Aster 138kV Station|2025-06-17T04:00:00+00:00,nan,0.341289,logistic-v1,"{""iso"":""MISO"",""fuel"":""storage"",""mw"":100.0,""queue_year"":2025}",,2033-12-31,"ISO queue terminal status, observed in data/snapshots/",open,,
2026-09-02T12:03:38+00:00,interconnection,MISO:J4169||Dickinson|Nordic|2025-10-06T04:00:00+00:00,nan,0.480916,logistic-v1,"{""iso"":""MISO"",""fuel"":""solar"",""mw"":5.99,""queue_year"":2025}",,2033-12-31,"ISO queue terminal status, observed in data/snapshots/",open,,
2026-09-02T12:03:38+00:00,interconnection,MISO:J4038||St. Francis|BRINKLEY EAST - AECC PALESTINE 161.0kV|2025-06-18T04:00:00+00:00,nan,0.326794,logistic-v1,"{""iso"":""MISO"",""fuel"":""solar_storage"",""mw"":80.0,""queue_year"":2025}",,2033-12-31,"ISO queue terminal status, observed in data/snapshots/",open,,
2026-09-02T12:03:38+00:00,interconnection,MISO:S1102||Cass|Walton 230|2025-06-16T04:00:00+00:00,nan,0.069528,logistic-v1,"{""iso"":""MISO"",""fuel"":""storage"",""mw"":200.0,""queue_year"":2025}",,2033-12-31,"ISO queue terminal status, observed in data/snapshots/",open,,
2026-09-02T12:03:38+00:00,interconnection,MISO:S1072||Sherburne|Sherburne 345kV|2024-12-05T05:00:00+00:00,nan,0.132661,logistic-v1,"{""iso"":""MISO"",""fuel"":""unknown"",""mw"":10.0,""queue_year"":2024}",,2032-12-31,"ISO queue terminal status, observed in data/snapshots/",open,,
2026-09-02T12:03:38+00:00,interconnection,MISO:J4255||||2026-07-24T21:04:01+00:00,nan,0.035989,logistic-v1,"{""iso"":""MISO"",""fuel"":""unknown"",""mw"":300.0,""queue_year"":2026}",,2034-12-31,"ISO queue terminal status, observed in data/snapshots/",open,,
2026-09-02T12:03:38+00:00,interconnection,MISO:R5099||Liberty|Colony - Plum Grove 230 kV|2026-07-22T16:54:37+00:00,nan,0.401184,logistic-v1,"{""iso"":""MISO"",""fuel"":""unknown"",""mw"":0.0,""queue_year"":2026}",,2034-12-31,"ISO queue terminal status, observed in data/snapshots/",open,,
2026-09-02T12:03:38+00:00,interconnection,MISO:J4256||||2026-08-10T22:42:47+00:00,nan,0.014486,logistic-v1,"{""iso"":""MISO"",""fuel"":""unknown"",""mw"":2015.0,""queue_year"":2026}",,2034-12-31,"ISO queue terminal status, observed in data/snapshots/",open,,
2026-09-02T12:03:38+00:00,interconnection,MISO:S1066||Lenawee County||2024-10-07T04:00:00+00:00,nan,0.128072,logistic-v1,"{""iso"":""MISO"",""fuel"":""unknown"",""mw"":75.0,""queue_year"":2024}",,2032-12-31,"ISO queue terminal status, observed in data/snapshots/",open,,
2026-09-02T12:03:38+00:00,interconnection,MISO:S1086||Stoddard|Stoddard - Morley 161kV|2025-02-18T05:00:00+00:00,nan,0.028651,logistic-v1,"{""iso"":""MISO"",""fuel"":""unknown"",""mw"":225.0,""queue_year"":2025}",,2033-12-31,"ISO queue terminal status, observed in data/snapshots/",open,,
2026-09-02T12:03:38+00:00,interconnection,MISO:S1057||Cumberland and Coles|Neoga South|2024-07-15T04:00:00+00:00,nan,0.216221,logistic-v1,"{""iso"":""MISO"",""fuel"":""unknown"",""mw"":210.0,""queue_year"":2024}",,2032-12-31,"ISO queue terminal status, observed in data/snapshots/",open,,
2026-09-02T12:03:38+00:00,interconnection,MISO:S1075||Jasper and Starke|Hinshaw 345 kV|2024-12-20T05:00:00+00:00,nan,0.175736,logistic-v1,"{""iso"":""MISO"",""fuel"":""unknown"",""mw"":100.0,""queue_year"":2024}",,2032-12-31,"ISO queue terminal status, observed in data/snapshots/",open,,
2026-09-02T12:03:38+00:00,interconnection,MISO:S1074||Phillips|Ritchie Plant 230 kV Substation|2025-02-28T05:00:00+00:00,nan,0.139606,logistic-v1,"{""iso"":""MISO"",""fuel"":""unknown"",""mw"":200.0,""queue_year"":2025}",,2033-12-31,"ISO queue terminal status, observed in data/snapshots/",open,,
2026-09-02T12:03:38+00:00,interconnection,MISO:J4252||||2026-07-15T19:34:08+00:00,nan,0.123458,logistic-v1,"{""iso"":""MISO"",""fuel"":""unknown"",""mw"":250.0,""queue_year"":2026}",,2034-12-31,"ISO queue terminal status, observed in data/snapshots/",open,,
2026-09-02T12:03:38+00:00,interconnection,MISO:J4250||||2026-07-15T19:16:39+00:00,nan,0.130405,logistic-v1,"{""iso"":""MISO"",""fuel"":""unknown"",""mw"":200.0,""queue_year"":2026}",,2034-12-31,"ISO queue terminal status, observed in data/snapshots/",open,,
2026-09-02T12:03:38+00:00,interconnection,"MISO:R1052|||""18CAMPBELLW”, “18CAMPBELLB|2024-06-24T04:00:00+00:00",nan,0.075249,logistic-v1,"{""iso"":""MISO"",""fuel"":""unknown"",""mw"":615.0,""queue_year"":2024}",,2032-12-31,"ISO queue terminal status, observed in data/snapshots/",open,,
2026-09-02T12:03:38+00:00,interconnection,MISO:S1073||Webster|Hopkins to Reid EVH 161kV|2025-02-19T05:00:00+00:00,nan,0.175946,logistic-v1,"{""iso"":""MISO"",""fuel"":""unknown"",""mw"":75.0,""queue_year"":2025}",,2033-12-31,"ISO queue terminal status, observed in data/snapshots/",open,,
2026-09-02T12:03:38+00:00,interconnection,MISO:S1053||Chisago|Chisago County Substation|2024-07-09T04:00:00+00:00,nan,0.075618,logistic-v1,"{""iso"":""MISO"",""fuel"":""unknown"",""mw"":100.0,""queue_year"":2024}",,2032-12-31,"ISO queue terminal status, observed in data/snapshots/",open,,
2026-09-02T12:03:38+00:00,interconnection,MISO:S1065||Washtenaw County|Majestic 345kV to Milan 345kV|2024-10-07T04:00:00+00:00,nan,0.170978,logistic-v1,"{""iso"":""MISO"",""fuel"":""unknown"",""mw"":76.5,""queue_year"":2024}",,2028-09-30,"ISO queue terminal status, observed in data/snapshots/",open,,
2026-09-02T12:03:38+00:00,interconnection,MISO:S1076||Tangipahoa Parish|Amite 115kV|2025-01-07T05:00:00+00:00,nan,0.173354,logistic-v1,"{""iso"":""MISO"",""fuel"":""unknown"",""mw"":80.0,""queue_year"":2025}",,2033-12-31,"ISO queue terminal status, observed in data/snapshots/",open,,
2026-09-02T12:03:38+00:00,interconnection,MISO:S1091||Cape Girardeau|Adna 345 kV|2025-02-19T05:00:00+00:00,nan,0.139606,logistic-v1,"{""iso"":""MISO"",""fuel"":""unknown"",""mw"":200.0,""queue_year"":2025}",,2033-12-31,"ISO queue terminal status, observed in data/snapshots/",open,,
2026-09-02T12:03:38+00:00,interconnection,MISO:S1068||Hillsdale|Cronk Road|,nan,0.166680,logistic-v1,"{""iso"":""MISO"",""fuel"":""unknown"",""mw"":150.0,""queue_year"":2022}",,2030-12-31,"ISO queue terminal status, observed in data/snapshots/",open,,
2026-09-02T12:03:38+00:00,interconnection,MISO:S1061||Midland|Redstone 138 kV - Bus #256543|2024-08-01T04:00:00+00:00,nan,0.141180,logistic-v1,"{""iso"":""MISO"",""fuel"":""unknown"",""mw"":50.0,""queue_year"":2024}",,2028-09-02,"ISO queue terminal status, observed in data/snapshots/",open,,
2026-09-02T12:03:38+00:00,interconnection,MISO:R5068||||,nan,0.057040,logistic-v1,"{""iso"":""MISO"",""fuel"":""unknown"",""mw"":40.0,""queue_year"":2022}",,2028-09-02,"ISO queue terminal status, observed in data/snapshots/",open,,
2026-09-02T12:03:38+00:00,interconnection,MISO:S1052||Cumberland|Neoga South 138kV|2024-06-14T04:00:00+00:00,nan,0.232653,logistic-v1,"{""iso"":""MISO"",""fuel"":""unknown"",""mw"":150.0,""queue_year"":2024}",,2032-12-31,"ISO queue terminal status, observed in data/snapshots/",open,,
2026-09-02T12:03:38+00:00,interconnection,MISO:S1047||Codington|Big Stone South 230kV|2023-10-13T04:00:00+00:00,nan,0.179803,logistic-v1,"{""iso"":""MISO"",""fuel"":""unknown"",""mw"":120.0,""queue_year"":2023}",,2031-12-31,"ISO queue terminal status, observed in data/snapshots/",open,,
2026-09-02T12:03:38+00:00,interconnection,MISO:S1087||Clinton|Rock Creek 345 kV|2025-02-18T05:00:00+00:00,nan,0.102622,logistic-v1,"{""iso"":""MISO"",""fuel"":""unknown"",""mw"":150.0,""queue_year"":2025}",,2033-12-31,"ISO queue terminal status, observed in data/snapshots/",open,,
2026-09-02T12:03:38+00:00,interconnection,MISO:R1048||Iberville|Dow Meter Point|2024-05-13T04:00:00+00:00,nan,0.095207,logistic-v1,"{""iso"":""MISO"",""fuel"":""unknown"",""mw"":1231.73,""queue_year"":2024}",,2032-12-31,"ISO queue terminal status, observed in data/snapshots/",open,,
2026-09-02T12:03:38+00:00,interconnection,MISO:S1055||Beltrami|Wilton (endpoint 1) to Bagley (endpoint 2) 115kV|2024-07-09T04:00:00+00:00,nan,0.205437,logistic-v1,"{""iso"":""MISO"",""fuel"":""unknown"",""mw"":50.0,""queue_year"":2024}",,2032-12-31,"ISO queue terminal status, observed in data/snapshots/",open,,
2026-09-02T12:03:38+00:00,interconnection,MISO:S1054||Cottonwood|Lakefield Junction 345kV|2024-07-19T04:00:00+00:00,nan,0.056698,logistic-v1,"{""iso"":""MISO"",""fuel"":""unknown"",""mw"":300.0,""queue_year"":2024}",,2032-12-31,"ISO queue terminal status, observed in data/snapshots/",open,,
2026-09-02T12:03:38+00:00,interconnection,NYISO:0276|Homer Solar Energy Center|Cortland|Cortland - Fenner 115kV|2008-01-30,Homer Solar Energy Center,0.128934,logistic-v1,"{""iso"":""NYISO"",""fuel"":""solar"",""mw"":90.0,""queue_year"":2008}",,2028-09-02,"ISO queue terminal status, observed in data/snapshots/",open,,
2026-09-02T12:03:38+00:00,interconnection,NYISO:0495|Mohawk Solar|Montgomery|St. Johnsville - Marshville 115kV|2015-04-02,Mohawk Solar,0.078444,logistic-v1,"{""iso"":""NYISO"",""fuel"":""solar"",""mw"":90.5,""queue_year"":2015}",,2028-09-02,"ISO queue terminal status, observed in data/snapshots/",open,,
2026-09-02T12:03:38+00:00,interconnection,NYISO:0519|Canisteo Wind|Steuben|Bennett 115kV|2015-11-02,Canisteo Wind,0.052124,logistic-v1,"{""iso"":""NYISO"",""fuel"":""wind"",""mw"":290.7,""queue_year"":2015}",,2028-09-02,"ISO queue terminal status, observed in data/snapshots/",open,,
2026-09-02T12:03:38+00:00,interconnection,NYISO:0522|NYC Energy|Kings|Hudson Avenue East 138kV|2015-12-16,NYC Energy,0.034041,logistic-v1,"{""iso"":""NYISO"",""fuel"":""storage"",""mw"":79.9,""queue_year"":2015}",,2028-09-02,"ISO queue terminal status, observed in data/snapshots/",open,,
2026-09-02T12:03:38+00:00,interconnection,NYISO:0535|Riverhead Solar 2|Suffolk|Edwards 138kV|2016-02-23,Riverhead Solar 2,0.057184,logistic-v1,"{""iso"":""NYISO"",""fuel"":""solar"",""mw"":36.0,""queue_year"":2016}",,2028-09-02,"ISO queue terminal status, observed in data/snapshots/",open,,
2026-09-02T12:03:38+00:00,interconnection,NYISO:0564|Rock District Solar|Schoharie|Sharon - Cobleskill 69kV|2016-07-25,Rock District Solar,0.106493,logistic-v1,"{""iso"":""NYISO"",""fuel"":""solar"",""mw"":20.0,""queue_year"":2016}",,2028-09-02,"ISO queue terminal status, observed in data/snapshots/",open,,
2026-09-02T12:03:38+00:00,interconnection,NYISO:0571|Heritage Wind|Genesee|Lockport - Mortimer 115kV|2016-09-01,Heritage Wind,0.050903,logistic-v1,"{""iso"":""NYISO"",""fuel"":""wind"",""mw"":126.0,""queue_year"":2016}",,2028-09-02,"ISO queue terminal status, observed in data/snapshots/",open,,
2026-09-02T12:03:38+00:00,interconnection,NYISO:0572|Greene County 1|Greene|Coxsackie - North Catskill 69kV|2016-09-06,Greene County 1,0.066438,logistic-v1,"{""iso"":""NYISO"",""fuel"":""solar"",""mw"":20.0,""queue_year"":2016}",,2028-09-02,"ISO queue terminal status, observed in data/snapshots/",open,,
2026-09-02T12:03:38+00:00,interconnection,NYISO:0573|Greene County 2|Greene|Coxsackie 13.8kV|2016-09-06,Greene County 2,0.078694,logistic-v1,"{""iso"":""NYISO"",""fuel"":""solar"",""mw"":10.0,""queue_year"":2016}",,2028-09-02,"ISO queue terminal status, observed in data/snapshots/",open,,
2026-09-02T12:03:38+00:00,interconnection,NYISO:0575|Little Pond Solar|Orange|Mongaup - Shoemaker 69kV|2016-09-16,Little Pond Solar,0.066438,logistic-v1,"{""iso"":""NYISO"",""fuel"":""solar"",""mw"":20.0,""queue_year"":2016}",,2028-09-02,"ISO queue terminal status, observed in data/snapshots/",open,,
2026-09-02T12:03:38+00:00,interconnection,NYISO:0581|Hills Solar|Herkimer|Fairfield - Inghams 115kV|2025-11-26,Hills Solar,0.055387,logistic-v1,"{""iso"":""NYISO"",""fuel"":""solar"",""mw"":20.0,""queue_year"":2025}",,2028-09-02,"ISO queue terminal status, observed in data/snapshots/",open,,
2026-09-02T12:03:38+00:00,interconnection,NYISO:0584|Dog Corners Solar|Cayuga|Aurora 34.5kV|2025-11-25,Dog Corners Solar,0.065648,logistic-v1,"{""iso"":""NYISO"",""fuel"":""solar"",""mw"":20.0,""queue_year"":2025}",,2028-09-02,"ISO queue terminal status, observed in data/snapshots/",open,,
2026-09-02T12:03:38+00:00,interconnection,NYISO:0586|Watkins Rd Solar|Herkimer|Watkins Rd - Ilion 115kV|2016-11-08,Watkins Rd Solar,0.106493,logistic-v1,"{""iso"":""NYISO"",""fuel"":""solar"",""mw"":20.0,""queue_year"":2016}",,2028-09-02,"ISO queue terminal status, observed in data/snapshots/",open,,
2026-09-02T12:03:38+00:00,interconnection,NYISO:0590|Scipio Solar|Cayuga|Scipio 34.5kV|2016-12-02,Scipio Solar,0.128091,logistic-v1,"{""iso"":""NYISO"",""fuel"":""solar"",""mw"":18.0,""queue_year"":2016}",,2028-09-02,"ISO queue terminal status, observed in data/snapshots/",open,,
2026-09-02T12:03:38+00:00,interconnection,NYISO:0596|Alle Catt II Wind|Cattaraugus|Stolle Rd - Five Mile Rd 345kV|2017-01-04,Alle Catt II Wind,0.036179,logistic-v1,"{""iso"":""NYISO"",""fuel"":""wind"",""mw"":339.1,""queue_year"":2017}",,2028-09-02,"ISO queue terminal status, observed in data/snapshots/",open,,
2026-09-02T12:03:38+00:00,interconnection,NYISO:0617|Watkins Glen Solar|Schuyler|Bath - Montour Falls 115kV|2017-03-27,Watkins Glen Solar,0.093177,logistic-v1,"{""iso"":""NYISO"",""fuel"":""solar"",""mw"":50.0,""queue_year"":2017}",,2028-09-02,"ISO queue terminal status, observed in data/snapshots/",open,,
2026-09-02T12:03:38+00:00,interconnection,NYISO:0620|Gateway Solar Energy Center|St. Lawrence|Massena - Moses 230kV|2017-03-27,Gateway Solar Energy Center,0.034573,logistic-v1,"{""iso"":""NYISO"",""fuel"":""solar"",""mw"":180.0,""queue_year"":2017}",,2028-09-02,"ISO queue terminal status, observed in data/snapshots/",open,,
2026-09-02T12:03:38+00:00,interconnection,"NYISO:0637|Flint Mine Solar|Greene|LaFarge - Pleasant Valley 115kV, Feura Bush - North Catskill 115kV|2017-06-29",Flint Mine Solar,0.066039,logistic-v1,"{""iso"":""NYISO"",""fuel"":""solar"",""mw"":100.0,""queue_year"":2017}",,2028-09-02,"ISO queue terminal status, observed in data/snapshots/",open,,
2026-09-02T12:03:38+00:00,interconnection,NYISO:0644|Columbia County 1|Columbia|Craryville 115kV|2017-07-26,Columbia County 1,0.088994,logistic-v1,"{""iso"":""NYISO"",""fuel"":""solar"",""mw"":60.0,""queue_year"":2017}",,2028-09-02,"ISO queue terminal status, observed in data/snapshots/",open,,
2026-09-02T12:03:38+00:00,interconnection,NYISO:0670|SunEast Skyline Solar LLC|Westmoreland|Campus Rd - Clinton 46kV|2017-09-21,SunEast Skyline Solar LLC,0.099222,logistic-v1,"{""iso"":""NYISO"",""fuel"":""solar"",""mw"":20.0,""queue_year"":2017}",,2028-09-02,"ISO queue terminal status, observed in data/snapshots/",open,,
2026-09-02T12:03:38+00:00,interconnection,NYISO:0683|KCE NY 2|Montgomery|Coldenham 115kV|2018-01-18,KCE NY 2,0.021064,logistic-v1,"{""iso"":""NYISO"",""fuel"":""storage"",""mw"":200.0,""queue_year"":2018}",,2028-09-02,"ISO queue terminal status, observed in data/snapshots/",open,,
2026-09-02T12:03:38+00:00,interconnection,NYISO:0704|Bear Ridge Solar|Niagara|Mountain- Lockport 115kV|2018-03-20,Bear Ridge Solar,0.061341,logistic-v1,"{""iso"":""NYISO"",""fuel"":""solar"",""mw"":100.0,""queue_year"":2018}",,2028-09-02,"ISO queue terminal status, observed in data/snapshots/",open,,
2026-09-02T12:03:38+00:00,interconnection,NYISO:0710|Horseshoe Solar|Livingston|Golah 115kV|2018-05-29,Horseshoe Solar,0.052517,logistic-v1,"{""iso"":""NYISO"",""fuel"":""solar"",""mw"":180.0,""queue_year"":2018}",,2028-09-02,"ISO queue terminal status, observed in data/snapshots/",open,,
2026-09-02T12:03:38+00:00,interconnection,NYISO:0716|Moraine Solar Energy Center|Allegany|Moraine 115kV|2018-06-04,Moraine Solar Energy Center,0.073895,logistic-v1,"{""iso"":""NYISO"",""fuel"":""solar"",""mw"":93.5,""queue_year"":2018}",,2028-09-02,"ISO queue terminal status, observed in data/snapshots/",open,,
2026-09-02T12:03:38+00:00,interconnection,NYISO:0720|Trelina Solar Energy Center|Seneca|Border City - Station 168 115 KV|2018-06-07,Trelina Solar Energy Center,0.076977,logistic-v1,"{""iso"":""NYISO"",""fuel"":""solar"",""mw"":79.8,""queue_year"":2018}",,2028-09-02,"ISO queue terminal status, observed in data/snapshots/",open,,
2026-09-02T12:03:38+00:00,interconnection,NYISO:0721|Excelsior Energy Center|Genesee|Dysinger - N. Rochester 345kV|2018-06-07,Excelsior Energy Center,0.028402,logistic-v1,"{""iso"":""NYISO"",""fuel"":""solar"",""mw"":280.0,""queue_year"":2018}",,2028-09-02,"ISO queue terminal status, observed in data/snapshots/",open,,
2026-09-02T12:03:38+00:00,interconnection,NYISO:0734|Ticonderoga Solar|Essex|Ticonderoga 115kV - Republic Line 2|2018-06-12,Ticonderoga Solar,0.092397,logistic-v1,"{""iso"":""NYISO"",""fuel"":""solar"",""mw"":20.0,""queue_year"":2018}",,2028-09-02,"ISO queue terminal status, observed in data/snapshots/",open,,
2026-09-02T12:03:38+00:00,interconnection,NYISO:0737|Empire Wind 1|Kings|Gowanus 345kV|2018-06-12,Empire Wind 1,0.015918,logistic-v1,"{""iso"":""NYISO"",""fuel"":""wind"",""mw"":816.0,""queue_year"":2018}",,2028-09-02,"ISO queue terminal status, observed in data/snapshots/",open,,
2026-09-02T12:03:38+00:00,interconnection,NYISO:0766|Sunrise Wind|Suffolk|Holbrook 138kV & West Bus 138kV|2018-09-28,Sunrise Wind,0.015588,logistic-v1,"{""iso"":""NYISO"",""fuel"":""wind"",""mw"":880.0,""queue_year"":2018}",,2028-09-02,"ISO queue terminal status, observed in data/snapshots/",open,,
2026-09-02T12:03:38+00:00,interconnection,NYISO:0774|Tracy Solar Energy Center|Jefferson|Thousand Island - Lyme 115kV|2018-10-18,Tracy Solar Energy Center,0.058599,logistic-v1,"{""iso"":""NYISO"",""fuel"":""solar"",""mw"":119.0,""queue_year"":2018}",,2028-12-01,"ISO queue terminal status, observed in data/snapshots/",open,,
2026-09-02T12:03:38+00:00,interconnection,NYISO:0777|White Creek Solar|Livingston|Sta 82 - Sta 128 115kV|2018-11-01,White Creek Solar,0.034635,logistic-v1,"{""iso"":""NYISO"",""fuel"":""solar"",""mw"":135.0,""queue_year"":2018}",,2028-09-02,"ISO queue terminal status, observed in data/snapshots/",open,,
2026-09-02T12:03:38+00:00,interconnection,NYISO:0783|South Ripley Solar and BESS|Chautauqua|South Ripley Substation 230kV|2018-12-07,South Ripley Solar and BESS,0.019672,logistic-v1,"{""iso"":""NYISO"",""fuel"":""unknown"",""mw"":270.0,""queue_year"":2018}",,2028-09-02,"ISO queue terminal status, observed in data/snapshots/",open,,
2026-09-02T12:03:38+00:00,interconnection,NYISO:0800|Rich Road Solar Energy Center|St. Lawrence|Moses - Adirondack 230 kV Line #2 (MA2)|2019-02-20,Rich Road Solar Energy Center,0.011317,logistic-v1,"{""iso"":""NYISO"",""fuel"":""unknown"",""mw"":240.0,""queue_year"":2019}",,2028-09-02,"ISO queue terminal status, observed in data/snapshots/",open,,
2026-09-02T12:03:38+00:00,interconnection,NYISO:0801|Prattsburgh Wind Farm|Steuben|Stoney Ridge - Canadaigua 230kV|2019-02-21,Prattsburgh Wind Farm,0.046338,logistic-v1,"{""iso"":""NYISO"",""fuel"":""wind"",""mw"":147.0,""queue_year"":2019}",,2028-09-02,"ISO queue terminal status, observed in data/snapshots/",open,,
2026-09-02T12:03:38+00:00,interconnection,NYISO:0804|KCE NY 10|Erie|Erie Substation 34.5kV|2019-03-22,KCE NY 10,0.070200,logistic-v1,"{""iso"":""NYISO"",""fuel"":""storage"",""mw"":20.0,""queue_year"":2019}",,2028-09-02,"ISO queue terminal status, observed in data/snapshots/",open,,
2026-09-02T12:03:38+00:00,interconnection,NYISO:0805|Oxbow Hill Solar|Madison|Fenner 115kV Substation|2019-03-22,Oxbow Hill Solar,0.052104,logistic-v1,"{""iso"":""NYISO"",""fuel"":""solar"",""mw"":140.0,""queue_year"":2019}",,2029-06-01,"ISO queue terminal status, observed in data/snapshots/",open,,
2026-09-02T12:03:38+00:00,interconnection,NYISO:0811|Cider Solar|Genesee|Dysinger - New Rochester 345kV|2019-04-03,Cider Solar,0.022434,logistic-v1,"{""iso"":""NYISO"",""fuel"":""solar"",""mw"":500.0,""queue_year"":2019}",,2028-09-02,"ISO queue terminal status, observed in data/snapshots/",open,,
2026-09-02T12:03:38+00:00,interconnection,NYISO:0815|Bayonne Energy Center III|Kings|Gowanus 345kV|2019-04-05,Bayonne Energy Center III,0.028485,logistic-v1,"{""iso"":""NYISO"",""fuel"":""storage"",""mw"":49.8,""queue_year"":2019}",,2028-09-02,"ISO queue terminal status, observed in data/snapshots/",open,,
2026-09-02T12:03:38+00:00,interconnection,NYISO:0827|Arthur Kill Energy Storage 1|Richmond|Fresh Kills 13.8kV|2019-04-22,Arthur Kill Energy Storage 1,0.039038,logistic-v1,"{""iso"":""NYISO"",""fuel"":""storage"",""mw"":15.0,""queue_year"":2019}",,2028-09-02,"ISO queue terminal status, observed in data/snapshots/",open,,
2026-09-02T12:03:38+00:00,interconnection,NYISO:0828|Valley Solar|Tioga|Owego 34.5kV Substation|2019-04-24,Valley Solar,0.101320,logistic-v1,"{""iso"":""NYISO"",""fuel"":""solar"",""mw"":20.0,""queue_year"":2019}",,2028-09-02,"ISO queue terminal status, observed in data/snapshots/",open,,
2026-09-02T12:03:38+00:00,interconnection,NYISO:0832|CS Hawthorn Solar|Rensselaer|North Troy - Hoosick 115kV|2019-05-06,CS Hawthorn Solar,0.085997,logistic-v1,"{""iso"":""NYISO"",""fuel"":""solar"",""mw"":20.0,""queue_year"":2019}",,2028-09-02,"ISO queue terminal status, observed in data/snapshots/",open,,
2026-09-02T12:03:38+00:00,interconnection,NYISO:0833|Dolan Solar|Washington|Battenkill - Mohican 115kV|2019-05-06,Dolan Solar,0.085997,logistic-v1,"{""iso"":""NYISO"",""fuel"":""solar"",""mw"":20.0,""queue_year"":2019}",,2028-09-02,"ISO queue terminal status, observed in data/snapshots/",open,,
2026-09-02T12:03:38+00:00,interconnection,NYISO:0834|Luyster Creek Energy Storage 2|Queens|Astoria West 138kV|2019-05-07,Luyster Creek Energy Storage 2,0.025144,logistic-v1,"{""iso"":""NYISO"",""fuel"":""storage"",""mw"":79.0,""queue_year"":2019}",,2028-09-02,"ISO queue terminal status, observed in data/snapshots/",open,,
2026-09-02T12:03:38+00:00,interconnection,NYISO:0835|Luyster Creek Energy Storage 1|Queens|Astoria West 138kV|2019-05-07,Luyster Creek Energy Storage 1,0.027429,logistic-v1,"{""iso"":""NYISO"",""fuel"":""storage"",""mw"":57.3,""queue_year"":2019}",,2028-09-02,"ISO queue terminal status, observed in data/snapshots/",open,,
2026-09-02T12:03:38+00:00,interconnection,NYISO:0843|NY37 Solar|Jefferson|Coffeen - West Adams 115kV Substation|2025-12-02,NY37 Solar,0.055387,logistic-v1,"{""iso"":""NYISO"",""fuel"":""solar"",""mw"":20.0,""queue_year"":2025}",,2028-09-02,"ISO queue terminal status, observed in data/snapshots/",open,,
2026-09-02T12:03:38+00:00,interconnection,NYISO:0863|Highbanks Solar|Livingston|S158 High banks 34.5 kV|2019-05-29,Highbanks Solar,0.059834,logistic-v1,"{""iso"":""NYISO"",""fuel"":""solar"",""mw"":12.5,""queue_year"":2019}",,2029-09-01,"ISO queue terminal status, observed in data/snapshots/",open,,
2026-09-02T12:03:38+00:00,interconnection,NYISO:0864|NY38 Solar|Jefferson|Coffeen - West Adams 115kV|2019-05-29,NY38 Solar,0.054279,logistic-v1,"{""iso"":""NYISO"",""fuel"":""solar"",""mw"":120.0,""queue_year"":2019}",,2028-09-02,"ISO queue terminal status, observed in data/snapshots/",open,,
2026-09-02T12:03:38+00:00,interconnection,NYISO:0865|Flat Hill Solar|Herkimer|Inghams-Valley 46kV Line 27|2019-05-31,Flat Hill Solar,0.085997,logistic-v1,"{""iso"":""NYISO"",""fuel"":""solar"",""mw"":20.0,""queue_year"":2019}",,2028-09-02,"ISO queue terminal status, observed in data/snapshots/",open,,
2026-09-02T12:03:38+00:00,interconnection,NYISO:0880|Brookside Solar|Franklin|Chateaugay - Willis 115kV|2019-06-10,Brookside Solar,0.067487,logistic-v1,"{""iso"":""NYISO"",""fuel"":""solar"",""mw"":100.0,""queue_year"":2019}",,2028-09-02,"ISO queue terminal status, observed in data/snapshots/",open,,
2026-09-02T12:03:38+00:00,interconnection,NYISO:0882|Riverside Solar|Jefferson|Lyme Substation 115kV|2019-06-10,Riverside Solar,0.056957,logistic-v1,"{""iso"":""NYISO"",""fuel"":""solar"",""mw"":100.0,""queue_year"":2019}",,2028-09-02,"ISO queue terminal status, observed in data/snapshots/",open,,
2026-09-02T12:03:38+00:00,interconnection,NYISO:0883|Garnet Energy Center|Cayuga|Pannell - Clay 345kV|2019-06-11,Garnet Energy Center,0.028840,logistic-v1,"{""iso"":""NYISO"",""fuel"":""solar"",""mw"":200.0,""queue_year"":2019}",,2028-09-02,"ISO queue terminal status, observed in data/snapshots/",open,,
2026-09-02T12:03:38+00:00,interconnection,NYISO:0885|Grassy Knoll Solar|Herkimer|Watkins Rd - Inghams 115kV|2019-06-12,Grassy Knoll Solar,0.085997,logistic-v1,"{""iso"":""NYISO"",""fuel"":""solar"",""mw"":20.0,""queue_year"":2019}",,2028-09-02,"ISO queue terminal status, observed in data/snapshots/",open,,
2026-09-02T12:03:38+00:00,interconnection,NYISO:0899|Scriba-Volney Series Reactor|Oswego|Volney - Scriba 345 kV|2019-08-02,Scriba-Volney Series Reactor,0.259230,logistic-v1,"{""iso"":""NYISO"",""fuel"":""transmission"",""mw"":0.0,""queue_year"":2019}",,2028-09-02,"ISO queue terminal status, observed in data/snapshots/",open,,
2026-09-02T12:03:38+00:00,interconnection,NYISO:0907|Harlem River Yard|Queens|Hell Gate 138kV|2019-09-04,Harlem River Yard,0.025067,logistic-v1,"{""iso"":""NYISO"",""fuel"":""storage"",""mw"":79.9,""queue_year"":2019}",,2028-09-02,"ISO queue terminal status, observed in data/snapshots/",open,,
2026-09-02T12:03:38+00:00,interconnection,NYISO:0930|Luyster Creek Energy Storage 3|Queens|North Queens 27kV|2019-10-25,Luyster Creek Energy Storage 3,0.039038,logistic-v1,"{""iso"":""NYISO"",""fuel"":""storage"",""mw"":15.0,""queue_year"":2019}",,2028-09-02,"ISO queue terminal status, observed in data/snapshots/",open,,
2026-09-02T12:03:38+00:00,interconnection,NYISO:0931|Astoria Energy Storage|Queens|Astoria West 138kV|2019-10-28,Astoria Energy Storage,0.023581,logistic-v1,"{""iso"":""NYISO"",""fuel"":""storage"",""mw"":100.0,""queue_year"":2019}",,2028-09-02,"ISO queue terminal status, observed in data/snapshots/",open,,
2026-09-02T12:03:38+00:00,interconnection,NYISO:0932|Hatchery Solar|Livingston|Caledonia - Golah 34.5 kV|2019-10-29,Hatchery Solar,0.085997,logistic-v1,"{""iso"":""NYISO"",""fuel"":""solar"",""mw"":20.0,""queue_year"":2019}",,2029-01-01,"ISO queue terminal status, observed in data/snapshots/",open,,
2026-09-02T12:03:38+00:00,interconnection,NYISO:0950|Hemlock Ridge Solar|Orleans|Lockport - Mortimer 115kV|2019-11-21,Hemlock Ridge Solar,0.047378,logistic-v1,"{""iso"":""NYISO"",""fuel"":""solar"",""mw"":200.0,""queue_year"":2019}",,2028-09-02,"ISO queue terminal status, observed in data/snapshots/",open,,
2026-09-02T12:03:38+00:00,interconnection,NYISO:0953|Sugar Maple Solar|Lewis|North Carthage - Taylorville #8 and Black River - Taylorville #2 115kV|2019-12-05,Sugar Maple Solar,0.053695,logistic-v1,"{""iso"":""NYISO"",""fuel"":""solar"",""mw"":125.0,""queue_year"":2019}",,2028-09-02,"ISO queue terminal status, observed in data/snapshots/",open,,
2026-09-02T12:03:38+00:00,interconnection,NYISO:0956|Holtsville 138kV Energy Storage|Suffolk|West Bus 138 kV|2019-12-10,Holtsville 138kV Energy Storage,0.022975,logistic-v1,"{""iso"":""NYISO"",""fuel"":""storage"",""mw"":110.0,""queue_year"":2019}",,2028-09-02,"ISO queue terminal status, observed in data/snapshots/",open,,
2026-09-02T12:03:38+00:00,interconnection,NYISO:0967|KCE NY 5|Ulster|Ohioville 115 kV|2019-12-27,KCE NY 5,0.023982,logistic-v1,"{""iso"":""NYISO"",""fuel"":""storage"",""mw"":94.0,""queue_year"":2019}",,2028-09-02,"ISO queue terminal status, observed in data/snapshots/",open,,
2026-09-02T12:03:38+00:00,interconnection,NYISO:0971|East Setauket Energy Storage|Suffolk|Holbrook - Miller Place 138kV|2020-01-10,East Setauket Energy Storage,0.020539,logistic-v1,"{""iso"":""NYISO"",""fuel"":""storage"",""mw"":125.0,""queue_year"":2020}",,2028-09-02,"ISO queue terminal status, observed in data/snapshots/",open,,
2026-09-02T12:03:38+00:00,interconnection,NYISO:0987|Sunrise Wind II|Suffolk|Holbrook 138kV|2020-01-29,Sunrise Wind II,0.030364,logistic-v1,"{""iso"":""NYISO"",""fuel"":""wind"",""mw"":44.0,""queue_year"":2020}",,2028-09-02,"ISO queue terminal status, observed in data/snapshots/",open,,
2026-09-02T12:03:38+00:00,interconnection,NYISO:0995|Alabama Solar Park LLC|Genesee|Lockport - Batavia 115kV (Line#112)|2020-02-27,Alabama Solar Park LLC,0.049311,logistic-v1,"{""iso"":""NYISO"",""fuel"":""solar"",""mw"":130.0,""queue_year"":2020}",,2028-10-01,"ISO queue terminal status, observed in data/snapshots/",open,,
2026-09-02T12:03:38+00:00,interconnection,NYISO:1000|Flat Stone Solar|Oneida|Oneida - Rome 115kV|2020-03-18,Flat Stone Solar,0.080000,logistic-v1,"{""iso"":""NYISO"",""fuel"":""solar"",""mw"":20.0,""queue_year"":2020}",,2028-09-02,"ISO queue terminal status, observed in data/snapshots/",open,,
2026-09-02T12:03:38+00:00,interconnection,NYISO:1003|Clear View Solar|Steuben|Eelpot Road 34.5 kV|2020-04-06,Clear View Solar,0.094366,logistic-v1,"{""iso"":""NYISO"",""fuel"":""solar"",""mw"":20.0,""queue_year"":2020}",,2028-09-02,"ISO queue terminal status, observed in data/snapshots/",open,,
2026-09-02T12:03:38+00:00,interconnection,NYISO:1007|NYC Energy LLC - Phase 2|Kings|Hudson Ave 138 kV|2020-04-22,NYC Energy LLC - Phase 2,0.017577,logistic-v1,"{""iso"":""NYISO"",""fuel"":""storage"",""mw"":220.1,""queue_year"":2020}",,2028-09-02,"ISO queue terminal status, observed in data/snapshots/",open,,
2026-09-02T12:03:38+00:00,interconnection,NYISO:1009|Yellow Barn Solar|Tompkins|Milliken - Etna 115 kV line #975|2020-04-30,Yellow Barn Solar,0.055390,logistic-v1,"{""iso"":""NYISO"",""fuel"":""solar"",""mw"":160.0,""queue_year"":2020}",,2028-11-01,"ISO queue terminal status, observed in data/snapshots/",open,,
2026-09-02T12:03:38+00:00,interconnection,"NYISO:1015|Somers Solar, LLC|Washington|Mohican - Battenkill 115kV|2020-05-05","Somers Solar, LLC",0.080000,logistic-v1,"{""iso"":""NYISO"",""fuel"":""solar"",""mw"":20.0,""queue_year"":2020}",,2028-09-02,"ISO queue terminal status, observed in data/snapshots/",open,,
2026-09-02T12:03:38+00:00,interconnection,NYISO:1031|Mill Point Solar|Montgomery|Marcy - New Scotland 345kV|2020-06-18,Mill Point Solar,0.017213,logistic-v1,"{""iso"":""NYISO"",""fuel"":""unknown"",""mw"":250.0,""queue_year"":2020}",,2028-12-01,"ISO queue terminal status, observed in data/snapshots/",open,,
2026-09-02T12:03:38+00:00,interconnection,NYISO:1047|Millers Grove Solar|Herkimer|Porter - Watkins 115kV|2020-07-09,Millers Grove Solar,0.080000,logistic-v1,"{""iso"":""NYISO"",""fuel"":""solar"",""mw"":20.0,""queue_year"":2020}",,2028-09-02,"ISO queue terminal status, observed in data/snapshots/",open,,
2026-09-02T12:03:38+00:00,interconnection,NYISO:1079|Somerset Solar|Niagara|Kintigh 345 kV|2020-08-18,Somerset Solar,0.059124,logistic-v1,"{""iso"":""NYISO"",""fuel"":""solar"",""mw"":125.0,""queue_year"":2020}",,2028-09-02,"ISO queue terminal status, observed in data/snapshots/",open,,
2026-09-02T12:03:38+00:00,interconnection,NYISO:1080|Mineral Basin Solar Power|Clearfield|Homer City - Mainesburg 345KV|2020-08-21,Mineral Basin Solar Power,0.043312,logistic-v1,"{""iso"":""NYISO"",""fuel"":""solar"",""mw"":401.6,""queue_year"":2020}",,2029-12-01,"ISO queue terminal status, observed in data/snapshots/",open,,
2026-09-02T12:03:38+00:00,interconnection,NYISO:1113|CLIES 20 MW|Suffolk|Sills Road 138 kV|2020-11-18,CLIES 20 MW,0.033602,logistic-v1,"{""iso"":""NYISO"",""fuel"":""storage"",""mw"":20.0,""queue_year"":2020}",,2028-09-02,"ISO queue terminal status, observed in data/snapshots/",open,,
2026-09-02T12:03:38+00:00,interconnection,NYISO:1117|CLIES 70MW|Suffolk|Sills Road 138kV|2020-11-25,CLIES 70MW,0.024061,logistic-v1,"{""iso"":""NYISO"",""fuel"":""storage"",""mw"":70.0,""queue_year"":2020}",,2028-09-02,"ISO queue terminal status, observed in data/snapshots/",open,,
2026-09-02T12:03:38+00:00,interconnection,NYISO:1122|East Fishkill|Dutchess|Shenandoah 115kV|2020-12-11,East Fishkill,0.017925,logistic-v1,"{""iso"":""NYISO"",""fuel"":""storage"",""mw"":205.0,""queue_year"":2020}",,2029-12-01,"ISO queue terminal status, observed in data/snapshots/",open,,
2026-09-02T12:03:38+00:00,interconnection,NYISO:1123|KCE NY 29|Suffolk|Kings 138 kV|2020-12-14,KCE NY 29,0.023283,logistic-v1,"{""iso"":""NYISO"",""fuel"":""storage"",""mw"":79.0,""queue_year"":2020}",,2028-09-02,"ISO queue terminal status, observed in data/snapshots/",open,,
2026-09-02T12:03:38+00:00,interconnection,NYISO:1130|Hoffman Falls Wind|Madison|Cortland - Fenner 115kV Line #3|2021-01-27,Hoffman Falls Wind,0.040567,logistic-v1,"{""iso"":""NYISO"",""fuel"":""wind"",""mw"":72.0,""queue_year"":2021}",,2029-04-01,"ISO queue terminal status, observed in data/snapshots/",open,,
2026-09-02T12:03:38+00:00,interconnection,NYISO:1148|Agricola Wind|Cayuga|Milliken to Wright Ave 115 kV line #973|2021-03-10,Agricola Wind,0.044548,logistic-v1,"{""iso"":""NYISO"",""fuel"":""wind"",""mw"":97.0,""queue_year"":2021}",,2029-04-01,"ISO queue terminal status, observed in data/snapshots/",open,,
2026-09-02T12:03:38+00:00,interconnection,NYISO:1151|York Run Solar|Chautauqua|Falconer - Warren 115 kV line #171|2021-03-18,York Run Solar,0.050449,logistic-v1,"{""iso"":""NYISO"",""fuel"":""solar"",""mw"":90.0,""queue_year"":2021}",,2028-09-02,"ISO queue terminal status, observed in data/snapshots/",open,,
2026-09-02T12:03:38+00:00,interconnection,NYISO:1166|BR Benson Mines Solar|St. Lawrence|Brown's Falls to Newton Falls #22 34.5kV Line|2021-05-07,BR Benson Mines Solar,0.084095,logistic-v1,"{""iso"":""NYISO"",""fuel"":""solar"",""mw"":12.1,""queue_year"":2021}",,2028-09-02,"ISO queue terminal status, observed in data/snapshots/",open,,
2026-09-02T12:03:38+00:00,interconnection,NYISO:1183|NY125A - Fort Covington Solar|Franklin|Moses-Willis 230 kV (MW1)|2021-05-20,NY125A - Fort Covington Solar,0.023270,logistic-v1,"{""iso"":""NYISO"",""fuel"":""solar"",""mw"":250.0,""queue_year"":2021}",,2028-09-02,"ISO queue terminal status, observed in data/snapshots/",open,,
2026-09-02T12:03:38+00:00,interconnection,NYISO:1184|NY125B - Two Rivers Solar|St-Lawrence|Moses-Willis 230kV (MW2)|2021-05-20,NY125B - Two Rivers Solar,0.024738,logistic-v1,"{""iso"":""NYISO"",""fuel"":""solar"",""mw"":200.0,""queue_year"":2021}",,2028-09-02,"ISO queue terminal status, observed in data/snapshots/",open,,
2026-09-02T12:03:38+00:00,interconnection,"NYISO:1188|North Seneca Solar Project, LLC|Seneca|Hooks Road - Elbridge 115kV line#7|2021-05-27","North Seneca Solar Project, LLC",0.050449,logistic-v1,"{""iso"":""NYISO"",""fuel"":""solar"",""mw"":90.0,""queue_year"":2021}",,2028-09-02,"ISO queue terminal status, observed in data/snapshots/",open,,
2026-09-02T12:03:38+00:00,interconnection,NYISO:1237|Sugar Maple Energy Storage|Jefferson|North Carthage-Taylorville #8 and Black River-Taylorville #2 115 kV lines|2021-08-24,Sugar Maple Energy Storage,0.051070,logistic-v1,"{""iso"":""NYISO"",""fuel"":""storage"",""mw"":20.0,""queue_year"":2021}",,2028-12-01,"ISO queue terminal status, observed in data/snapshots/",open,,
2026-09-02T12:03:38+00:00,interconnection,NYISO:1255|Holtsville Brookhaven Battery Storage|Suffolk|Line 69-849 from West Yaphank to North Bellport|2021-09-22,Holtsville Brookhaven Battery Storage,0.021490,logistic-v1,"{""iso"":""NYISO"",""fuel"":""storage"",""mw"":79.9,""queue_year"":2021}",,2028-09-02,"ISO queue terminal status, observed in data/snapshots/",open,,
2026-09-02T12:03:38+00:00,interconnection,NYISO:1257|Edwards Calverton Battery Storage|Suffolk|Edwards Avenue Substation at 138 kV|2021-09-22,Edwards Calverton Battery Storage,0.023231,logistic-v1,"{""iso"":""NYISO"",""fuel"":""storage"",""mw"":60.0,""queue_year"":2021}",,2028-09-02,"ISO queue terminal status, observed in data/snapshots/",open,,
2026-09-02T12:03:38+00:00,interconnection,"NYISO:1289|Propel NY Energy - Alternate Solution 5|Nassau, Queens, Bronx, Westchester|Sprain Brook 345 kV; Tremont 345 kV; East Garden City 345 kV; Barrett 138 kV; East Garden City 138 kV; Shore Road 138 kV; Syosset 138 kV; Ruland Rd 138 kV|2021-10-11",Propel NY Energy - Alternate Solution 5,0.151451,logistic-v1,"{""iso"":""NYISO"",""fuel"":""transmission"",""mw"":0.0,""queue_year"":2021}",,2029-12-31,"ISO queue terminal status, observed in data/snapshots/",open,,
2026-09-02T12:03:38+00:00,interconnection,NYISO:1308|Richmond Spoke|Richmond|Goethals - Gowanus 345 kV|2021-12-02,Richmond Spoke,0.151451,logistic-v1,"{""iso"":""NYISO"",""fuel"":""transmission"",""mw"":0.0,""queue_year"":2021}",,2029-12-31,"ISO queue terminal status, observed in data/snapshots/",open,,
2026-09-02T12:03:38+00:00,interconnection,NYISO:1329|ELP Granby Solar II|Oswego|Curtis Street - Teall 115 kV|2022-02-11,ELP Granby Solar II,0.029253,logistic-v1,"{""iso"":""NYISO"",""fuel"":""unknown"",""mw"":20.0,""queue_year"":2022}",,2028-09-02,"ISO queue terminal status, observed in data/snapshots/",open,,
2026-09-02T12:03:38+00:00,interconnection,NYISO:1365|Queensboro Renewable Express Circuit A|Queens|Rainey 345 kV substation and Vernon 138 kV substation|2022-04-15,Queensboro Renewable Express Circuit A,0.141598,logistic-v1,"{""iso"":""NYISO"",""fuel"":""transmission"",""mw"":0.0,""queue_year"":2022}",,2030-12-31,"ISO queue terminal status, observed in data/snapshots/",open,,
2026-09-02T12:03:38+00:00,interconnection,NYISO:1366|Queensboro Renewable Express Circuit B|Queens|Rainey 345 kV substation and Vernon 138 kV substation|2022-04-15,Queensboro Renewable Express Circuit B,0.141598,logistic-v1,"{""iso"":""NYISO"",""fuel"":""transmission"",""mw"":0.0,""queue_year"":2022}",,2030-12-31,"ISO queue terminal status, observed in data/snapshots/",open,,
2026-09-02T12:03:38+00:00,interconnection,NYISO:1555|Liberty Green Line|New York County|Con Edison W 49th St 345kV Substation|2023-05-12,Liberty Green Line,0.132286,logistic-v1,"{""iso"":""NYISO"",""fuel"":""transmission"",""mw"":0.0,""queue_year"":2023}",,2031-12-31,"ISO queue terminal status, observed in data/snapshots/",open,,
2026-09-02T12:03:38+00:00,interconnection,NYISO:1667|Designated Public Policy Project Rainey Breaker Replacement|New York|Rainey 345kV Substation|2024-01-12,Designated Public Policy Project Rainey Breaker Replacement,0.123498,logistic-v1,"{""iso"":""NYISO"",""fuel"":""transmission"",""mw"":0.0,""queue_year"":2024}",,2032-12-31,"ISO queue terminal status, observed in data/snapshots/",open,,
2026-09-02T12:03:38+00:00,interconnection,"NYISO:1671|Meyer Substation Rebuild and South Perry Substation Rebuild|Wyoming/Livingston|Meyer 115kV, 34.5, 230kV South Perry 115kV, 34.5kV, 69kV|2024-02-02",Meyer Substation Rebuild and South Perry Substation Rebuild,0.220428,logistic-v1,"{""iso"":""NYISO"",""fuel"":""transmission"",""mw"":0.0,""queue_year"":2024}",,2032-12-31,"ISO queue terminal status, observed in data/snapshots/",open,,
2026-09-02T12:03:38+00:00,interconnection,NYISO:1672|Ames Road Station|Montgomery|345kV Edic Princetown 351 345kV Edic Princetwon 352 115kV Saint Johnsville Mashville 11 115kV Clinton Marshville 12|2024-02-05,Ames Road Station,0.123498,logistic-v1,"{""iso"":""NYISO"",""fuel"":""transmission"",""mw"":0.0,""queue_year"":2024}",,2032-12-31,"ISO queue terminal status, observed in data/snapshots/",open,,
2026-09-02T12:03:38+00:00,interconnection,NYISO:C24-003|Vineyard Mid-Atlantic West|Nassu|East Garden City 345kV|2024-08-01,Vineyard Mid-Atlantic West,0.004751,logistic-v1,"{""iso"":""NYISO"",""fuel"":""unknown"",""mw"":1321.0,""queue_year"":2024}",,2032-03-01,"ISO queue terminal status, observed in data/snapshots/",open,,
2026-09-02T12:03:38+00:00,interconnection,NYISO:C24-004|Palladium Storage|Bronx|Hell Gate Annex 138KV Substation|2024-08-01,Palladium Storage,0.014605,logistic-v1,"{""iso"":""NYISO"",""fuel"":""storage"",""mw"":140.0,""queue_year"":2024}",,2028-09-02,"ISO queue terminal status, observed in data/snapshots/",open,,
2026-09-02T12:03:38+00:00,interconnection,NYISO:C24-005|Blue Spruce Storage|Bronx|Mott Haven 138KV Bus|2024-08-01,Blue Spruce Storage,0.011824,logistic-v1,"{""iso"":""NYISO"",""fuel"":""storage"",""mw"":300.0,""queue_year"":2024}",,2028-09-02,"ISO queue terminal status, observed in data/snapshots/",open,,
2026-09-02T12:03:38+00:00,interconnection,NYISO:C24-008|KCE NY 30|Suffolk|West Babylon 69 kV|2024-08-01,KCE NY 30,0.019366,logistic-v1,"{""iso"":""NYISO"",""fuel"":""storage"",""mw"":50.0,""queue_year"":2024}",,2028-10-01,"ISO queue terminal status, observed in data/snapshots/",open,,
2026-09-02T12:03:38+00:00,interconnection,NYISO:C24-010|KCE NY 21|Suffolk|Pulaski 69kV Substation|2024-08-01,KCE NY 21,0.018429,logistic-v1,"{""iso"":""NYISO"",""fuel"":""storage"",""mw"":60.0,""queue_year"":2024}",,2029-12-01,"ISO queue terminal status, observed in data/snapshots/",open,,
2026-09-02T12:03:39+00:00,interconnection,NYISO:C24-013|Battery Park Storage|Brooklyn|Greenwood 138KV|2024-08-01,Battery Park Storage,0.013422,logistic-v1,"{""iso"":""NYISO"",""fuel"":""storage"",""mw"":190.0,""queue_year"":2024}",,2028-09-02,"ISO queue terminal status, observed in data/snapshots/",open,,
2026-09-02T12:03:39+00:00,interconnection,NYISO:C24-021|Bluepoint Wind 1|Kings|Brooklyn Clean Energy Hub 345kV Substation|2024-08-01,Bluepoint Wind 1,0.004762,logistic-v1,"{""iso"":""NYISO"",""fuel"":""unknown"",""mw"":1310.0,""queue_year"":2024}",,2033-12-01,"ISO queue terminal status, observed in data/snapshots/",open,,
2026-09-02T12:03:39+00:00,interconnection,NYISO:C24-032|Oakdale Battery Storage LLC|Broome|Oakdale 115 kV|2024-08-01,Oakdale Battery Storage LLC,0.028346,logistic-v1,"{""iso"":""NYISO"",""fuel"":""storage"",""mw"":150.0,""queue_year"":2024}",,2030-08-01,"ISO queue terminal status, observed in data/snapshots/",open,,
2026-09-02T12:03:39+00:00,interconnection,NYISO:C24-033|KCE NY 31|Suffolk|Shoreham 138kV|2024-08-01,KCE NY 31,0.019366,logistic-v1,"{""iso"":""NYISO"",""fuel"":""storage"",""mw"":50.0,""queue_year"":2024}",,2028-09-02,"ISO queue terminal status, observed in data/snapshots/",open,,
2026-09-02T12:03:39+00:00,interconnection,NYISO:C24-042|Hoffman Falls Wind 2|Madison|Fenner - Shippy Rd Line 3 115 kV|2024-08-01,Hoffman Falls Wind 2,0.040845,logistic-v1,"{""iso"":""NYISO"",""fuel"":""wind"",""mw"":29.8,""queue_year"":2024}",,2028-09-02,"ISO queue terminal status, observed in data/snapshots/",open,,
2026-09-02T12:03:39+00:00,interconnection,"NYISO:C24-047|Lincoln Park DG, LLC|Ulster|Lincoln Park - East Kingston 115 kV|2024-08-01","Lincoln Park DG, LLC",0.014329,logistic-v1,"{""iso"":""NYISO"",""fuel"":""storage"",""mw"":150.0,""queue_year"":2024}",,2030-12-01,"ISO queue terminal status, observed in data/snapshots/",open,,
2026-09-02T12:03:39+00:00,interconnection,NYISO:C24-048|BPP NY Lansing BESS I|Tompkins|Milliken 115kV (aka Cayuga 115kV)|2024-08-01,BPP NY Lansing BESS I,0.026205,logistic-v1,"{""iso"":""NYISO"",""fuel"":""storage"",""mw"":200.0,""queue_year"":2024}",,2028-09-02,"ISO queue terminal status, observed in data/snapshots/",open,,
2026-09-02T12:03:39+00:00,interconnection,"NYISO:C24-052-001|Hemlock Hollow Wind|Cattaraugus|Dugan - Homer Hill 115kV, Line #155|2024-08-01",Hemlock Hollow Wind,0.029970,logistic-v1,"{""iso"":""NYISO"",""fuel"":""wind"",""mw"":95.0,""queue_year"":2024}",,2029-09-01,"ISO queue terminal status, observed in data/snapshots/",open,,
2026-09-02T12:03:39+00:00,interconnection,NYISO:C24-060|Gemma Energy Storage|Steuben|Stony Ridge 230kV|2024-08-01,Gemma Energy Storage,0.026205,logistic-v1,"{""iso"":""NYISO"",""fuel"":""storage"",""mw"":200.0,""queue_year"":2024}",,2028-09-02,"ISO queue terminal status, observed in data/snapshots/",open,,
2026-09-02T12:03:39+00:00,interconnection,NYISO:C24-061|Daphne Energy Storage|Suffolk County & Mastic City|Moriches 69kV|2024-08-01,Daphne Energy Storage,0.017340,logistic-v1,"{""iso"":""NYISO"",""fuel"":""storage"",""mw"":75.0,""queue_year"":2024}",,2028-09-02,"ISO queue terminal status, observed in data/snapshots/",open,,
2026-09-02T12:03:39+00:00,interconnection,NYISO:C24-062|Highbush Energy Storage|Dutchess|Manchester 115 kV|2024-08-01,Highbush Energy Storage,0.013232,logistic-v1,"{""iso"":""NYISO"",""fuel"":""storage"",""mw"":200.0,""queue_year"":2024}",,2028-09-02,"ISO queue terminal status, observed in data/snapshots/",open,,
2026-09-02T12:03:39+00:00,interconnection,NYISO:C24-064|Fraser Energy Storage|Delaware|Fraser substation 115 kV|2024-08-01,Fraser Energy Storage,0.029171,logistic-v1,"{""iso"":""NYISO"",""fuel"":""storage"",""mw"":135.0,""queue_year"":2024}",,2029-11-01,"ISO queue terminal status, observed in data/snapshots/",open,,
2026-09-02T12:03:39+00:00,interconnection,NYISO:C24-066|Coral Energy Storage|Chemung|Yawger 115kV Substation|2024-08-01,Coral Energy Storage,0.031646,logistic-v1,"{""iso"":""NYISO"",""fuel"":""storage"",""mw"":100.0,""queue_year"":2024}",,2028-09-02,"ISO queue terminal status, observed in data/snapshots/",open,,
2026-09-02T12:03:39+00:00,interconnection,NYISO:C24-072|Eastwater Energy Storage|Monroe|Station 82 - Station 121 Line 23 115kV|2024-08-02,Eastwater Energy Storage,0.026548,logistic-v1,"{""iso"":""NYISO"",""fuel"":""storage"",""mw"":100.0,""queue_year"":2024}",,2028-09-02,"ISO queue terminal status, observed in data/snapshots/",open,,
2026-09-02T12:03:39+00:00,interconnection,NYISO:C24-074|Lighthouse Energy Storage|Chautauqua|Gardenville - Dunkirk Line 74 230 kV|2024-08-02,Lighthouse Energy Storage,0.020657,logistic-v1,"{""iso"":""NYISO"",""fuel"":""storage"",""mw"":250.0,""queue_year"":2024}",,2028-09-02,"ISO queue terminal status, observed in data/snapshots/",open,,
2026-09-02T12:03:39+00:00,interconnection,NYISO:C24-079|Maple Harvest Wind|Onondaga|Tilden-Cortland Line 18.|2024-08-08,Maple Harvest Wind,0.025918,logistic-v1,"{""iso"":""NYISO"",""fuel"":""wind"",""mw"":162.0,""queue_year"":2024}",,2028-12-01,"ISO queue terminal status, observed in data/snapshots/",open,,
2026-09-02T12:03:39+00:00,interconnection,NYISO:C24-081|Port Morris Energy Storage|Bronx|Hell Gate Annex 138kV|2024-08-08,Port Morris Energy Storage,0.014906,logistic-v1,"{""iso"":""NYISO"",""fuel"":""storage"",""mw"":130.0,""queue_year"":2024}",,2028-12-01,"ISO queue terminal status, observed in data/snapshots/",open,,
2026-09-02T12:03:39+00:00,interconnection,NYISO:C24-085|Arch 4|Orange|Rock Tavern 345kV Substation|2024-08-09,Arch 4,0.014329,logistic-v1,"{""iso"":""NYISO"",""fuel"":""storage"",""mw"":150.0,""queue_year"":2024}",,2028-12-01,"ISO queue terminal status, observed in data/snapshots/",open,,
2026-09-02T12:03:39+00:00,interconnection,NYISO:C24-088|Arch 3|Orange|Rock Tavern 345kV Substation|2024-08-09,Arch 3,0.016024,logistic-v1,"{""iso"":""NYISO"",""fuel"":""storage"",""mw"":100.0,""queue_year"":2024}",,2028-12-01,"ISO queue terminal status, observed in data/snapshots/",open,,
2026-09-02T12:03:39+00:00,interconnection,NYISO:C24-093|Alcazar 1|Ulster|Hurley 345kV Substation|2024-08-22,Alcazar 1,0.016024,logistic-v1,"{""iso"":""NYISO"",""fuel"":""storage"",""mw"":100.0,""queue_year"":2024}",,2028-12-01,"ISO queue terminal status, observed in data/snapshots/",open,,
2026-09-02T12:03:39+00:00,interconnection,NYISO:C24-094|Alcazar 2|Ulster|Hurley 345kV Substation|2024-08-22,Alcazar 2,0.014329,logistic-v1,"{""iso"":""NYISO"",""fuel"":""storage"",""mw"":150.0,""queue_year"":2024}",,2028-12-01,"ISO queue terminal status, observed in data/snapshots/",open,,
2026-09-02T12:03:39+00:00,interconnection,NYISO:C24-097|Basecamp BESS|Chautauqua|Laona Station 115kV|2024-08-26,Basecamp BESS,0.022966,logistic-v1,"{""iso"":""NYISO"",""fuel"":""storage"",""mw"":170.0,""queue_year"":2024}",,2029-02-01,"ISO queue terminal status, observed in data/snapshots/",open,,
2026-09-02T12:03:39+00:00,interconnection,NYISO:C24-098|Farmhouse BESS|Orange|Roseton 345 kV Substation|2024-08-26,Farmhouse BESS,0.014329,logistic-v1,"{""iso"":""NYISO"",""fuel"":""storage"",""mw"":150.0,""queue_year"":2024}",,2029-06-01,"ISO queue terminal status, observed in data/snapshots/",open,,
2026-09-02T12:03:39+00:00,interconnection,NYISO:C24-104|Horseblock Energy Storage|Suffolk|West Yaphank 69kV Substation|2024-08-27,Horseblock Energy Storage,0.016024,logistic-v1,"{""iso"":""NYISO"",""fuel"":""storage"",""mw"":100.0,""queue_year"":2024}",,2028-09-02,"ISO queue terminal status, observed in data/snapshots/",open,,
2026-09-02T12:03:39+00:00,interconnection,NYISO:C24-108|NY125C - Little Salmon Solar|Franklin|345kV Line HW1 Haverstock - WIllis|2024-08-29,NY125C - Little Salmon Solar,0.019631,logistic-v1,"{""iso"":""NYISO"",""fuel"":""solar"",""mw"":200.0,""queue_year"":2024}",,2028-12-01,"ISO queue terminal status, observed in data/snapshots/",open,,
2026-09-02T12:03:39+00:00,interconnection,NYISO:C24-111|Fort Edward Solar Farm (NY53)|Washington|Mohican to Battenkill 115 kV Line #15|2024-08-29,Fort Edward Solar Farm (NY53),0.039132,logistic-v1,"{""iso"":""NYISO"",""fuel"":""solar"",""mw"":100.0,""queue_year"":2024}",,2028-09-02,"ISO queue terminal status, observed in data/snapshots/",open,,
2026-09-02T12:03:39+00:00,interconnection,NYISO:C24-125|Town Line Solar Phase II|Sullivan|Coopers Corner to Middletown Tap 345 kV Line|2024-09-05,Town Line Solar Phase II,0.011247,logistic-v1,"{""iso"":""NYISO"",""fuel"":""unknown"",""mw"":60.0,""queue_year"":2024}",,2030-05-01,"ISO queue terminal status, observed in data/snapshots/",open,,
2026-09-02T12:03:39+00:00,interconnection,NYISO:C24-129|Buffalo Road Energy Storage|Niagara|Dupont to Packard 115 kV Line #184|2024-09-05,Buffalo Road Energy Storage,0.026548,logistic-v1,"{""iso"":""NYISO"",""fuel"":""storage"",""mw"":100.0,""queue_year"":2024}",,2028-12-01,"ISO queue terminal status, observed in data/snapshots/",open,,
2026-09-02T12:03:39+00:00,interconnection,NYISO:C24-130|Elevate Bethlehem|Albany|Albany Steam 115 kV Substation|2024-09-05,Elevate Bethlehem,0.025262,logistic-v1,"{""iso"":""NYISO"",""fuel"":""storage"",""mw"":120.0,""queue_year"":2024}",,2028-09-02,"ISO queue terminal status, observed in data/snapshots/",open,,
2026-09-02T12:03:39+00:00,interconnection,NYISO:C24-131|Elevate Arthur Kill II|Richmond|Fresh Kills 345 kV substation|2024-09-05,Elevate Arthur Kill II,0.013624,logistic-v1,"{""iso"":""NYISO"",""fuel"":""storage"",""mw"":180.0,""queue_year"":2024}",,2028-09-02,"ISO queue terminal status, observed in data/snapshots/",open,,
2026-09-02T12:03:39+00:00,interconnection,NYISO:C24-135|Cayuga Solar|Tompkins|Milliken 115 kV Substation|2024-09-06,Cayuga Solar,0.053267,logistic-v1,"{""iso"":""NYISO"",""fuel"":""solar"",""mw"":60.0,""queue_year"":2024}",,2028-12-01,"ISO queue terminal status, observed in data/snapshots/",open,,
2026-09-02T12:03:39+00:00,interconnection,NYISO:C24-138|Marathon BESS|Suffolk|Greenlawn 138kV|2024-09-06,Marathon BESS,0.014752,logistic-v1,"{""iso"":""NYISO"",""fuel"":""storage"",""mw"":135.0,""queue_year"":2024}",,2028-09-02,"ISO queue terminal status, observed in data/snapshots/",open,,
2026-09-02T12:03:39+00:00,interconnection,NYISO:C24-139|Valcour Storage|Clinton|Patnode 230 kV substation|2024-09-09,Valcour Storage,0.014329,logistic-v1,"{""iso"":""NYISO"",""fuel"":""storage"",""mw"":150.0,""queue_year"":2024}",,2028-12-01,"ISO queue terminal status, observed in data/snapshots/",open,,
2026-09-02T12:03:39+00:00,interconnection,NYISO:C24-148|Willard Storage|Rensselaer|Eastover 115kV|2024-09-10,Willard Storage,0.019645,logistic-v1,"{""iso"":""NYISO"",""fuel"":""storage"",""mw"":300.0,""queue_year"":2024}",,2028-12-01,"ISO queue terminal status, observed in data/snapshots/",open,,
2026-09-02T12:03:39+00:00,interconnection,NYISO:C24-154|Sandlot IFB|Suffolk|Deposit - Indian Head 69 kV Line|2024-09-11,Sandlot IFB,0.019366,logistic-v1,"{""iso"":""NYISO"",""fuel"":""storage"",""mw"":50.0,""queue_year"":2024}",,2028-09-02,"ISO queue terminal status, observed in data/snapshots/",open,,
2026-09-02T12:03:39+00:00,interconnection,NYISO:C24-162|Ramadi Utility Storage|Suffolk|William Floyd to West Yaphank 69kV|2024-09-13,Ramadi Utility Storage,0.014605,logistic-v1,"{""iso"":""NYISO"",""fuel"":""storage"",""mw"":140.0,""queue_year"":2024}",,2028-09-02,"ISO queue terminal status, observed in data/snapshots/",open,,
2026-09-02T12:03:39+00:00,interconnection,NYISO:C24-163|Porter Energy Storage|Essex|Hague Road to Ticonderoga 115 kV line 4|2024-09-15,Porter Energy Storage,0.032015,logistic-v1,"{""iso"":""NYISO"",""fuel"":""storage"",""mw"":50.0,""queue_year"":2024}",,2028-12-01,"ISO queue terminal status, observed in data/snapshots/",open,,
2026-09-02T12:03:39+00:00,interconnection,NYISO:C24-165|KCE NY 38|Columbia|Churchtown 115 kV Substation|2024-09-16,KCE NY 38,0.012438,logistic-v1,"{""iso"":""NYISO"",""fuel"":""storage"",""mw"":250.0,""queue_year"":2024}",,2029-12-01,"ISO queue terminal status, observed in data/snapshots/",open,,
2026-09-02T12:03:39+00:00,interconnection,NYISO:C24-167|KCE NY 37|Suffolk|Sills Rd - Brookhaven 138 kV line|2024-09-16,KCE NY 37,0.014329,logistic-v1,"{""iso"":""NYISO"",""fuel"":""storage"",""mw"":150.0,""queue_year"":2024}",,2029-12-01,"ISO queue terminal status, observed in data/snapshots/",open,,
2026-09-02T12:03:39+00:00,interconnection,NYISO:C24-173|KCE NY 34|Ulster|Saugerties 69 kV|2024-09-17,KCE NY 34,0.016024,logistic-v1,"{""iso"":""NYISO"",""fuel"":""storage"",""mw"":100.0,""queue_year"":2024}",,2029-12-01,"ISO queue terminal status, observed in data/snapshots/",open,,
2026-09-02T12:03:39+00:00,interconnection,NYISO:C24-175|Stargazer I|McKean|Homer City to Pierce Brook 345 kV Line|2024-09-17,Stargazer I,0.014024,logistic-v1,"{""iso"":""NYISO"",""fuel"":""unknown"",""mw"":325.0,""queue_year"":2024}",,2029-07-01,"ISO queue terminal status, observed in data/snapshots/",open,,
2026-09-02T12:03:39+00:00,interconnection,NYISO:C24-176|Stargazer II|McKean|Homer City to Pierce Brook 345 kV Line|2024-09-17,Stargazer II,0.014024,logistic-v1,"{""iso"":""NYISO"",""fuel"":""unknown"",""mw"":325.0,""queue_year"":2024}",,2029-07-01,"ISO queue terminal status, observed in data/snapshots/",open,,
2026-09-02T12:03:39+00:00,interconnection,NYISO:C24-178|Gowanus Energy Storage|Kings|Gowanus 138kV Substation|2024-09-17,Gowanus Energy Storage,0.014329,logistic-v1,"{""iso"":""NYISO"",""fuel"":""storage"",""mw"":150.0,""queue_year"":2024}",,2028-09-02,"ISO queue terminal status, observed in data/snapshots/",open,,
2026-09-02T12:03:39+00:00,interconnection,NYISO:C24-182|Southern Tier Energy Center|Tioga|Oakdale 130755 - Watercure 130757 345 kV line|2024-09-17,Southern Tier Energy Center,0.026205,logistic-v1,"{""iso"":""NYISO"",""fuel"":""storage"",""mw"":200.0,""queue_year"":2024}",,2029-12-01,"ISO queue terminal status, observed in data/snapshots/",open,,
2026-09-02T12:03:39+00:00,interconnection,NYISO:C24-183|East Setauket Storage II|Suffolk|Holbrook - North Shore Beach 138kV|2024-09-17,East Setauket Storage II,0.012466,logistic-v1,"{""iso"":""NYISO"",""fuel"":""storage"",""mw"":248.0,""queue_year"":2024}",,2029-12-01,"ISO queue terminal status, observed in data/snapshots/",open,,
2026-09-02T12:03:39+00:00,interconnection,NYISO:C24-189|North Country Wind|Franklin and Clinton|Willis 230kV substation|2024-09-18,North Country Wind,0.012348,logistic-v1,"{""iso"":""NYISO"",""fuel"":""wind"",""mw"":380.0,""queue_year"":2024}",,2029-06-01,"ISO queue terminal status, observed in data/snapshots/",open,,
2026-09-02T12:03:39+00:00,interconnection,NYISO:C24-190|North Country Wind II|Franklin and Clinton|Willis-Haverstock 345kV HW1|2024-09-18,North Country Wind II,0.012348,logistic-v1,"{""iso"":""NYISO"",""fuel"":""wind"",""mw"":380.0,""queue_year"":2024}",,2029-06-01,"ISO queue terminal status, observed in data/snapshots/",open,,
2026-09-02T12:03:39+00:00,interconnection,NYISO:C24-202|Brusselville Solar Energy Center|Genesee|Dysinger-New Rochester 345kV Line (DH2)|2024-09-19,Brusselville Solar Energy Center,0.008432,logistic-v1,"{""iso"":""NYISO"",""fuel"":""unknown"",""mw"":170.0,""queue_year"":2024}",,2030-12-01,"ISO queue terminal status, observed in data/snapshots/",open,,
2026-09-02T12:03:39+00:00,interconnection,NYISO:C24-205|Wheelhouse Energy Storage|Schoharie|Edic - Princetown Line #352|2024-09-19,Wheelhouse Energy Storage,0.013232,logistic-v1,"{""iso"":""NYISO"",""fuel"":""storage"",""mw"":200.0,""queue_year"":2024}",,2030-12-01,"ISO queue terminal status, observed in data/snapshots/",open,,
2026-09-02T12:03:39+00:00,interconnection,"NYISO:C24-207|Trelina Energy Storage|Seneca, Ontario|Border City to Station 168 115 kV|2024-09-19",Trelina Energy Storage,0.030120,logistic-v1,"{""iso"":""NYISO"",""fuel"":""storage"",""mw"":120.0,""queue_year"":2024}",,2030-12-01,"ISO queue terminal status, observed in data/snapshots/",open,,
2026-09-02T12:03:39+00:00,interconnection,NYISO:C24-217|Bay Breeze solar|Jefferson|North Watertown (Lyme Junction)-Lyme Line 13 115 kV|2024-09-20,Bay Breeze solar,0.035080,logistic-v1,"{""iso"":""NYISO"",""fuel"":""solar"",""mw"":150.0,""queue_year"":2024}",,2029-12-01,"ISO queue terminal status, observed in data/snapshots/",open,,
2026-09-02T12:03:39+00:00,interconnection,NYISO:C24-224|Cohocton|Steuben|Bath - Spencer Hill (Howard) 115 kV|2024-09-20,Cohocton,0.018065,logistic-v1,"{""iso"":""NYISO"",""fuel"":""unknown"",""mw"":130.0,""queue_year"":2024}",,2029-10-01,"ISO queue terminal status, observed in data/snapshots/",open,,
2026-09-02T12:03:39+00:00,interconnection,NYISO:C24-225|Goldenrod Wind|Chautauqua|Moon Road-Hartfield 115kV Line159|2024-09-20,Goldenrod Wind,0.038051,logistic-v1,"{""iso"":""NYISO"",""fuel"":""wind"",""mw"":39.0,""queue_year"":2024}",,2029-12-01,"ISO queue terminal status, observed in data/snapshots/",open,,
2026-09-02T12:03:39+00:00,interconnection,NYISO:C24-230|Dewdrop Wind|Chautauqua|South Ripley Substation -Dunkirk Substation 230kV|2024-09-21,Dewdrop Wind,0.033626,logistic-v1,"{""iso"":""NYISO"",""fuel"":""wind"",""mw"":62.0,""queue_year"":2024}",,2029-12-01,"ISO queue terminal status, observed in data/snapshots/",open,,
2026-09-02T12:03:39+00:00,interconnection,NYISO:C24-233|Shallow Seam BESS|Clearfield|Homer City - Mainesburg 345kV Line (L47)|2024-09-22,Shallow Seam BESS,0.021665,logistic-v1,"{""iso"":""NYISO"",""fuel"":""storage"",""mw"":400.0,""queue_year"":2024}",,2029-03-01,"ISO queue terminal status, observed in data/snapshots/",open,,
2026-09-02T12:03:39+00:00,interconnection,NYISO:C24-238|Zenobe Burns LLC|Allegany|Moraine Rd 115kV Substation|2024-09-23,Zenobe Burns LLC,0.031646,logistic-v1,"{""iso"":""NYISO"",""fuel"":""storage"",""mw"":100.0,""queue_year"":2024}",,2028-09-02,"ISO queue terminal status, observed in data/snapshots/",open,,
2026-09-02T12:03:39+00:00,interconnection,NYISO:C24-253|Troy Heights Energy Storage|Tompkins|Coddington Substation 34.5 kV|2024-09-23,Troy Heights Energy Storage,0.040444,logistic-v1,"{""iso"":""NYISO"",""fuel"":""storage"",""mw"":40.0,""queue_year"":2024}",,2028-12-01,"ISO queue terminal status, observed in data/snapshots/",open,,
2026-09-02T12:03:39+00:00,interconnection,NYISO:C24-281|Brentwood Energy Storage|Suffolk|Brentwood 69 kV Substation|2024-09-25,Brentwood Energy Storage,0.019462,logistic-v1,"{""iso"":""NYISO"",""fuel"":""storage"",""mw"":49.1,""queue_year"":2024}",,2028-09-02,"ISO queue terminal status, observed in data/snapshots/",open,,
2026-09-02T12:03:39+00:00,interconnection,NYISO:C24-283|Resilient New York Energy Storage|Richmond|Goethals 345 kV|2024-09-25,Resilient New York Energy Storage,0.011337,logistic-v1,"{""iso"":""NYISO"",""fuel"":""storage"",""mw"":349.0,""queue_year"":2024}",,2028-12-01,"ISO queue terminal status, observed in data/snapshots/",open,,
2026-09-02T12:03:39+00:00,interconnection,NYISO:C24-284|South Bronx Energy Storage|Bronx|Hell Gate 138 kV Substation|2024-09-25,South Bronx Energy Storage,0.016024,logistic-v1,"{""iso"":""NYISO"",""fuel"":""storage"",""mw"":100.0,""queue_year"":2024}",,2030-12-01,"ISO queue terminal status, observed in data/snapshots/",open,,
2026-09-02T12:03:39+00:00,interconnection,NYISO:C24-293|Oswego Clean Energy|Oswego|Oswego 115 kV Substation|2024-09-27,Oswego Clean Energy,0.056423,logistic-v1,"{""iso"":""NYISO"",""fuel"":""solar"",""mw"":24.9,""queue_year"":2024}",,2028-09-02,"ISO queue terminal status, observed in data/snapshots/",open,,
2026-09-02T12:03:39+00:00,interconnection,NYISO:C24-300|Kimberlite Solar|Clearfield|Homer City - Mainesburg 345kV Line (L47)|2024-09-30,Kimberlite Solar,0.040049,logistic-v1,"{""iso"":""NYISO"",""fuel"":""solar"",""mw"":175.0,""queue_year"":2024}",,2029-03-01,"ISO queue terminal status, observed in data/snapshots/",open,,
2026-09-02T12:03:39+00:00,interconnection,NYISO:C24-301|Moonlight Flats Solar|Clearfield|Homer City 345 kV to Mainesburg 345 kV L47|2024-09-30,Moonlight Flats Solar,0.036370,logistic-v1,"{""iso"":""NYISO"",""fuel"":""solar"",""mw"":250.0,""queue_year"":2024}",,2029-03-01,"ISO queue terminal status, observed in data/snapshots/",open,,
2026-09-02T12:03:39+00:00,interconnection,NYISO:C24-304-004|NY Chateaugay 0 Willis Rd Storage|Franklin|Willis 230kV substation|2024-10-01,NY Chateaugay 0 Willis Rd Storage,0.014329,logistic-v1,"{""iso"":""NYISO"",""fuel"":""storage"",""mw"":150.0,""queue_year"":2024}",,2028-09-02,"ISO queue terminal status, observed in data/snapshots/",open,,
2026-09-02T12:03:39+00:00,interconnection,NYISO:C24-317|Leo Energy Storage|Clinton|Lyon Mountain 115 kV Substation|2024-10-03,Leo Energy Storage,0.034200,logistic-v1,"{""iso"":""NYISO"",""fuel"":""storage"",""mw"":75.0,""queue_year"":2024}",,2028-12-01,"ISO queue terminal status, observed in data/snapshots/",open,,
2026-09-02T12:03:39+00:00,interconnection,NYISO:C24-318|Sherburne Storage|Chenango|County Line 46 kV Substation|2024-10-04,Sherburne Storage,0.040444,logistic-v1,"{""iso"":""NYISO"",""fuel"":""storage"",""mw"":40.0,""queue_year"":2024}",,2028-12-01,"ISO queue terminal status, observed in data/snapshots/",open,,
2026-09-02T12:03:39+00:00,interconnection,NYISO:C24-321|Jericho Solar|Franklin|NYPA's Willis Sub @115kV|2024-10-07,Jericho Solar,0.023740,logistic-v1,"{""iso"":""NYISO"",""fuel"":""solar"",""mw"":100.0,""queue_year"":2024}",,2029-10-01,"ISO queue terminal status, observed in data/snapshots/",open,,
2026-09-02T12:03:39+00:00,interconnection,NYISO:C24-324|Overlook Storage|Dutchess|Pleasant Valley - Todd Hill 115 kV|2024-10-08,Overlook Storage,0.013251,logistic-v1,"{""iso"":""NYISO"",""fuel"":""storage"",""mw"":199.0,""queue_year"":2024}",,2028-12-01,"ISO queue terminal status, observed in data/snapshots/",open,,
2026-09-02T12:03:39+00:00,interconnection,NYISO:C24-326|Lockport Storage|Niagara|Robinson Road 230 kV|2024-10-08,Lockport Storage,0.026971,logistic-v1,"{""iso"":""NYISO"",""fuel"":""storage"",""mw"":180.0,""queue_year"":2024}",,2028-12-01,"ISO queue terminal status, observed in data/snapshots/",open,,
2026-09-02T12:03:39+00:00,interconnection,NYISO:C24-331|Hell Gate Energy Storage|Bronx|Hell Gate 138kV|2024-10-09,Hell Gate Energy Storage,0.016494,logistic-v1,"{""iso"":""NYISO"",""fuel"":""storage"",""mw"":90.0,""queue_year"":2024}",,2028-12-01,"ISO queue terminal status, observed in data/snapshots/",open,,
2026-09-02T12:03:39+00:00,interconnection,NYISO:C24-333|Pouch Energy Storage System|Kings|Fox Hills 138kV Substation|2024-10-09,Pouch Energy Storage System,0.019682,logistic-v1,"{""iso"":""NYISO"",""fuel"":""storage"",""mw"":47.1,""queue_year"":2024}",,2028-12-01,"ISO queue terminal status, observed in data/snapshots/",open,,
2026-09-02T12:03:39+00:00,interconnection,"NYISO:C24-336|Mill Point Solar II|Montgomery|Marcy - New Scotland 345kV, Line 18|2024-10-10",Mill Point Solar II,0.016254,logistic-v1,"{""iso"":""NYISO"",""fuel"":""unknown"",""mw"":100.0,""queue_year"":2024}",,2028-12-01,"ISO queue terminal status, observed in data/snapshots/",open,,
2026-09-02T12:03:39+00:00,interconnection,NYISO:C24-337|Aria Storage 1|Dutchess|East Fishkill 345 kV substation|2024-10-10,Aria Storage 1,0.016024,logistic-v1,"{""iso"":""NYISO"",""fuel"":""storage"",""mw"":100.0,""queue_year"":2024}",,2028-12-01,"ISO queue terminal status, observed in data/snapshots/",open,,
2026-09-02T12:03:39+00:00,interconnection,NYISO:C24-338|Aria Storage 2|Dutchess|East Fishkill 345 kV|2024-10-10,Aria Storage 2,0.014329,logistic-v1,"{""iso"":""NYISO"",""fuel"":""storage"",""mw"":150.0,""queue_year"":2024}",,2028-12-01,"ISO queue terminal status, observed in data/snapshots/",open,,
2026-09-02T12:03:39+00:00,interconnection,NYISO:C24-341|Marlboro Storage|Ulster|Marlboro 115kV Substation|2024-10-10,Marlboro Storage,0.016024,logistic-v1,"{""iso"":""NYISO"",""fuel"":""storage"",""mw"":100.0,""queue_year"":2024}",,2028-12-01,"ISO queue terminal status, observed in data/snapshots/",open,,
2026-09-02T12:03:39+00:00,interconnection,NYISO:C24-352|Swiss Valley Energy Storage|Wyoming|Wethersfield 230 kV Substation|2024-10-15,Swiss Valley Energy Storage,0.023449,logistic-v1,"{""iso"":""NYISO"",""fuel"":""storage"",""mw"":300.0,""queue_year"":2024}",,2029-12-01,"ISO queue terminal status, observed in data/snapshots/",open,,
2026-09-02T12:03:39+00:00,interconnection,NYISO:C24-358|Sugar Loaf Energy Storage I|Orange|Sugarloaf 138 kV Substation|2024-10-15,Sugar Loaf Energy Storage I,0.011824,logistic-v1,"{""iso"":""NYISO"",""fuel"":""storage"",""mw"":300.0,""queue_year"":2024}",,2029-12-01,"ISO queue terminal status, observed in data/snapshots/",open,,
2026-09-02T12:03:39+00:00,interconnection,"NYISO:C24-362|Amsterdam Solar|Montgomery|Edic - Gordon Road 345 kV, Line 14|2024-10-15",Amsterdam Solar,0.035080,logistic-v1,"{""iso"":""NYISO"",""fuel"":""solar"",""mw"":150.0,""queue_year"":2024}",,2028-09-02,"ISO queue terminal status, observed in data/snapshots/",open,,
2026-09-02T12:03:39+00:00,interconnection,NYISO:C24-363|Town Line Solar CSR Phase I|Sullivan|Coopers Corner to Middletown Tap 345 kV Line|2024-10-15,Town Line Solar CSR Phase I,0.007659,logistic-v1,"{""iso"":""NYISO"",""fuel"":""unknown"",""mw"":240.0,""queue_year"":2024}",,2030-05-01,"ISO queue terminal status, observed in data/snapshots/",open,,
2026-09-02T12:03:39+00:00,interconnection,NYISO:C24-364|Erie Canal BESS|Niagara|Robinson Road 115 kV|2024-10-15,Erie Canal BESS,0.025222,logistic-v1,"{""iso"":""NYISO"",""fuel"":""storage"",""mw"":230.0,""queue_year"":2024}",,2029-02-01,"ISO queue terminal status, observed in data/snapshots/",open,,
2026-09-02T12:03:39+00:00,interconnection,NYISO:C24-366|Azalea Wind 1|Schuyler|Montour Falls to Coddington Road 115kV|2024-10-15,Azalea Wind 1,0.042382,logistic-v1,"{""iso"":""NYISO"",""fuel"":""wind"",""mw"":50.0,""queue_year"":2024}",,2029-12-01,"ISO queue terminal status, observed in data/snapshots/",open,,
2026-09-02T12:03:39+00:00,interconnection,NYISO:C24-370|Azalea Wind 2|Schuyler|Montour Falls to Coddington Road 115kV|2024-10-15,Azalea Wind 2,0.042382,logistic-v1,"{""iso"":""NYISO"",""fuel"":""wind"",""mw"":50.0,""queue_year"":2024}",,2029-12-01,"ISO queue terminal status, observed in data/snapshots/",open,,
2026-09-02T12:03:39+00:00,interconnection,"NYISO:CR24-1002|West Babylon Internal Combustion (IC), Unit 4|Suffolk|West Babylon 13.8 kV|2024-09-27","West Babylon Internal Combustion (IC), Unit 4",0.035024,logistic-v1,"{""iso"":""NYISO"",""fuel"":""unknown"",""mw"":0.0,""queue_year"":2024}",,2032-12-31,"ISO queue terminal status, observed in data/snapshots/",open,,
2026-09-02T12:03:39+00:00,interconnection,NYISO:CR24-1003|Bethlehem Energy Center Uprate|Albany|Albany Steam 115 kV|2024-10-04,Bethlehem Energy Center Uprate,0.210644,logistic-v1,"{""iso"":""NYISO"",""fuel"":""gas"",""mw"":0.0,""queue_year"":2024}",,2028-09-02,"ISO queue terminal status, observed in data/snapshots/",open,,
2026-09-02T12:03:39+00:00,interconnection,NYISO:CR24-1004|Arthur Kill Unit 2 Uprate|Richmond|Freshkills 138kV|2024-10-04,Arthur Kill Unit 2 Uprate,0.137441,logistic-v1,"{""iso"":""NYISO"",""fuel"":""gas"",""mw"":0.0,""queue_year"":2024}",,2032-12-31,"ISO queue terminal status, observed in data/snapshots/",open,,
